{
	"credit": "Made with Blockbench",
	"textures": {
		"4": "block/redstone_torch_off",
		"7": "block/blast_furnace_top",
		"10": "block/comparator",
		"particle": "block/comparator_on"
	},
	"elements": [
		{
			"name": "base",
			"from": [0, 0, 0],
			"to": [16, 2, 16],
			"faces": {
				"north": {"uv": [0, 14, 16, 16], "texture": "#7"},
				"east": {"uv": [0, 14, 16, 16], "texture": "#7"},
				"south": {"uv": [0, 14, 16, 16], "texture": "#7"},
				"west": {"uv": [0, 14, 16, 16], "texture": "#7"},
				"up": {"uv": [0, 0, 16, 16], "texture": "#10"},
				"down": {"uv": [0, 0, 16, 16], "texture": "#7"}
			}
		},
		{
			"from": [7, 3, 2],
			"to": [9, 7, 4],
			"faces": {
				"north": {"uv": [0, 10, 2, 14], "texture": "#4"},
				"east": {"uv": [0, 10, 2, 14], "texture": "#4"},
				"south": {"uv": [0, 10, 2, 14], "texture": "#4"},
				"west": {"uv": [0, 10, 2, 14], "texture": "#4"},
				"up": {"uv": [4, 7, 6, 9], "texture": "#4"},
				"down": {"uv": [4, 7, 6, 9], "texture": "#4"}
			}
		},
		{
			"from": [6.5, 2.5, 2.5],
			"to": [9.5, 7.5, 2.5],
			"faces": {
				"north": {"uv": [11, 9, 14, 14], "texture": "#4"},
				"east": {"uv": [11, 16, 11, 15], "texture": "#4"},
				"south": {"uv": [11, 9, 14, 14], "texture": "#4"},
				"west": {"uv": [11, 16, 11, 15], "texture": "#4"},
				"up": {"uv": [11, 16, 11, 16], "texture": "#4"},
				"down": {"uv": [11, 16, 11, 16], "texture": "#4"}
			}
		},
		{
			"from": [8.5, 2.5, 1.5],
			"to": [8.5, 7.5, 4.5],
			"faces": {
				"north": {"uv": [11, 16, 11, 15], "texture": "#4"},
				"east": {"uv": [11, 9, 14, 14], "texture": "#4"},
				"south": {"uv": [11, 16, 11, 15], "texture": "#4"},
				"west": {"uv": [14, 9, 11, 14], "texture": "#4"},
				"up": {"uv": [11, 16, 11, 16], "texture": "#4"},
				"down": {"uv": [11, 16, 11, 16], "texture": "#4"}
			}
		},
		{
			"from": [7.5, 2.5, 1.5],
			"to": [7.5, 7.5, 4.5],
			"faces": {
				"north": {"uv": [11, 16, 11, 15], "texture": "#4"},
				"east": {"uv": [11, 9, 14, 14], "texture": "#4"},
				"south": {"uv": [11, 16, 11, 15], "texture": "#4"},
				"west": {"uv": [14, 9, 11, 14], "texture": "#4"},
				"up": {"uv": [11, 16, 11, 16], "texture": "#4"},
				"down": {"uv": [11, 16, 11, 16], "texture": "#4"}
			}
		},
		{
			"from": [6.5, 2.5, 3.5],
			"to": [9.5, 7.5, 3.5],
			"faces": {
				"north": {"uv": [11, 9, 14, 14], "texture": "#4"},
				"east": {"uv": [11, 16, 11, 15], "texture": "#4"},
				"south": {"uv": [11, 9, 14, 14], "texture": "#4"},
				"west": {"uv": [11, 16, 11, 15], "texture": "#4"},
				"up": {"uv": [11, 16, 11, 16], "texture": "#4"},
				"down": {"uv": [11, 16, 11, 16], "texture": "#4"}
			}
		},
		{
			"from": [6.5, 2, 1.5],
			"to": [9.5, 3, 4.5],
			"faces": {
				"north": {"uv": [7, 8, 10, 9], "texture": "#4"},
				"east": {"uv": [7, 8, 10, 9], "texture": "#4"},
				"south": {"uv": [7, 8, 10, 9], "texture": "#4"},
				"west": {"uv": [7, 8, 10, 9], "texture": "#4"},
				"up": {"uv": [7, 6, 10, 9], "texture": "#4"},
				"down": {"uv": [7, 9, 10, 6], "texture": "#4"}
			}
		},
		{
			"from": [11.5, 2.5, 10.5],
			"to": [11.5, 8.5, 13.5],
			"faces": {
				"north": {"uv": [11, 16, 11, 15], "texture": "#4"},
				"east": {"uv": [11, 9, 14, 15], "texture": "#4"},
				"south": {"uv": [11, 16, 11, 15], "texture": "#4"},
				"west": {"uv": [14, 9, 11, 15], "texture": "#4"},
				"up": {"uv": [11, 16, 11, 16], "texture": "#4"},
				"down": {"uv": [11, 16, 11, 16], "texture": "#4"}
			}
		},
		{
			"from": [10.5, 2.5, 10.5],
			"to": [10.5, 8.5, 13.5],
			"faces": {
				"north": {"uv": [11, 16, 11, 15], "texture": "#4"},
				"east": {"uv": [11, 9, 14, 15], "texture": "#4"},
				"south": {"uv": [11, 16, 11, 15], "texture": "#4"},
				"west": {"uv": [14, 9, 11, 15], "texture": "#4"},
				"up": {"uv": [11, 16, 11, 16], "texture": "#4"},
				"down": {"uv": [11, 16, 11, 16], "texture": "#4"}
			}
		},
		{
			"from": [9.5, 2.5, 12.5],
			"to": [12.5, 8.5, 12.5],
			"faces": {
				"north": {"uv": [11, 9, 14, 15], "texture": "#4"},
				"east": {"uv": [11, 16, 11, 15], "texture": "#4"},
				"south": {"uv": [11, 9, 14, 15], "texture": "#4"},
				"west": {"uv": [11, 16, 11, 15], "texture": "#4"},
				"up": {"uv": [11, 16, 11, 16], "texture": "#4"},
				"down": {"uv": [11, 16, 11, 16], "texture": "#4"}
			}
		},
		{
			"from": [9.5, 2.5, 11.5],
			"to": [12.5, 8.5, 11.5],
			"faces": {
				"north": {"uv": [11, 9, 14, 15], "texture": "#4"},
				"east": {"uv": [11, 16, 11, 15], "texture": "#4"},
				"south": {"uv": [11, 9, 14, 15], "texture": "#4"},
				"west": {"uv": [11, 16, 11, 15], "texture": "#4"},
				"up": {"uv": [11, 16, 11, 16], "texture": "#4"},
				"down": {"uv": [11, 16, 11, 16], "texture": "#4"}
			}
		},
		{
			"from": [9.5, 2, 10.5],
			"to": [12.5, 3, 13.5],
			"faces": {
				"north": {"uv": [7, 8, 10, 9], "texture": "#4"},
				"east": {"uv": [7, 8, 10, 9], "texture": "#4"},
				"south": {"uv": [7, 8, 10, 9], "texture": "#4"},
				"west": {"uv": [7, 8, 10, 9], "texture": "#4"},
				"up": {"uv": [7, 6, 10, 9], "texture": "#4"},
				"down": {"uv": [7, 9, 10, 6], "texture": "#4"}
			}
		},
		{
			"from": [10, 3, 11],
			"to": [12, 8, 13],
			"faces": {
				"north": {"uv": [0, 10, 2, 15], "texture": "#4"},
				"east": {"uv": [0, 10, 2, 15], "texture": "#4"},
				"south": {"uv": [0, 10, 2, 15], "texture": "#4"},
				"west": {"uv": [0, 10, 2, 15], "texture": "#4"},
				"up": {"uv": [4, 9, 6, 7], "texture": "#4"},
				"down": {"uv": [4, 7, 6, 9], "texture": "#4"}
			}
		},
		{
			"from": [5.5, 2.5, 10.5],
			"to": [5.5, 8.5, 13.5],
			"faces": {
				"north": {"uv": [11, 16, 11, 15], "texture": "#4"},
				"east": {"uv": [11, 9, 14, 15], "texture": "#4"},
				"south": {"uv": [11, 16, 11, 15], "texture": "#4"},
				"west": {"uv": [14, 9, 11, 15], "texture": "#4"},
				"up": {"uv": [11, 16, 11, 16], "texture": "#4"},
				"down": {"uv": [11, 16, 11, 16], "texture": "#4"}
			}
		},
		{
			"from": [4.5, 2.5, 10.5],
			"to": [4.5, 8.5, 13.5],
			"faces": {
				"north": {"uv": [11, 16, 11, 15], "texture": "#4"},
				"east": {"uv": [11, 9, 14, 15], "texture": "#4"},
				"south": {"uv": [11, 16, 11, 15], "texture": "#4"},
				"west": {"uv": [14, 9, 11, 15], "texture": "#4"},
				"up": {"uv": [11, 16, 11, 16], "texture": "#4"},
				"down": {"uv": [11, 16, 11, 16], "texture": "#4"}
			}
		},
		{
			"from": [3.5, 2.5, 12.5],
			"to": [6.5, 8.5, 12.5],
			"faces": {
				"north": {"uv": [11, 9, 14, 15], "texture": "#4"},
				"east": {"uv": [11, 16, 11, 15], "texture": "#4"},
				"south": {"uv": [11, 9, 14, 15], "texture": "#4"},
				"west": {"uv": [11, 16, 11, 15], "texture": "#4"},
				"up": {"uv": [11, 16, 11, 16], "texture": "#4"},
				"down": {"uv": [11, 16, 11, 16], "texture": "#4"}
			}
		},
		{
			"from": [3.5, 2.5, 11.5],
			"to": [6.5, 8.5, 11.5],
			"faces": {
				"north": {"uv": [11, 9, 14, 15], "texture": "#4"},
				"east": {"uv": [11, 16, 11, 15], "texture": "#4"},
				"south": {"uv": [11, 9, 14, 15], "texture": "#4"},
				"west": {"uv": [11, 16, 11, 15], "texture": "#4"},
				"up": {"uv": [11, 16, 11, 16], "texture": "#4"},
				"down": {"uv": [11, 16, 11, 16], "texture": "#4"}
			}
		},
		{
			"from": [3.5, 2, 10.5],
			"to": [6.5, 3, 13.5],
			"faces": {
				"north": {"uv": [7, 8, 10, 9], "texture": "#4"},
				"east": {"uv": [7, 8, 10, 9], "texture": "#4"},
				"south": {"uv": [7, 8, 10, 9], "texture": "#4"},
				"west": {"uv": [7, 8, 10, 9], "texture": "#4"},
				"up": {"uv": [7, 6, 10, 9], "texture": "#4"},
				"down": {"uv": [7, 9, 10, 6], "texture": "#4"}
			}
		},
		{
			"from": [4, 3, 11],
			"to": [6, 8, 13],
			"faces": {
				"north": {"uv": [0, 10, 2, 15], "texture": "#4"},
				"east": {"uv": [0, 10, 2, 15], "texture": "#4"},
				"south": {"uv": [0, 10, 2, 15], "texture": "#4"},
				"west": {"uv": [0, 10, 2, 15], "texture": "#4"},
				"up": {"uv": [4, 9, 6, 7], "texture": "#4"},
				"down": {"uv": [4, 7, 6, 9], "texture": "#4"}
			}
		}
	],
	"display": {
		"thirdperson_righthand": {
			"rotation": [25, 5, 0],
			"translation": [-0.25, 1.75, 0.75],
			"scale": [0.21, 0.2, 0.21]
		},
		"thirdperson_lefthand": {
			"rotation": [25, 5, 0],
			"translation": [-0.25, 1.75, 0.75],
			"scale": [0.21, 0.2, 0.21]
		},
		"firstperson_righthand": {
			"rotation": [2, 8, 4],
			"translation": [0, 5, 0],
			"scale": [0.55, 0.55, 0.55]
		},
		"firstperson_lefthand": {
			"rotation": [2, 8, 4],
			"translation": [0, 5, 0],
			"scale": [0.55, 0.55, 0.55]
		},
		"ground": {
			"translation": [0, 0.25, 0],
			"scale": [0.45, 0.45, 0.45]
		},
		"gui": {
			"rotation": [22, 28, -1],
			"translation": [0, 2.25, 0],
			"scale": [0.84, 0.84, 0.84]
		},
		"head": {
			"rotation": [0, 90, 0],
			"translation": [0, 12.75, 0]
		},
		"fixed": {
			"rotation": [-90, 0, 0],
			"translation": [0, 0, -15],
			"scale": [2, 2, 2]
		}
	},
	"groups": [
		0,
		{
			"name": "tube 1",
			"origin": [8, 8, 8],
			"color": 0,
			"children": [1, 2, 3, 4, 5, 6]
		},
		{
			"name": "tube 2",
			"origin": [8, 8, 8],
			"color": 0,
			"children": [7, 8, 9, 10, 11, 12]
		},
		{
			"name": "tube 3",
			"origin": [8, 8, 8],
			"color": 0,
			"children": [13, 14, 15, 16, 17, 18]
		}
	]
}