{
	"credit": "Made with Blockbench",
	"textures": {
		"2": "block/soul_torch",
		"particle": "block/soul_torch"
	},
	"elements": [
		{
			"from": [6, 0, 6],
			"to": [10, 2, 10],
			"rotation": {"angle": 0, "axis": "y", "origin": [14, 8, 14]},
			"faces": {
				"north": {"uv": [0, 0, 4, 2], "texture": "#2"},
				"east": {"uv": [0, 0, 4, 2], "texture": "#2"},
				"south": {"uv": [0, 0, 4, 2], "texture": "#2"},
				"west": {"uv": [0, 0, 4, 2], "texture": "#2"},
				"up": {"uv": [7, 5, 11, 9], "texture": "#2"},
				"down": {"uv": [7, 5, 11, 9], "texture": "#2"}
			}
		},
		{
			"from": [6.5, 2, 6.5],
			"to": [9.5, 8, 9.5],
			"rotation": {"angle": 0, "axis": "y", "origin": [14.5, 10, 14.5]},
			"faces": {
				"north": {"uv": [0, 10, 3, 16], "texture": "#2"},
				"east": {"uv": [0, 10, 3, 16], "texture": "#2"},
				"south": {"uv": [0, 10, 3, 16], "texture": "#2"},
				"west": {"uv": [0, 10, 3, 16], "texture": "#2"},
				"up": {"uv": [4, 6, 7, 9], "texture": "#2"},
				"down": {"uv": [4, 6, 7, 9], "texture": "#2"}
			}
		},
		{
			"from": [6, 2.75, 6],
			"to": [10, 2.75, 10],
			"rotation": {"angle": 0, "axis": "y", "origin": [14, 10.75, 14]},
			"faces": {
				"north": {"uv": [0, 0, 4, 0], "texture": "#2"},
				"east": {"uv": [0, 0, 4, 0], "texture": "#2"},
				"south": {"uv": [0, 0, 4, 0], "texture": "#2"},
				"west": {"uv": [0, 0, 4, 0], "texture": "#2"},
				"up": {"uv": [0, 5, 4, 9], "texture": "#2"},
				"down": {"uv": [0, 5, 4, 9], "texture": "#2"}
			}
		},
		{
			"from": [6, 7.5, 6],
			"to": [10, 7.5, 10],
			"rotation": {"angle": 0, "axis": "y", "origin": [14, 15.5, 14]},
			"faces": {
				"north": {"uv": [0, 0, 4, 0], "texture": "#2"},
				"east": {"uv": [0, 0, 4, 0], "texture": "#2"},
				"south": {"uv": [0, 0, 4, 0], "texture": "#2"},
				"west": {"uv": [0, 0, 4, 0], "texture": "#2"},
				"up": {"uv": [0, 5, 4, 9], "texture": "#2"},
				"down": {"uv": [0, 5, 4, 9], "texture": "#2"}
			}
		},
		{
			"from": [6, 1.5, 7],
			"to": [10, 8.5, 7],
			"rotation": {"angle": 0, "axis": "y", "origin": [14, 9.5, 15]},
			"faces": {
				"north": {"uv": [3, 9, 7, 16], "texture": "#2"},
				"east": {"uv": [0, 0, 0, 7], "texture": "#2"},
				"south": {"uv": [7, 9, 11, 16], "texture": "#2"},
				"west": {"uv": [0, 0, 0, 7], "texture": "#2"},
				"up": {"uv": [0, 0, 4, 0], "texture": "#2"},
				"down": {"uv": [0, 0, 4, 0], "texture": "#2"}
			}
		},
		{
			"from": [7, 1.5, 6],
			"to": [7, 8.5, 10],
			"rotation": {"angle": 0, "axis": "y", "origin": [15, 9.5, 14]},
			"faces": {
				"north": {"uv": [0, 0, 0, 7], "texture": "#2"},
				"east": {"uv": [7, 9, 11, 16], "texture": "#2"},
				"south": {"uv": [0, 0, 0, 7], "texture": "#2"},
				"west": {"uv": [7, 9, 11, 16], "texture": "#2"},
				"up": {"uv": [0, 0, 0, 4], "texture": "#2"},
				"down": {"uv": [0, 0, 0, 4], "texture": "#2"}
			}
		},
		{
			"from": [9, 1.5, 6],
			"to": [9, 8.5, 10],
			"rotation": {"angle": 0, "axis": "y", "origin": [17, 9.5, 14]},
			"faces": {
				"north": {"uv": [0, 0, 0, 7], "texture": "#2"},
				"east": {"uv": [3, 9, 7, 16], "texture": "#2"},
				"south": {"uv": [0, 0, 0, 7], "texture": "#2"},
				"west": {"uv": [3, 9, 7, 16], "texture": "#2"},
				"up": {"uv": [0, 0, 0, 4], "texture": "#2"},
				"down": {"uv": [0, 0, 0, 4], "texture": "#2"}
			}
		},
		{
			"from": [6, 1.5, 9],
			"to": [10, 8.5, 9],
			"rotation": {"angle": 0, "axis": "y", "origin": [14, 9.5, 17]},
			"faces": {
				"north": {"uv": [7, 9, 11, 16], "texture": "#2"},
				"east": {"uv": [0, 0, 0, 7], "texture": "#2"},
				"south": {"uv": [3, 9, 7, 16], "texture": "#2"},
				"west": {"uv": [0, 0, 0, 7], "texture": "#2"},
				"up": {"uv": [0, 0, 4, 0], "texture": "#2"},
				"down": {"uv": [0, 0, 4, 0], "texture": "#2"}
			}
		}
	],
	"display": {
		"thirdperson_righthand": {
			"rotation": [0, 9, 2],
			"translation": [-0.5, 2.5, -1],
			"scale": [0.85, 0.85, 0.85]
		},
		"thirdperson_lefthand": {
			"rotation": [0, 9, 2],
			"translation": [0, 2.5, -1],
			"scale": [0.85, 0.85, 0.85]
		},
		"firstperson_righthand": {
			"rotation": [-10, -6, 7],
			"translation": [-1.25, 6.5, 2.25],
			"scale": [0.91, 0.91, 0.91]
		},
		"firstperson_lefthand": {
			"rotation": [-10, -6, 7],
			"translation": [-1.25, 6.5, 2.25],
			"scale": [0.91, 0.91, 0.91]
		},
		"ground": {
			"translation": [0, 4.75, 0]
		},
		"gui": {
			"rotation": [18, 70, 0],
			"translation": [0.5, 4, 0],
			"scale": [1.13, 1.13, 1.13]
		},
		"head": {
			"rotation": [-90, 0, 0],
			"translation": [0, -3, -12.5],
			"scale": [0.8, 0.8, 0.8]
		},
		"fixed": {
			"rotation": [-90, 0, 0],
			"translation": [0, 0.75, -10.75],
			"scale": [1.44, 1.44, 1.44]
		}
	}
}