{
	"credit": "Made with Blockbench",
	"textures": {
		"0": "block/kar_k_1",
		"1": "block/kar_k_2",
		"2": "block/kar_k_sight_2",
		"3": "block/black_dura",
		"particle": "block/kar_k_1"
	},
	"elements": [
		{
			"from": [2.25, -0.25, 8.6],
			"to": [13.25, 1.25, 10],
			"rotation": {"angle": 0, "axis": "y", "origin": [8, 8, 17]},
			"faces": {
				"north": {"uv": [0, 0, 11, 1.5], "texture": "#1"},
				"east": {"uv": [0, 0, 1.4, 1.5], "texture": "#1"},
				"south": {"uv": [0, 0, 11, 1.5], "texture": "#1"},
				"west": {"uv": [0, 0, 1.4, 1.5], "texture": "#1"},
				"up": {"uv": [0, 0, 11, 1.4], "texture": "#1"},
				"down": {"uv": [0, 0, 11, 1.4], "texture": "#1"}
			}
		},
		{
			"from": [17.8, -0.05, 15.25],
			"to": [18.5, 1.05, 15.95],
			"rotation": {"angle": 45, "axis": "y", "origin": [10.3, 8, 10.7]},
			"faces": {
				"north": {"uv": [0, 0, 0.7, 1.1], "texture": "#0"},
				"east": {"uv": [0, 0, 0.7, 1.1], "texture": "#0"},
				"south": {"uv": [0, 0, 0.7, 1.1], "texture": "#0"},
				"west": {"uv": [0, 0, 0.7, 1.1], "texture": "#0"},
				"up": {"uv": [0, 0, 0.7, 0.7], "rotation": 90, "texture": "#0"},
				"down": {"uv": [0, 0, 0.7, 0.7], "rotation": 270, "texture": "#0"}
			}
		},
		{
			"from": [1.75, -0.25, 8.6],
			"to": [2.25, 1.25, 10],
			"rotation": {"angle": 0, "axis": "y", "origin": [8, 8, 17]},
			"faces": {
				"north": {"uv": [0, 0, 0.5, 1.5], "texture": "#0"},
				"east": {"uv": [0, 0, 1.4, 1.5], "texture": "#0"},
				"south": {"uv": [0, 0, 0.5, 1.5], "texture": "#0"},
				"west": {"uv": [0, 0, 1.4, 1.5], "texture": "#0"},
				"up": {"uv": [0, 0, 0.5, 1.4], "texture": "#0"},
				"down": {"uv": [0, 0, 0.5, 1.4], "texture": "#0"}
			}
		},
		{
			"from": [-0.25, -0.25, 8.7],
			"to": [1.75, 1.25, 10],
			"rotation": {"angle": 0, "axis": "y", "origin": [6, 8, 17]},
			"faces": {
				"north": {"uv": [0, 0, 2, 1.5], "texture": "#1"},
				"east": {"uv": [0, 0, 1.3, 1.5], "texture": "#1"},
				"south": {"uv": [0, 0, 2, 1.5], "texture": "#1"},
				"west": {"uv": [0, 0, 1.3, 1.5], "texture": "#1"},
				"up": {"uv": [0, 0, 2, 1.3], "texture": "#1"},
				"down": {"uv": [0, 0, 2, 1.3], "texture": "#1"}
			}
		},
		{
			"from": [16.2, 2.3, 8.6],
			"to": [16.7, 2.5, 10],
			"rotation": {"angle": -22.5, "axis": "z", "origin": [11.45, 9.25, 17]},
			"faces": {
				"north": {"uv": [0, 0, 0.5, 0.2], "texture": "#1"},
				"east": {"uv": [0, 0, 1.4, 0.2], "texture": "#1"},
				"south": {"uv": [0, 0, 0.5, 0.2], "texture": "#1"},
				"west": {"uv": [0, 0, 1.4, 0.2], "texture": "#1"},
				"up": {"uv": [0, 0, 0.5, 1.4], "texture": "#1"},
				"down": {"uv": [0, 0, 0.5, 1.4], "texture": "#1"}
			}
		},
		{
			"from": [10.9, -2.55, 8.6],
			"to": [11.4, -2.35, 10],
			"rotation": {"angle": 22.5, "axis": "z", "origin": [6.15, 4.4, 17]},
			"faces": {
				"north": {"uv": [0, 0, 0.5, 0.2], "texture": "#1"},
				"east": {"uv": [0, 0, 1.4, 0.2], "texture": "#1"},
				"south": {"uv": [0, 0, 0.5, 0.2], "texture": "#1"},
				"west": {"uv": [0, 0, 1.4, 0.2], "texture": "#1"},
				"up": {"uv": [0, 0, 0.5, 1.4], "texture": "#1"},
				"down": {"uv": [0, 0, 0.5, 1.4], "texture": "#1"}
			}
		},
		{
			"from": [16.35, 0, 10.15],
			"to": [19.3, 1, 11.6],
			"rotation": {"angle": 22.5, "axis": "y", "origin": [11.3, 8, 18.85]},
			"faces": {
				"north": {"uv": [0, 0, 2.95, 1], "texture": "#1"},
				"east": {"uv": [0, 0, 1.45, 1], "texture": "#1"},
				"south": {"uv": [0, 0, 2.95, 1], "texture": "#1"},
				"west": {"uv": [0, 0, 1.45, 1], "texture": "#1"},
				"up": {"uv": [0, 0, 2.95, 1.45], "texture": "#1"},
				"down": {"uv": [0, 0, 2.95, 1.45], "texture": "#1"}
			}
		},
		{
			"from": [12.45, 0, 5.25],
			"to": [14.55, 1, 6.45],
			"rotation": {"angle": -22.5, "axis": "y", "origin": [7.3, 8, 13.95]},
			"faces": {
				"north": {"uv": [0, 0, 2.1, 1], "texture": "#1"},
				"east": {"uv": [0, 0, 1.2, 1], "texture": "#1"},
				"south": {"uv": [0, 0, 2.1, 1], "texture": "#1"},
				"west": {"uv": [0, 0, 1.2, 1], "texture": "#1"},
				"up": {"uv": [0, 0, 2.1, 1.2], "texture": "#1"},
				"down": {"uv": [0, 0, 2.1, 1.2], "texture": "#1"}
			}
		},
		{
			"from": [16.85, 0, 8.55],
			"to": [22.55, 1, 9.85],
			"rotation": {"angle": 0, "axis": "y", "origin": [11.7, 8, 17.35]},
			"faces": {
				"north": {"uv": [0, 0, 5.7, 1], "texture": "#1"},
				"east": {"uv": [0, 0, 1.3, 1], "texture": "#1"},
				"south": {"uv": [0, 0, 5.7, 1], "texture": "#1"},
				"west": {"uv": [0, 0, 1.3, 1], "texture": "#1"},
				"up": {"uv": [0, 0, 5.7, 1.3], "texture": "#1"},
				"down": {"uv": [0, 0, 5.7, 1.3], "texture": "#1"}
			}
		},
		{
			"from": [17.25, 0.25, 9.85],
			"to": [22.55, 0.75, 9.95],
			"rotation": {"angle": 0, "axis": "y", "origin": [11.7, 8, 17.45]},
			"faces": {
				"north": {"uv": [0, 0, 5.3, 0.5], "texture": "#1"},
				"east": {"uv": [0, 0, 0.1, 0.5], "texture": "#1"},
				"south": {"uv": [0, 0, 5.3, 0.5], "texture": "#1"},
				"west": {"uv": [0, 0, 0.1, 0.5], "texture": "#1"},
				"up": {"uv": [0, 0, 5.3, 0.1], "texture": "#1"},
				"down": {"uv": [0, 0, 5.3, 0.1], "texture": "#1"}
			}
		},
		{
			"from": [19.65, 0, 7.25],
			"to": [22.55, 1, 9.8],
			"rotation": {"angle": 0, "axis": "y", "origin": [14.15, 8, -1.35]},
			"faces": {
				"north": {"uv": [0, 0, 2.9, 1], "texture": "#1"},
				"east": {"uv": [0, 0, 2.55, 1], "texture": "#1"},
				"south": {"uv": [0, 0, 2.9, 1], "texture": "#1"},
				"west": {"uv": [0, 0, 2.55, 1], "texture": "#1"},
				"up": {"uv": [0, 0, 2.55, 2.9], "rotation": 90, "texture": "#1"},
				"down": {"uv": [0, 0, 2.55, 2.9], "rotation": 270, "texture": "#1"}
			}
		},
		{
			"from": [22.55, 0, 7.3],
			"to": [22.8, 1, 9.95],
			"rotation": {"angle": 0, "axis": "y", "origin": [14.35, 8, -1.3]},
			"faces": {
				"north": {"uv": [0, 0, 0.25, 1], "texture": "#0"},
				"east": {"uv": [0, 0, 2.65, 1], "texture": "#0"},
				"south": {"uv": [0, 0, 0.25, 1], "texture": "#0"},
				"west": {"uv": [0, 0, 2.65, 1], "texture": "#0"},
				"up": {"uv": [0, 0, 2.65, 0.25], "rotation": 90, "texture": "#0"},
				"down": {"uv": [0, 0, 2.65, 0.25], "rotation": 270, "texture": "#0"}
			}
		},
		{
			"from": [20.35, 0, 9.65],
			"to": [26.25, 1, 11.05],
			"rotation": {"angle": 22.5, "axis": "y", "origin": [15.2, 8, 18.55]},
			"faces": {
				"north": {"uv": [0, 0, 5.9, 1], "texture": "#1"},
				"east": {"uv": [0, 0, 1.4, 1], "texture": "#1"},
				"south": {"uv": [0, 0, 5.9, 1], "texture": "#1"},
				"west": {"uv": [0, 0, 1.4, 1], "texture": "#1"},
				"up": {"uv": [0, 0, 5.9, 1.4], "texture": "#1"},
				"down": {"uv": [0, 0, 5.9, 1.4], "texture": "#1"}
			}
		},
		{
			"from": [20.35, 0.25, 9.55],
			"to": [26.25, 0.75, 9.65],
			"rotation": {"angle": 22.5, "axis": "y", "origin": [15.2, 8, 18.55]},
			"faces": {
				"north": {"uv": [0, 0, 5.9, 0.5], "texture": "#1"},
				"east": {"uv": [0, 0, 0.1, 0.5], "texture": "#1"},
				"south": {"uv": [0, 0, 5.9, 0.5], "texture": "#1"},
				"west": {"uv": [0, 0, 0.1, 0.5], "texture": "#1"},
				"up": {"uv": [0, 0, 5.9, 0.1], "texture": "#1"},
				"down": {"uv": [0, 0, 5.9, 0.1], "texture": "#1"}
			}
		},
		{
			"from": [26.25, 0, 9.55],
			"to": [26.5, 1, 11.05],
			"rotation": {"angle": 22.5, "axis": "y", "origin": [15.2, 8, 18.55]},
			"faces": {
				"north": {"uv": [0, 0, 0.25, 1], "texture": "#0"},
				"east": {"uv": [0, 0, 1.5, 1], "texture": "#0"},
				"south": {"uv": [0, 0, 0.25, 1], "texture": "#0"},
				"west": {"uv": [0, 0, 1.5, 1], "texture": "#0"},
				"up": {"uv": [0, 0, 0.25, 1.5], "texture": "#0"},
				"down": {"uv": [0, 0, 0.25, 1.5], "texture": "#0"}
			}
		},
		{
			"from": [15.35, 0, 7.75],
			"to": [16.2, 1, 8.2],
			"rotation": {"angle": 0, "axis": "y", "origin": [8.2, 8, 15.45]},
			"faces": {
				"north": {"uv": [0, 0, 0.85, 1], "texture": "#1"},
				"east": {"uv": [0, 0, 0.45, 1], "texture": "#1"},
				"south": {"uv": [0, 0, 0.85, 1], "texture": "#1"},
				"west": {"uv": [0, 0, 0.45, 1], "texture": "#1"},
				"up": {"uv": [0, 0, 0.85, 0.45], "texture": "#1"},
				"down": {"uv": [0, 0, 0.85, 0.45], "texture": "#1"}
			}
		},
		{
			"from": [16.25, 0, 8.15],
			"to": [17.1, 1, 8.6],
			"rotation": {"angle": 0, "axis": "y", "origin": [9.1, 8, 15.85]},
			"faces": {
				"north": {"uv": [0, 0, 0.85, 1], "texture": "#1"},
				"east": {"uv": [0, 0, 0.45, 1], "texture": "#1"},
				"south": {"uv": [0, 0, 0.85, 1], "texture": "#1"},
				"west": {"uv": [0, 0, 0.45, 1], "texture": "#1"},
				"up": {"uv": [0, 0, 0.85, 0.45], "texture": "#1"},
				"down": {"uv": [0, 0, 0.85, 0.45], "texture": "#1"}
			}
		},
		{
			"from": [13.6, 0, 11.3],
			"to": [14.05, 1, 12.15],
			"rotation": {"angle": 22.5, "axis": "y", "origin": [6.35, 8, 4.15]},
			"faces": {
				"north": {"uv": [0, 0, 0.45, 1], "texture": "#1"},
				"east": {"uv": [0, 0, 0.85, 1], "texture": "#1"},
				"south": {"uv": [0, 0, 0.45, 1], "texture": "#1"},
				"west": {"uv": [0, 0, 0.85, 1], "texture": "#1"},
				"up": {"uv": [0, 0, 0.85, 0.45], "rotation": 90, "texture": "#1"},
				"down": {"uv": [0, 0, 0.85, 0.45], "rotation": 270, "texture": "#1"}
			}
		},
		{
			"from": [-1.5, -0.15, 8.8],
			"to": [-0.25, 1.15, 9.9],
			"rotation": {"angle": 0, "axis": "y", "origin": [7.25, 8, 17]},
			"faces": {
				"north": {"uv": [0, 0, 1.25, 1.3], "texture": "#1"},
				"east": {"uv": [0, 0, 1.1, 1.3], "texture": "#1"},
				"south": {"uv": [0, 0, 1.25, 1.3], "texture": "#1"},
				"west": {"uv": [0, 0, 1.1, 1.3], "texture": "#1"},
				"up": {"uv": [0, 0, 1.25, 1.1], "texture": "#1"},
				"down": {"uv": [0, 0, 1.25, 1.1], "texture": "#1"}
			}
		},
		{
			"from": [-2.9, -0.05, 9],
			"to": [-0.1, 1.05, 10],
			"rotation": {"angle": 0, "axis": "y", "origin": [6.1, 8, 17]},
			"faces": {
				"north": {"uv": [0, 0, 2.8, 1.1], "texture": "#0"},
				"east": {"uv": [0, 0, 1, 1.1], "texture": "#0"},
				"south": {"uv": [0, 0, 2.8, 1.1], "texture": "#0"},
				"west": {"uv": [0, 0, 1, 1.1], "texture": "#0"},
				"up": {"uv": [0, 0, 2.8, 1], "texture": "#0"},
				"down": {"uv": [0, 0, 2.8, 1], "texture": "#0"}
			}
		},
		{
			"from": [-7.05, 3.2, 9.1],
			"to": [-6.1, 3.55, 10],
			"rotation": {"angle": 22.5, "axis": "z", "origin": [1.9, 10.5, 17]},
			"faces": {
				"north": {"uv": [0, 0, 0.95, 0.35], "texture": "#0"},
				"east": {"uv": [0, 0, 0.9, 0.35], "texture": "#0"},
				"south": {"uv": [0, 0, 0.95, 0.35], "texture": "#0"},
				"west": {"uv": [0, 0, 0.9, 0.35], "texture": "#0"},
				"up": {"uv": [0, 0, 0.95, 0.9], "texture": "#0"},
				"down": {"uv": [0, 0, 0.95, 0.9], "texture": "#0"}
			}
		},
		{
			"from": [-1.6, -3.65, 9.1],
			"to": [-0.6, -3.3, 10],
			"rotation": {"angle": -22.5, "axis": "z", "origin": [7.4, 3.65, 17]},
			"faces": {
				"north": {"uv": [0, 0, 1, 0.35], "texture": "#0"},
				"east": {"uv": [0, 0, 0.9, 0.35], "texture": "#0"},
				"south": {"uv": [0, 0, 1, 0.35], "texture": "#0"},
				"west": {"uv": [0, 0, 0.9, 0.35], "texture": "#0"},
				"up": {"uv": [0, 0, 1, 0.9], "texture": "#0"},
				"down": {"uv": [0, 0, 1, 0.9], "texture": "#0"}
			}
		},
		{
			"from": [-2.6, 0.15, 8.9],
			"to": [-1, 0.85, 9],
			"rotation": {"angle": 0, "axis": "y", "origin": [6.1, 8, 17.2]},
			"faces": {
				"north": {"uv": [0, 0, 1.6, 0.7], "texture": "#0"},
				"east": {"uv": [0, 0, 0.1, 0.7], "texture": "#0"},
				"south": {"uv": [0, 0, 1.6, 0.7], "texture": "#0"},
				"west": {"uv": [0, 0, 0.1, 0.7], "texture": "#0"},
				"up": {"uv": [0, 0, 1.6, 0.1], "texture": "#0"},
				"down": {"uv": [0, 0, 1.6, 0.1], "texture": "#0"}
			}
		},
		{
			"from": [-4.8, 0.45, 9.1],
			"to": [-2.9, 0.55, 10.1],
			"rotation": {"angle": 0, "axis": "y", "origin": [4.2, 8, 17]},
			"faces": {
				"north": {"uv": [0, 0, 1.9, 0.1], "texture": "#0"},
				"east": {"uv": [0, 0, 1, 0.1], "texture": "#0"},
				"south": {"uv": [0, 0, 1.9, 0.1], "texture": "#0"},
				"west": {"uv": [0, 0, 1, 0.1], "texture": "#0"},
				"up": {"uv": [0, 0, 1.9, 1], "texture": "#0"},
				"down": {"uv": [0, 0, 1.9, 1], "texture": "#0"}
			}
		},
		{
			"from": [-3.7, 0.35, 9.1],
			"to": [-2.9, 0.65, 10],
			"rotation": {"angle": 0, "axis": "y", "origin": [4.2, 8, 17]},
			"faces": {
				"north": {"uv": [0, 0, 0.8, 0.3], "texture": "#0"},
				"east": {"uv": [0, 0, 1, 0.3], "texture": "#0"},
				"south": {"uv": [0, 0, 0.8, 0.3], "texture": "#0"},
				"west": {"uv": [0, 0, 1, 0.3], "texture": "#0"},
				"up": {"uv": [0, 0, 0.8, 1], "texture": "#0"},
				"down": {"uv": [0, 0, 0.8, 1], "texture": "#0"}
			}
		},
		{
			"from": [-6.3, 0.45, 9.1],
			"to": [-4.8, 0.55, 9.2],
			"rotation": {"angle": 0, "axis": "y", "origin": [2.3, 8, 17.3]},
			"faces": {
				"north": {"uv": [0, 0, 1.5, 0.1], "texture": "#0"},
				"east": {"uv": [0, 0, 0.1, 0.1], "texture": "#0"},
				"south": {"uv": [0, 0, 1.5, 0.1], "texture": "#0"},
				"west": {"uv": [0, 0, 0.1, 0.1], "texture": "#0"},
				"up": {"uv": [0, 0, 1.5, 0.1], "texture": "#0"},
				"down": {"uv": [0, 0, 1.5, 0.1], "texture": "#0"}
			}
		},
		{
			"from": [-6.3, 0.4, 9.05],
			"to": [-5.8, 0.6, 9.25],
			"rotation": {"angle": 0, "axis": "y", "origin": [2.3, 8, 17.3]},
			"faces": {
				"north": {"uv": [0, 0, 0.5, 0.2], "texture": "#0"},
				"east": {"uv": [0, 0, 0.2, 0.2], "texture": "#0"},
				"south": {"uv": [0, 0, 0.5, 0.2], "texture": "#0"},
				"west": {"uv": [0, 0, 0.2, 0.2], "texture": "#0"},
				"up": {"uv": [0, 0, 0.5, 0.2], "texture": "#0"},
				"down": {"uv": [0, 0, 0.5, 0.2], "texture": "#0"}
			}
		},
		{
			"from": [-8.3, -7.1, 13],
			"to": [2, -6.7, 13.4],
			"rotation": {"angle": 45, "axis": "x", "origin": [6.1, 0.75, 20.5]},
			"faces": {
				"north": {"uv": [0, 0, 10.3, 0.4], "texture": "#0"},
				"east": {"uv": [0, 0, 0.4, 0.4], "texture": "#0"},
				"south": {"uv": [0, 0, 10.3, 0.4], "texture": "#0"},
				"west": {"uv": [0, 0, 0.4, 0.4], "texture": "#0"},
				"up": {"uv": [0, 0, 10.3, 0.4], "texture": "#0"},
				"down": {"uv": [0, 0, 10.3, 0.4], "texture": "#0"}
			}
		},
		{
			"from": [-8.1, -7.15, 12.95],
			"to": [-7.3, -6.65, 13.45],
			"rotation": {"angle": 45, "axis": "x", "origin": [6.1, 0.75, 20.5]},
			"faces": {
				"north": {"uv": [0, 0, 0.8, 0.5], "texture": "#0"},
				"east": {"uv": [0, 0, 0.5, 0.5], "texture": "#0"},
				"south": {"uv": [0, 0, 0.8, 0.5], "texture": "#0"},
				"west": {"uv": [0, 0, 0.5, 0.5], "texture": "#0"},
				"up": {"uv": [0, 0, 0.8, 0.5], "texture": "#0"},
				"down": {"uv": [0, 0, 0.8, 0.5], "texture": "#0"}
			}
		},
		{
			"from": [1.75, 0, 10],
			"to": [2.25, 1, 10.25],
			"rotation": {"angle": 0, "axis": "y", "origin": [8, 8, 17.3]},
			"faces": {
				"north": {"uv": [0, 0, 0.5, 1], "texture": "#0"},
				"east": {"uv": [0, 0, 0.25, 1], "texture": "#0"},
				"south": {"uv": [0, 0, 0.5, 1], "texture": "#0"},
				"west": {"uv": [0, 0, 0.25, 1], "texture": "#0"},
				"up": {"uv": [0, 0, 0.5, 0.25], "texture": "#0"},
				"down": {"uv": [0, 0, 0.5, 0.25], "texture": "#0"}
			}
		},
		{
			"from": [2.25, 0, 10],
			"to": [4.5, 1, 10.25],
			"rotation": {"angle": 0, "axis": "y", "origin": [8.5, 8, 17.3]},
			"faces": {
				"north": {"uv": [0, 0, 2.25, 1], "texture": "#1"},
				"east": {"uv": [0, 0, 0.25, 1], "texture": "#1"},
				"south": {"uv": [0, 0, 2.25, 1], "texture": "#1"},
				"west": {"uv": [0, 0, 0.25, 1], "texture": "#1"},
				"up": {"uv": [0, 0, 2.25, 0.25], "texture": "#1"},
				"down": {"uv": [0, 0, 2.25, 0.25], "texture": "#1"}
			}
		},
		{
			"from": [4.5, -0.05, 10],
			"to": [6.75, 1.05, 10.35],
			"rotation": {"angle": 0, "axis": "y", "origin": [10.75, 8, 17.3]},
			"faces": {
				"north": {"uv": [0, 0, 2.25, 1.1], "texture": "#0"},
				"east": {"uv": [0, 0, 0.35, 1.1], "texture": "#0"},
				"south": {"uv": [0, 0, 2.25, 1.1], "texture": "#0"},
				"west": {"uv": [0, 0, 0.35, 1.1], "texture": "#0"},
				"up": {"uv": [0, 0, 2.25, 0.35], "texture": "#0"},
				"down": {"uv": [0, 0, 2.25, 0.35], "texture": "#0"}
			}
		},
		{
			"from": [11.4, -0.05, 10],
			"to": [13.85, 1.05, 10.35],
			"rotation": {"angle": 0, "axis": "y", "origin": [18.15, 8, 17.3]},
			"faces": {
				"north": {"uv": [0, 0, 2.45, 1.1], "texture": "#0"},
				"east": {"uv": [0, 0, 0.35, 1.1], "texture": "#0"},
				"south": {"uv": [0, 0, 2.45, 1.1], "texture": "#0"},
				"west": {"uv": [0, 0, 0.35, 1.1], "texture": "#0"},
				"up": {"uv": [0, 0, 2.45, 0.35], "texture": "#0"},
				"down": {"uv": [0, 0, 2.45, 0.35], "texture": "#0"}
			}
		},
		{
			"from": [11.8, 3.35, 12.05],
			"to": [12.3, 3.85, 12.5],
			"rotation": {"angle": 22.5, "axis": "x", "origin": [17.5, 10.75, 5.55]},
			"faces": {
				"north": {"uv": [0, 0, 0.5, 0.5], "rotation": 180, "texture": "#0"},
				"east": {"uv": [0, 0, 0.5, 0.45], "rotation": 90, "texture": "#0"},
				"south": {"uv": [0, 0, 0.5, 0.5], "texture": "#0"},
				"west": {"uv": [0, 0, 0.5, 0.45], "rotation": 270, "texture": "#0"},
				"up": {"uv": [0, 0, 0.5, 0.45], "texture": "#0"},
				"down": {"uv": [0, 0, 0.5, 0.45], "rotation": 180, "texture": "#0"}
			}
		},
		{
			"from": [11.9, 3.45, 12.5],
			"to": [12.2, 3.75, 13.6],
			"rotation": {"angle": 22.5, "axis": "x", "origin": [17.5, 10.75, 5.55]},
			"faces": {
				"north": {"uv": [0, 0, 0.3, 0.3], "rotation": 180, "texture": "#0"},
				"east": {"uv": [0, 0, 0.3, 1.1], "rotation": 90, "texture": "#0"},
				"south": {"uv": [0, 0, 0.3, 0.3], "texture": "#0"},
				"west": {"uv": [0, 0, 0.3, 1.1], "rotation": 270, "texture": "#0"},
				"up": {"uv": [0, 0, 0.3, 1.1], "texture": "#0"},
				"down": {"uv": [0, 0, 0.3, 1.1], "rotation": 180, "texture": "#0"}
			}
		},
		{
			"from": [11.9, 0.1, 10.05],
			"to": [12.2, 1.2, 10.25],
			"rotation": {"angle": 0, "axis": "x", "origin": [17.5, 8.15, 17.35]},
			"faces": {
				"north": {"uv": [0, 0, 0.3, 1.1], "texture": "#0"},
				"east": {"uv": [0, 0, 0.2, 1.1], "texture": "#0"},
				"south": {"uv": [0, 0, 0.3, 1.1], "texture": "#0"},
				"west": {"uv": [0, 0, 0.2, 1.1], "texture": "#0"},
				"up": {"uv": [0, 0, 0.3, 0.2], "texture": "#0"},
				"down": {"uv": [0, 0, 0.3, 0.2], "texture": "#0"}
			}
		},
		{
			"from": [13.5, 0.05, 10.35],
			"to": [13.85, 0.95, 10.4],
			"rotation": {"angle": 0, "axis": "y", "origin": [18.15, 8, 17.35]},
			"faces": {
				"north": {"uv": [0, 0, 0.35, 0.9], "texture": "#0"},
				"east": {"uv": [0, 0, 0.05, 0.9], "texture": "#0"},
				"south": {"uv": [0, 0, 0.35, 0.9], "texture": "#0"},
				"west": {"uv": [0, 0, 0.05, 0.9], "texture": "#0"},
				"up": {"uv": [0, 0, 0.35, 0.05], "texture": "#0"},
				"down": {"uv": [0, 0, 0.35, 0.05], "texture": "#0"}
			}
		},
		{
			"from": [13.5, 0.05, 10.35],
			"to": [13.85, 0.25, 10.6],
			"rotation": {"angle": 0, "axis": "y", "origin": [18.15, 7.9, 17.65]},
			"faces": {
				"north": {"uv": [0, 0, 0.35, 0.2], "texture": "#0"},
				"east": {"uv": [0, 0, 0.25, 0.2], "texture": "#0"},
				"south": {"uv": [0, 0, 0.35, 0.2], "texture": "#0"},
				"west": {"uv": [0, 0, 0.25, 0.2], "texture": "#0"},
				"up": {"uv": [0, 0, 0.35, 0.25], "texture": "#0"},
				"down": {"uv": [0, 0, 0.35, 0.25], "texture": "#0"}
			}
		},
		{
			"from": [13.5, 0.75, 10.35],
			"to": [13.85, 0.95, 10.6],
			"rotation": {"angle": 0, "axis": "y", "origin": [18.15, 8.6, 17.65]},
			"faces": {
				"north": {"uv": [0, 0, 0.35, 0.2], "texture": "#0"},
				"east": {"uv": [0, 0, 0.25, 0.2], "texture": "#0"},
				"south": {"uv": [0, 0, 0.35, 0.2], "texture": "#0"},
				"west": {"uv": [0, 0, 0.25, 0.2], "texture": "#0"},
				"up": {"uv": [0, 0, 0.35, 0.25], "texture": "#0"},
				"down": {"uv": [0, 0, 0.35, 0.25], "texture": "#0"}
			}
		},
		{
			"from": [13.5, 3.45, 2.6],
			"to": [13.85, 3.65, 2.95],
			"rotation": {"angle": -45, "axis": "x", "origin": [18.15, 11.3, 10]},
			"faces": {
				"north": {"uv": [0, 0, 0.35, 0.2], "texture": "#0"},
				"east": {"uv": [0, 0, 0.35, 0.2], "texture": "#0"},
				"south": {"uv": [0, 0, 0.35, 0.2], "texture": "#0"},
				"west": {"uv": [0, 0, 0.35, 0.2], "texture": "#0"},
				"up": {"uv": [0, 0, 0.35, 0.35], "texture": "#0"},
				"down": {"uv": [0, 0, 0.35, 0.35], "texture": "#0"}
			}
		},
		{
			"from": [13.5, -7.2, 13.55],
			"to": [13.85, -7, 13.9],
			"rotation": {"angle": 45, "axis": "x", "origin": [18.15, 0.65, 20.95]},
			"faces": {
				"north": {"uv": [0, 0, 0.35, 0.2], "texture": "#0"},
				"east": {"uv": [0, 0, 0.35, 0.2], "texture": "#0"},
				"south": {"uv": [0, 0, 0.35, 0.2], "texture": "#0"},
				"west": {"uv": [0, 0, 0.35, 0.2], "texture": "#0"},
				"up": {"uv": [0, 0, 0.35, 0.35], "texture": "#0"},
				"down": {"uv": [0, 0, 0.35, 0.35], "texture": "#0"}
			}
		},
		{
			"from": [8.9, 0.05, 10],
			"to": [10.05, 0.95, 10.35],
			"rotation": {"angle": 0, "axis": "y", "origin": [15.15, 8, 17.3]},
			"faces": {
				"north": {"uv": [0, 0, 1.15, 0.9], "texture": "#0"},
				"east": {"uv": [0, 0, 0.35, 0.9], "texture": "#0"},
				"south": {"uv": [0, 0, 1.15, 0.9], "texture": "#0"},
				"west": {"uv": [0, 0, 0.35, 0.9], "texture": "#0"},
				"up": {"uv": [0, 0, 1.15, 0.35], "texture": "#0"},
				"down": {"uv": [0, 0, 1.15, 0.35], "texture": "#0"}
			}
		},
		{
			"from": [6.75, 0.15, 10],
			"to": [9, 0.85, 10.25],
			"rotation": {"angle": 0, "axis": "y", "origin": [13, 8, 17.3]},
			"faces": {
				"north": {"uv": [0, 0, 2.25, 0.7], "texture": "#0"},
				"east": {"uv": [0, 0, 0.25, 0.7], "texture": "#0"},
				"south": {"uv": [0, 0, 2.25, 0.7], "texture": "#0"},
				"west": {"uv": [0, 0, 0.25, 0.7], "texture": "#0"},
				"up": {"uv": [0, 0, 2.25, 0.25], "texture": "#0"},
				"down": {"uv": [0, 0, 2.25, 0.25], "texture": "#0"}
			}
		},
		{
			"from": [9.75, 0.15, 10],
			"to": [12, 0.85, 10.25],
			"rotation": {"angle": 0, "axis": "y", "origin": [16, 8, 17.3]},
			"faces": {
				"north": {"uv": [0, 0, 2.25, 0.7], "texture": "#0"},
				"east": {"uv": [0, 0, 0.25, 0.7], "texture": "#0"},
				"south": {"uv": [0, 0, 2.25, 0.7], "texture": "#0"},
				"west": {"uv": [0, 0, 0.25, 0.7], "texture": "#0"},
				"up": {"uv": [0, 0, 2.25, 0.25], "texture": "#0"},
				"down": {"uv": [0, 0, 2.25, 0.25], "texture": "#0"}
			}
		},
		{
			"from": [-0.25, 0, 10],
			"to": [1.75, 1, 10.25],
			"rotation": {"angle": 0, "axis": "y", "origin": [6, 8, 17.3]},
			"faces": {
				"north": {"uv": [0, 0, 2, 1], "texture": "#1"},
				"east": {"uv": [0, 0, 0.25, 1], "texture": "#1"},
				"south": {"uv": [0, 0, 2, 1], "texture": "#1"},
				"west": {"uv": [0, 0, 0.25, 1], "texture": "#1"},
				"up": {"uv": [0, 0, 2, 0.25], "texture": "#1"},
				"down": {"uv": [0, 0, 2, 0.25], "texture": "#1"}
			}
		},
		{
			"from": [-11.3, 0.2, 9.5],
			"to": [-8.1, 0.8, 9.8],
			"rotation": {"angle": 0, "axis": "y", "origin": [-3.85, 8, 17.3]},
			"faces": {
				"north": {"uv": [0, 0, 2, 1], "texture": "#2"},
				"east": {"uv": [0, 0, 0.25, 1], "texture": "#2"},
				"south": {"uv": [0, 0, 2, 1], "texture": "#2"},
				"west": {"uv": [0, 0, 0.25, 1], "texture": "#2"},
				"up": {"uv": [0, 0, 2, 0.25], "texture": "#2"},
				"down": {"uv": [0, 0, 2, 0.25], "texture": "#2"}
			}
		},
		{
			"from": [-11.3, 0.2, 10.2],
			"to": [-8.1, 0.8, 10.45],
			"rotation": {"angle": 0, "axis": "y", "origin": [-3.85, 8, 17.3]},
			"faces": {
				"north": {"uv": [0, 0, 2, 1], "texture": "#2"},
				"east": {"uv": [0, 0, 0.25, 1], "texture": "#2"},
				"south": {"uv": [0, 0, 2, 1], "texture": "#2"},
				"west": {"uv": [0, 0, 0.25, 1], "texture": "#2"},
				"up": {"uv": [0, 0, 2, 0.25], "texture": "#2"},
				"down": {"uv": [0, 0, 2, 0.25], "texture": "#2"}
			}
		},
		{
			"from": [-11.3, 3.5, 2.8],
			"to": [-8.1, 3.75, 3.15],
			"rotation": {"angle": -45, "axis": "x", "origin": [-3.85, 10.95, 10.05]},
			"faces": {
				"north": {"uv": [0, 0, 2, 1], "texture": "#2"},
				"east": {"uv": [0, 0, 0.25, 1], "texture": "#2"},
				"south": {"uv": [0, 0, 2, 1], "texture": "#2"},
				"west": {"uv": [0, 0, 0.25, 1], "texture": "#2"},
				"up": {"uv": [0, 0, 2, 0.25], "texture": "#2"},
				"down": {"uv": [0, 0, 2, 0.25], "texture": "#2"}
			}
		},
		{
			"from": [-11.3, 2.9, 2.3],
			"to": [-8.1, 3.2, 2.7],
			"rotation": {"angle": -45, "axis": "x", "origin": [-3.85, 10.4, 9.5]},
			"faces": {
				"north": {"uv": [0, 0, 2, 1], "texture": "#2"},
				"east": {"uv": [0, 0, 0.25, 1], "texture": "#2"},
				"south": {"uv": [0, 0, 2, 1], "texture": "#2"},
				"west": {"uv": [0, 0, 0.25, 1], "texture": "#2"},
				"up": {"uv": [0, 0, 2, 0.25], "texture": "#2"},
				"down": {"uv": [0, 0, 2, 0.25], "texture": "#2"}
			}
		},
		{
			"from": [-11.3, 2.8, 2.9],
			"to": [-8.1, 3.15, 3.2],
			"rotation": {"angle": -45, "axis": "x", "origin": [-3.85, 10.25, 9.95]},
			"faces": {
				"north": {"uv": [0, 0, 2, 1], "texture": "#2"},
				"east": {"uv": [0, 0, 0.25, 1], "texture": "#2"},
				"south": {"uv": [0, 0, 2, 1], "texture": "#2"},
				"west": {"uv": [0, 0, 0.25, 1], "texture": "#2"},
				"up": {"uv": [0, 0, 2, 0.25], "texture": "#2"},
				"down": {"uv": [0, 0, 2, 0.25], "texture": "#2"}
			}
		},
		{
			"from": [-11.3, 3.25, 2.3],
			"to": [-8.1, 3.65, 2.6],
			"rotation": {"angle": -45, "axis": "x", "origin": [-3.85, 10.9, 9.35]},
			"faces": {
				"north": {"uv": [0, 0, 2, 1], "texture": "#2"},
				"east": {"uv": [0, 0, 0.25, 1], "texture": "#2"},
				"south": {"uv": [0, 0, 2, 1], "texture": "#2"},
				"west": {"uv": [0, 0, 0.25, 1], "texture": "#2"},
				"up": {"uv": [0, 0, 2, 0.25], "texture": "#2"},
				"down": {"uv": [0, 0, 2, 0.25], "texture": "#2"}
			}
		},
		{
			"from": [-11.3, 0.7, 9.7],
			"to": [-8.1, 1, 10.25],
			"rotation": {"angle": 0, "axis": "y", "origin": [-3.85, 8, 17.3]},
			"faces": {
				"north": {"uv": [0, 0, 2, 1], "texture": "#2"},
				"east": {"uv": [0, 0, 0.25, 1], "texture": "#2"},
				"south": {"uv": [0, 0, 2, 1], "texture": "#2"},
				"west": {"uv": [0, 0, 0.25, 1], "texture": "#2"},
				"up": {"uv": [0, 0, 2, 0.25], "texture": "#2"},
				"down": {"uv": [0, 0, 2, 0.25], "texture": "#2"}
			}
		},
		{
			"from": [-10.8, 0.3, 9.8],
			"to": [-8.1, 0.7, 10.25],
			"rotation": {"angle": 0, "axis": "y", "origin": [-3.85, 7.7, 17.3]},
			"faces": {
				"north": {"uv": [0, 0, 2, 1], "texture": "#3"},
				"east": {"uv": [0, 0, 0.25, 1], "texture": "#3"},
				"south": {"uv": [0, 0, 2, 1], "texture": "#3"},
				"west": {"uv": [0, 0, 0.25, 1], "texture": "#3"},
				"up": {"uv": [0, 0, 2, 0.25], "texture": "#3"},
				"down": {"uv": [0, 0, 2, 0.25], "texture": "#3"}
			}
		},
		{
			"from": [-11.3, 0, 9.7],
			"to": [-8.1, 0.3, 10.25],
			"rotation": {"angle": 0, "axis": "y", "origin": [-3.85, 8, 17.3]},
			"faces": {
				"north": {"uv": [0, 0, 2, 1], "texture": "#2"},
				"east": {"uv": [0, 0, 0.25, 1], "texture": "#2"},
				"south": {"uv": [0, 0, 2, 1], "texture": "#2"},
				"west": {"uv": [0, 0, 0.25, 1], "texture": "#2"},
				"up": {"uv": [0, 0, 2, 0.25], "texture": "#2"},
				"down": {"uv": [0, 0, 2, 0.25], "texture": "#2"}
			}
		},
		{
			"from": [-8.1, 0.45, 10.1],
			"to": [-7.45, 0.55, 10.75],
			"rotation": {"angle": 0, "axis": "y", "origin": [0.15, 8, 17.4]},
			"faces": {
				"north": {"uv": [0, 0, 0.65, 0.1], "texture": "#0"},
				"east": {"uv": [0, 0, 0.65, 0.1], "texture": "#0"},
				"south": {"uv": [0, 0, 0.65, 0.1], "texture": "#0"},
				"west": {"uv": [0, 0, 0.65, 0.1], "texture": "#0"},
				"up": {"uv": [0, 0, 0.65, 0.65], "texture": "#0"},
				"down": {"uv": [0, 0, 0.65, 0.65], "texture": "#0"}
			}
		},
		{
			"from": [8.35, 0, 8.45],
			"to": [13.75, 1, 8.6],
			"rotation": {"angle": 0, "axis": "y", "origin": [8, 8, 15.65]},
			"faces": {
				"north": {"uv": [0, 0, 5.4, 1], "texture": "#1"},
				"east": {"uv": [0, 0, 0.15, 1], "texture": "#1"},
				"south": {"uv": [0, 0, 5.4, 1], "texture": "#1"},
				"west": {"uv": [0, 0, 0.15, 1], "texture": "#1"},
				"up": {"uv": [0, 0, 5.4, 0.15], "texture": "#1"},
				"down": {"uv": [0, 0, 5.4, 0.15], "texture": "#1"}
			}
		},
		{
			"from": [4.55, 0, 8.5],
			"to": [8.3, 1, 8.65],
			"rotation": {"angle": 0, "axis": "y", "origin": [6.9, 8, 15.7]},
			"faces": {
				"north": {"uv": [0, 0, 3.75, 1], "texture": "#1"},
				"east": {"uv": [0, 0, 0.15, 1], "texture": "#1"},
				"south": {"uv": [0, 0, 3.75, 1], "texture": "#1"},
				"west": {"uv": [0, 0, 0.15, 1], "texture": "#1"},
				"up": {"uv": [0, 0, 3.75, 0.15], "texture": "#1"},
				"down": {"uv": [0, 0, 3.75, 0.15], "texture": "#1"}
			}
		},
		{
			"from": [13.05, 0.45, 7.7],
			"to": [13.2, 0.55, 8.45],
			"rotation": {"angle": 0, "axis": "y", "origin": [11.9, 8, 15.5]},
			"faces": {
				"north": {"uv": [0, 0, 0.15, 0.1], "texture": "#0"},
				"east": {"uv": [0, 0, 0.75, 0.1], "texture": "#0"},
				"south": {"uv": [0, 0, 0.15, 0.1], "texture": "#0"},
				"west": {"uv": [0, 0, 0.75, 0.1], "texture": "#0"},
				"up": {"uv": [0, 0, 0.15, 0.75], "texture": "#0"},
				"down": {"uv": [0, 0, 0.15, 0.75], "texture": "#0"}
			}
		},
		{
			"from": [12.55, 0.45, 8.1],
			"to": [12.7, 0.55, 8.45],
			"rotation": {"angle": 0, "axis": "y", "origin": [11.4, 8, 15.5]},
			"faces": {
				"north": {"uv": [0, 0, 0.15, 0.1], "texture": "#0"},
				"east": {"uv": [0, 0, 0.35, 0.1], "texture": "#0"},
				"south": {"uv": [0, 0, 0.15, 0.1], "texture": "#0"},
				"west": {"uv": [0, 0, 0.35, 0.1], "texture": "#0"},
				"up": {"uv": [0, 0, 0.15, 0.35], "texture": "#0"},
				"down": {"uv": [0, 0, 0.15, 0.35], "texture": "#0"}
			}
		},
		{
			"from": [11.75, 0.45, 7.6],
			"to": [13.1, 0.55, 7.75],
			"rotation": {"angle": 0, "axis": "y", "origin": [19.9, 8, 8.9]},
			"faces": {
				"north": {"uv": [0, 0, 1.35, 0.1], "texture": "#0"},
				"east": {"uv": [0, 0, 0.15, 0.1], "texture": "#0"},
				"south": {"uv": [0, 0, 1.35, 0.1], "texture": "#0"},
				"west": {"uv": [0, 0, 0.15, 0.1], "texture": "#0"},
				"up": {"uv": [0, 0, 0.15, 1.35], "rotation": 270, "texture": "#0"},
				"down": {"uv": [0, 0, 0.15, 1.35], "rotation": 90, "texture": "#0"}
			}
		},
		{
			"from": [18.4, 0.45, 6.45],
			"to": [18.55, 0.55, 6.55],
			"rotation": {"angle": 45, "axis": "y", "origin": [17.25, 8, 13.6]},
			"faces": {
				"north": {"uv": [0, 0, 0.15, 0.1], "texture": "#0"},
				"east": {"uv": [0, 0, 0.1, 0.1], "texture": "#0"},
				"south": {"uv": [0, 0, 0.15, 0.1], "texture": "#0"},
				"west": {"uv": [0, 0, 0.1, 0.1], "texture": "#0"},
				"up": {"uv": [0, 0, 0.15, 0.1], "texture": "#0"},
				"down": {"uv": [0, 0, 0.15, 0.1], "texture": "#0"}
			}
		},
		{
			"from": [15.35, 0.45, 7.85],
			"to": [15.5, 0.55, 8.05],
			"rotation": {"angle": 22.5, "axis": "y", "origin": [14.2, 8, 15.1]},
			"faces": {
				"north": {"uv": [0, 0, 0.15, 0.1], "texture": "#0"},
				"east": {"uv": [0, 0, 0.2, 0.1], "texture": "#0"},
				"south": {"uv": [0, 0, 0.15, 0.1], "texture": "#0"},
				"west": {"uv": [0, 0, 0.2, 0.1], "texture": "#0"},
				"up": {"uv": [0, 0, 0.15, 0.2], "texture": "#0"},
				"down": {"uv": [0, 0, 0.15, 0.2], "texture": "#0"}
			}
		},
		{
			"from": [18.4, 0.45, 7.2],
			"to": [18.55, 0.55, 7.35],
			"rotation": {"angle": 45, "axis": "y", "origin": [17.25, 8, 14.4]},
			"faces": {
				"north": {"uv": [0, 0, 0.15, 0.1], "texture": "#0"},
				"east": {"uv": [0, 0, 0.15, 0.1], "texture": "#0"},
				"south": {"uv": [0, 0, 0.15, 0.1], "texture": "#0"},
				"west": {"uv": [0, 0, 0.15, 0.1], "texture": "#0"},
				"up": {"uv": [0, 0, 0.15, 0.15], "texture": "#0"},
				"down": {"uv": [0, 0, 0.15, 0.15], "texture": "#0"}
			}
		},
		{
			"from": [17.1, 0.45, 7.2],
			"to": [17.25, 0.55, 7.35],
			"rotation": {"angle": 45, "axis": "y", "origin": [15.95, 8, 14.4]},
			"faces": {
				"north": {"uv": [0, 0, 0.15, 0.1], "texture": "#0"},
				"east": {"uv": [0, 0, 0.15, 0.1], "texture": "#0"},
				"south": {"uv": [0, 0, 0.15, 0.1], "texture": "#0"},
				"west": {"uv": [0, 0, 0.15, 0.1], "texture": "#0"},
				"up": {"uv": [0, 0, 0.15, 0.15], "texture": "#0"},
				"down": {"uv": [0, 0, 0.15, 0.15], "texture": "#0"}
			}
		},
		{
			"from": [17.1, 0.45, 6.4],
			"to": [17.2, 0.55, 6.55],
			"rotation": {"angle": 45, "axis": "y", "origin": [15.95, 8, 13.6]},
			"faces": {
				"north": {"uv": [0, 0, 0.1, 0.1], "texture": "#0"},
				"east": {"uv": [0, 0, 0.15, 0.1], "texture": "#0"},
				"south": {"uv": [0, 0, 0.1, 0.1], "texture": "#0"},
				"west": {"uv": [0, 0, 0.15, 0.1], "texture": "#0"},
				"up": {"uv": [0, 0, 0.1, 0.15], "texture": "#0"},
				"down": {"uv": [0, 0, 0.1, 0.15], "texture": "#0"}
			}
		},
		{
			"from": [11.65, 0.45, 7.7],
			"to": [11.8, 0.55, 8.45],
			"rotation": {"angle": 0, "axis": "y", "origin": [10.5, 8, 15.5]},
			"faces": {
				"north": {"uv": [0, 0, 0.15, 0.1], "texture": "#0"},
				"east": {"uv": [0, 0, 0.75, 0.1], "texture": "#0"},
				"south": {"uv": [0, 0, 0.15, 0.1], "texture": "#0"},
				"west": {"uv": [0, 0, 0.75, 0.1], "texture": "#0"},
				"up": {"uv": [0, 0, 0.15, 0.75], "texture": "#0"},
				"down": {"uv": [0, 0, 0.15, 0.75], "texture": "#0"}
			}
		},
		{
			"from": [10.25, 0, 6.6],
			"to": [10.85, 1, 6.75],
			"rotation": {"angle": 22.5, "axis": "y", "origin": [14.25, 8, 13.8]},
			"faces": {
				"north": {"uv": [0, 0, 0.6, 1], "texture": "#1"},
				"east": {"uv": [0, 0, 0.15, 1], "texture": "#1"},
				"south": {"uv": [0, 0, 0.6, 1], "texture": "#1"},
				"west": {"uv": [0, 0, 0.15, 1], "texture": "#1"},
				"up": {"uv": [0, 0, 0.6, 0.15], "texture": "#1"},
				"down": {"uv": [0, 0, 0.6, 0.15], "texture": "#1"}
			}
		},
		{
			"from": [1.75, 3.8, 2.75],
			"to": [2.25, 4.15, 3.05],
			"rotation": {"angle": -45, "axis": "x", "origin": [8, 11.1, 10.05]},
			"faces": {
				"north": {"uv": [0, 0, 0.5, 0.35], "texture": "#0"},
				"east": {"uv": [0, 0, 0.3, 0.35], "texture": "#0"},
				"south": {"uv": [0, 0, 0.5, 0.35], "texture": "#0"},
				"west": {"uv": [0, 0, 0.3, 0.35], "texture": "#0"},
				"up": {"uv": [0, 0, 0.5, 0.3], "texture": "#0"},
				"down": {"uv": [0, 0, 0.5, 0.3], "texture": "#0"}
			}
		},
		{
			"from": [2.25, 3.8, 2.75],
			"to": [4.5, 4.15, 3.05],
			"rotation": {"angle": -45, "axis": "x", "origin": [8.5, 11.1, 10.05]},
			"faces": {
				"north": {"uv": [0, 0, 2.25, 0.35], "texture": "#1"},
				"east": {"uv": [0, 0, 0.3, 0.35], "texture": "#1"},
				"south": {"uv": [0, 0, 2.25, 0.35], "texture": "#1"},
				"west": {"uv": [0, 0, 0.3, 0.35], "texture": "#1"},
				"up": {"uv": [0, 0, 2.25, 0.3], "texture": "#1"},
				"down": {"uv": [0, 0, 2.25, 0.3], "texture": "#1"}
			}
		},
		{
			"from": [-0.25, 3.8, 2.75],
			"to": [1.75, 4.15, 3.05],
			"rotation": {"angle": -45, "axis": "x", "origin": [6, 11.1, 10.05]},
			"faces": {
				"north": {"uv": [0, 0, 2, 0.35], "texture": "#1"},
				"east": {"uv": [0, 0, 0.3, 0.35], "texture": "#1"},
				"south": {"uv": [0, 0, 2, 0.35], "texture": "#1"},
				"west": {"uv": [0, 0, 0.3, 0.35], "texture": "#1"},
				"up": {"uv": [0, 0, 2, 0.3], "texture": "#1"},
				"down": {"uv": [0, 0, 2, 0.3], "texture": "#1"}
			}
		},
		{
			"from": [1.75, -7.35, 12.85],
			"to": [2.25, -7, 13.1],
			"rotation": {"angle": 45, "axis": "x", "origin": [8, -0.05, 20.15]},
			"faces": {
				"north": {"uv": [0, 0, 0.5, 0.35], "texture": "#0"},
				"east": {"uv": [0, 0, 0.25, 0.35], "texture": "#0"},
				"south": {"uv": [0, 0, 0.5, 0.35], "texture": "#0"},
				"west": {"uv": [0, 0, 0.25, 0.35], "texture": "#0"},
				"up": {"uv": [0, 0, 0.5, 0.25], "texture": "#0"},
				"down": {"uv": [0, 0, 0.5, 0.25], "texture": "#0"}
			}
		},
		{
			"from": [2.25, -7.35, 12.85],
			"to": [4.5, -7, 13.1],
			"rotation": {"angle": 45, "axis": "x", "origin": [8.5, -0.05, 20.15]},
			"faces": {
				"north": {"uv": [0, 0, 2.25, 0.35], "texture": "#1"},
				"east": {"uv": [0, 0, 0.25, 0.35], "texture": "#1"},
				"south": {"uv": [0, 0, 2.25, 0.35], "texture": "#1"},
				"west": {"uv": [0, 0, 0.25, 0.35], "texture": "#1"},
				"up": {"uv": [0, 0, 2.25, 0.25], "texture": "#1"},
				"down": {"uv": [0, 0, 2.25, 0.25], "texture": "#1"}
			}
		},
		{
			"from": [-0.25, -7.35, 12.85],
			"to": [1.75, -7, 13.1],
			"rotation": {"angle": 45, "axis": "x", "origin": [6, -0.05, 20.15]},
			"faces": {
				"north": {"uv": [0, 0, 2, 0.35], "texture": "#1"},
				"east": {"uv": [0, 0, 0.25, 0.35], "texture": "#1"},
				"south": {"uv": [0, 0, 2, 0.35], "texture": "#1"},
				"west": {"uv": [0, 0, 0.25, 0.35], "texture": "#1"},
				"up": {"uv": [0, 0, 2, 0.25], "texture": "#1"},
				"down": {"uv": [0, 0, 2, 0.25], "texture": "#1"}
			}
		}
	],
	"display": {
		"thirdperson_righthand": {
			"rotation": [-90, 0, -90],
			"translation": [7, -0.5, -4]
		},
		"thirdperson_lefthand": {
			"scale": [0, 0, 0]
		},
		"firstperson_righthand": {
			"rotation": [-90, 9, -99],
			"translation": [11.75, 0, -2.25],
			"scale": [1.2, 1.2, 1.2]
		},
		"firstperson_lefthand": {
			"scale": [0, 0, 0]
		},
		"ground": {
			"rotation": [-90, 0, 0],
			"translation": [0, -3.75, -7.5]
		},
		"gui": {
			"rotation": [-72, 41, 41],
			"translation": [-3.25, 3, 0],
			"scale": [0.9, 0.9, 0.9]
		},
		"head": {
			"scale": [0, 0, 0]
		},
		"fixed": {
			"rotation": [-90, 0, 0],
			"translation": [0, 0, -16],
			"scale": [2, 2, 2]
		}
	}
}