{
	"credit": "Made with Blockbench",
	"textures": {
		"0": "weapon/swamp_1",
		"1": "weapon/dark_1",
		"2": "weapon/dark_2",
		"3": "weapon/black_dura",
		"4": "weapon/light_1",
		"5": "weapon/red_dot",
		"particle": "weapon/red_dot"
	},
	"elements": [
		{
			"from": [8, -0.2, 9.5],
			"to": [9, 1.2, 9.9],
			"faces": {
				"north": {"uv": [0, 0, 1.6, 1.8], "texture": "#1"},
				"east": {"uv": [0, 0, 9, 1.8], "texture": "#1"},
				"south": {"uv": [0, 0, 1.6, 1.8], "texture": "#1"},
				"west": {"uv": [0, 0, 9, 1.8], "texture": "#1"},
				"up": {"uv": [0, 0, 1.6, 9], "texture": "#1"},
				"down": {"uv": [0, 0, 1.6, 9], "texture": "#1"}
			}
		},
		{
			"from": [-1, 0.9, 12.6],
			"to": [-0.5, 1.2, 13],
			"rotation": {"angle": 45, "axis": "y", "origin": [0, 0, 0]},
			"faces": {
				"north": {"uv": [0, 0, 1.6, 1.8], "texture": "#1"},
				"east": {"uv": [0, 0, 9, 1.8], "texture": "#1"},
				"south": {"uv": [0, 0, 1.6, 1.8], "texture": "#1"},
				"west": {"uv": [0, 0, 9, 1.8], "texture": "#1"},
				"up": {"uv": [0, 0, 1.6, 9], "texture": "#1"},
				"down": {"uv": [0, 0, 1.6, 9], "texture": "#1"}
			}
		},
		{
			"from": [0.2, 0.9, 11.5],
			"to": [0.4, 1.2, 11.9],
			"rotation": {"angle": 45, "axis": "y", "origin": [0, 0, 0]},
			"faces": {
				"north": {"uv": [0, 0, 1.6, 1.8], "texture": "#1"},
				"east": {"uv": [0, 0, 9, 1.8], "texture": "#1"},
				"south": {"uv": [0, 0, 1.6, 1.8], "texture": "#1"},
				"west": {"uv": [0, 0, 9, 1.8], "texture": "#1"},
				"up": {"uv": [0, 0, 1.6, 9], "texture": "#1"},
				"down": {"uv": [0, 0, 1.6, 9], "texture": "#1"}
			}
		},
		{
			"from": [8.05, -0.2, 9.9],
			"to": [9, 1.2, 10.3],
			"rotation": {"angle": 0, "axis": "y", "origin": [8, 8, 8.4]},
			"faces": {
				"north": {"uv": [0, 0, 1.6, 1.8], "texture": "#1"},
				"east": {"uv": [0, 0, 9, 1.8], "texture": "#1"},
				"south": {"uv": [0, 0, 1.6, 1.8], "texture": "#1"},
				"west": {"uv": [0, 0, 9, 1.8], "texture": "#1"},
				"up": {"uv": [0, 0, 1.6, 9], "texture": "#1"},
				"down": {"uv": [0, 0, 1.6, 9], "texture": "#1"}
			}
		},
		{
			"from": [8.05, -0.2, 10.4],
			"to": [9, 1.2, 10.7],
			"rotation": {"angle": 0, "axis": "y", "origin": [8, 8, 8.9]},
			"faces": {
				"north": {"uv": [0, 0, 1.6, 1.8], "texture": "#1"},
				"east": {"uv": [0, 0, 9, 1.8], "texture": "#1"},
				"south": {"uv": [0, 0, 1.6, 1.8], "texture": "#1"},
				"west": {"uv": [0, 0, 9, 1.8], "texture": "#1"},
				"up": {"uv": [0, 0, 1.6, 9], "texture": "#1"},
				"down": {"uv": [0, 0, 1.6, 9], "texture": "#1"}
			}
		},
		{
			"from": [8.05, -0.2, 10.8],
			"to": [9, 1.2, 11.1],
			"rotation": {"angle": 0, "axis": "y", "origin": [8, 8, 9.3]},
			"faces": {
				"north": {"uv": [0, 0, 1.6, 1.8], "texture": "#1"},
				"east": {"uv": [0, 0, 9, 1.8], "texture": "#1"},
				"south": {"uv": [0, 0, 1.6, 1.8], "texture": "#1"},
				"west": {"uv": [0, 0, 9, 1.8], "texture": "#1"},
				"up": {"uv": [0, 0, 1.6, 9], "texture": "#1"},
				"down": {"uv": [0, 0, 1.6, 9], "texture": "#1"}
			}
		},
		{
			"from": [8.05, -0.2, 11.2],
			"to": [9, 1.2, 11.5],
			"rotation": {"angle": 0, "axis": "y", "origin": [8, 8, 9.7]},
			"faces": {
				"north": {"uv": [0, 0, 1.6, 1.8], "texture": "#1"},
				"east": {"uv": [0, 0, 9, 1.8], "texture": "#1"},
				"south": {"uv": [0, 0, 1.6, 1.8], "texture": "#1"},
				"west": {"uv": [0, 0, 9, 1.8], "texture": "#1"},
				"up": {"uv": [0, 0, 1.6, 9], "texture": "#1"},
				"down": {"uv": [0, 0, 1.6, 9], "texture": "#1"}
			}
		},
		{
			"from": [8.05, -0.2, 11.6],
			"to": [9, 1.2, 11.9],
			"rotation": {"angle": 0, "axis": "y", "origin": [8, 8, 10.1]},
			"faces": {
				"north": {"uv": [0, 0, 1.6, 1.8], "texture": "#1"},
				"east": {"uv": [0, 0, 9, 1.8], "texture": "#1"},
				"south": {"uv": [0, 0, 1.6, 1.8], "texture": "#1"},
				"west": {"uv": [0, 0, 9, 1.8], "texture": "#1"},
				"up": {"uv": [0, 0, 1.6, 9], "texture": "#1"},
				"down": {"uv": [0, 0, 1.6, 9], "texture": "#1"}
			}
		},
		{
			"from": [8.05, -0.2, 12],
			"to": [9, 1.2, 12.3],
			"rotation": {"angle": 0, "axis": "y", "origin": [8, 8, 10.5]},
			"faces": {
				"north": {"uv": [0, 0, 1.6, 1.8], "texture": "#1"},
				"east": {"uv": [0, 0, 9, 1.8], "texture": "#1"},
				"south": {"uv": [0, 0, 1.6, 1.8], "texture": "#1"},
				"west": {"uv": [0, 0, 9, 1.8], "texture": "#1"},
				"up": {"uv": [0, 0, 1.6, 9], "texture": "#1"},
				"down": {"uv": [0, 0, 1.6, 9], "texture": "#1"}
			}
		},
		{
			"from": [8.05, -0.1, 10.3],
			"to": [9, 1.1, 12.6],
			"rotation": {"angle": 0, "axis": "y", "origin": [8, 8, 8.8]},
			"faces": {
				"north": {"uv": [0, 0, 1.6, 1.8], "texture": "#1"},
				"east": {"uv": [0, 0, 9, 1.8], "texture": "#1"},
				"south": {"uv": [0, 0, 1.6, 1.8], "texture": "#1"},
				"west": {"uv": [0, 0, 9, 1.8], "texture": "#1"},
				"up": {"uv": [0, 0, 1.6, 9], "texture": "#1"},
				"down": {"uv": [0, 0, 1.6, 9], "texture": "#1"}
			}
		},
		{
			"from": [8, -0.2, 9.9],
			"to": [8.05, 1.2, 12.6],
			"rotation": {"angle": 0, "axis": "y", "origin": [8, 8, 8.4]},
			"faces": {
				"north": {"uv": [0, 0, 1.6, 1.8], "texture": "#1"},
				"east": {"uv": [0, 0, 9, 1.8], "texture": "#1"},
				"south": {"uv": [0, 0, 1.6, 1.8], "texture": "#1"},
				"west": {"uv": [0, 0, 9, 1.8], "texture": "#1"},
				"up": {"uv": [0, 0, 1.6, 9], "texture": "#1"},
				"down": {"uv": [0, 0, 1.6, 9], "texture": "#1"}
			}
		},
		{
			"from": [8, -0.2, 12.4],
			"to": [9, 1.2, 13],
			"rotation": {"angle": 0, "axis": "y", "origin": [8, 8, 11.1]},
			"faces": {
				"north": {"uv": [0, 0, 1.6, 1.8], "texture": "#1"},
				"east": {"uv": [0, 0, 9, 1.8], "texture": "#1"},
				"south": {"uv": [0, 0, 1.6, 1.8], "texture": "#1"},
				"west": {"uv": [0, 0, 9, 1.8], "texture": "#1"},
				"up": {"uv": [0, 0, 1.6, 9], "texture": "#1"},
				"down": {"uv": [0, 0, 1.6, 9], "texture": "#1"}
			}
		},
		{
			"from": [8.2, -0.05, 13],
			"to": [8.95, 1.05, 13.05],
			"rotation": {"angle": 0, "axis": "y", "origin": [8.1, 8, 8.1]},
			"faces": {
				"north": {"uv": [0, 0, 1.6, 1.8], "texture": "#1"},
				"east": {"uv": [0, 0, 9, 1.8], "texture": "#1"},
				"south": {"uv": [0, 0, 1.6, 1.8], "texture": "#1"},
				"west": {"uv": [0, 0, 9, 1.8], "texture": "#1"},
				"up": {"uv": [0, 0, 1.6, 9], "texture": "#1"},
				"down": {"uv": [0, 0, 1.6, 9], "texture": "#1"}
			}
		},
		{
			"from": [8.05, 0.15, 13],
			"to": [8.3, 0.85, 13.05],
			"rotation": {"angle": 0, "axis": "y", "origin": [7.75, 8, 8.1]},
			"faces": {
				"north": {"uv": [0, 0, 1.6, 1.8], "texture": "#1"},
				"east": {"uv": [0, 0, 9, 1.8], "texture": "#1"},
				"south": {"uv": [0, 0, 1.6, 1.8], "texture": "#1"},
				"west": {"uv": [0, 0, 9, 1.8], "texture": "#1"},
				"up": {"uv": [0, 0, 1.6, 9], "texture": "#1"},
				"down": {"uv": [0, 0, 1.6, 9], "texture": "#1"}
			}
		},
		{
			"from": [7.85, -0.05, 9.5],
			"to": [8.05, 1.05, 13],
			"rotation": {"angle": 0, "axis": "y", "origin": [4.7, 8, 8]},
			"faces": {
				"north": {"uv": [0, 0, 1.6, 1.8], "texture": "#1"},
				"east": {"uv": [0, 0, 9, 1.8], "texture": "#1"},
				"south": {"uv": [0, 0, 1.6, 1.8], "texture": "#1"},
				"west": {"uv": [0, 0, 9, 1.8], "texture": "#1"},
				"up": {"uv": [0, 0, 1.6, 9], "texture": "#1"},
				"down": {"uv": [0, 0, 1.6, 9], "texture": "#1"}
			}
		},
		{
			"from": [7.85, -0.05, 3.7],
			"to": [8.1, 1.05, 8],
			"rotation": {"angle": 0, "axis": "y", "origin": [4.7, 8, 8]},
			"faces": {
				"north": {"uv": [0, 0, 1.6, 1.8], "texture": "#1"},
				"east": {"uv": [0, 0, 9, 1.8], "texture": "#1"},
				"south": {"uv": [0, 0, 1.6, 1.8], "texture": "#1"},
				"west": {"uv": [0, 0, 9, 1.8], "texture": "#1"},
				"up": {"uv": [0, 0, 1.6, 9], "texture": "#1"},
				"down": {"uv": [0, 0, 1.6, 9], "texture": "#1"}
			}
		},
		{
			"from": [7.6, 0.15, 12.3],
			"to": [7.9, 0.35, 12.5],
			"rotation": {"angle": 0, "axis": "y", "origin": [7.9, 8, 7.8]},
			"faces": {
				"north": {"uv": [0, 0, 1.6, 1.8], "texture": "#1"},
				"east": {"uv": [0, 0, 9, 1.8], "texture": "#1"},
				"south": {"uv": [0, 0, 1.6, 1.8], "texture": "#1"},
				"west": {"uv": [0, 0, 9, 1.8], "texture": "#1"},
				"up": {"uv": [0, 0, 1.6, 9], "texture": "#1"},
				"down": {"uv": [0, 0, 1.6, 9], "texture": "#1"}
			}
		},
		{
			"from": [7.75, 0.35, 12.4],
			"to": [7.8, 0.65, 12.5],
			"rotation": {"angle": 0, "axis": "y", "origin": [7.9, 8.2, 7.8]},
			"faces": {
				"north": {"uv": [0, 0, 1.6, 1.8], "texture": "#4"},
				"east": {"uv": [0, 0, 9, 1.8], "texture": "#4"},
				"south": {"uv": [0, 0, 1.6, 1.8], "texture": "#4"},
				"west": {"uv": [0, 0, 9, 1.8], "texture": "#1"},
				"up": {"uv": [0, 0, 1.6, 9], "texture": "#4"},
				"down": {"uv": [0, 0, 1.6, 9], "texture": "#4"}
			}
		},
		{
			"from": [7.8, 0.35, 12.3],
			"to": [7.9, 0.65, 12.5],
			"rotation": {"angle": 0, "axis": "y", "origin": [7.9, 8.2, 7.8]},
			"faces": {
				"north": {"uv": [0, 0, 1.6, 1.8], "texture": "#1"},
				"east": {"uv": [0, 0, 9, 1.8], "texture": "#1"},
				"south": {"uv": [0, 0, 1.6, 1.8], "texture": "#1"},
				"west": {"uv": [0, 0, 9, 1.8], "texture": "#1"},
				"up": {"uv": [0, 0, 1.6, 9], "texture": "#1"},
				"down": {"uv": [0, 0, 1.6, 9], "texture": "#1"}
			}
		},
		{
			"from": [5.9, 0.4, 4.3],
			"to": [6.2, 0.6, 4.4],
			"rotation": {"angle": 22.5, "axis": "y", "origin": [6.2, 8.2, -0.3]},
			"faces": {
				"north": {"uv": [0, 0, 1.6, 1.8], "texture": "#1"},
				"east": {"uv": [0, 0, 9, 1.8], "texture": "#1"},
				"south": {"uv": [0, 0, 1.6, 1.8], "texture": "#1"},
				"west": {"uv": [0, 0, 9, 1.8], "texture": "#1"},
				"up": {"uv": [0, 0, 1.6, 9], "texture": "#1"},
				"down": {"uv": [0, 0, 1.6, 9], "texture": "#1"}
			}
		},
		{
			"from": [9.45, 0.4, 4.55],
			"to": [9.75, 0.6, 4.65],
			"rotation": {"angle": -22.5, "axis": "y", "origin": [9.75, 8.2, 0.05]},
			"faces": {
				"north": {"uv": [0, 0, 1.6, 1.8], "texture": "#1"},
				"east": {"uv": [0, 0, 9, 1.8], "texture": "#1"},
				"south": {"uv": [0, 0, 1.6, 1.8], "texture": "#1"},
				"west": {"uv": [0, 0, 9, 1.8], "texture": "#1"},
				"up": {"uv": [0, 0, 1.6, 9], "texture": "#1"},
				"down": {"uv": [0, 0, 1.6, 9], "texture": "#1"}
			}
		},
		{
			"from": [7.65, 0.4, 4.05],
			"to": [7.9, 0.6, 4.2],
			"rotation": {"angle": 0, "axis": "y", "origin": [12.4, 8.2, 4.3]},
			"faces": {
				"north": {"uv": [0, 0, 9, 1.8], "texture": "#1"},
				"east": {"uv": [0, 0, 1.6, 1.8], "texture": "#1"},
				"south": {"uv": [0, 0, 9, 1.8], "texture": "#1"},
				"west": {"uv": [0, 0, 1.6, 1.8], "texture": "#1"},
				"up": {"uv": [0, 0, 1.6, 9], "rotation": 90, "texture": "#1"},
				"down": {"uv": [0, 0, 1.6, 9], "rotation": 270, "texture": "#1"}
			}
		},
		{
			"from": [7.65, 0.45, 4.2],
			"to": [7.75, 0.55, 4.25],
			"rotation": {"angle": 0, "axis": "y", "origin": [12.4, 8.2, 4.3]},
			"faces": {
				"north": {"uv": [0, 0, 9, 1.8], "texture": "#4"},
				"east": {"uv": [0, 0, 1.6, 1.8], "texture": "#4"},
				"south": {"uv": [0, 0, 9, 1.8], "texture": "#4"},
				"west": {"uv": [0, 0, 1.6, 1.8], "texture": "#1"},
				"up": {"uv": [0, 0, 1.6, 9], "rotation": 90, "texture": "#1"},
				"down": {"uv": [0, 0, 1.6, 9], "rotation": 270, "texture": "#1"}
			}
		},
		{
			"from": [7.75, 0.45, 4.2],
			"to": [7.85, 0.55, 4.25],
			"rotation": {"angle": 0, "axis": "y", "origin": [12.4, 8.2, 4.3]},
			"faces": {
				"north": {"uv": [0, 0, 9, 1.8], "texture": "#1"},
				"east": {"uv": [0, 0, 1.6, 1.8], "texture": "#1"},
				"south": {"uv": [0, 0, 9, 1.8], "texture": "#1"},
				"west": {"uv": [0, 0, 1.6, 1.8], "texture": "#1"},
				"up": {"uv": [0, 0, 1.6, 9], "rotation": 90, "texture": "#1"},
				"down": {"uv": [0, 0, 1.6, 9], "rotation": 270, "texture": "#1"}
			}
		},
		{
			"from": [7.6, 0.6, 12.4],
			"to": [7.75, 0.65, 12.5],
			"rotation": {"angle": 0, "axis": "y", "origin": [7.9, 8.5, 7.8]},
			"faces": {
				"north": {"uv": [0, 0, 1.6, 1.8], "texture": "#4"},
				"east": {"uv": [0, 0, 9, 1.8], "texture": "#4"},
				"south": {"uv": [0, 0, 1.6, 1.8], "texture": "#4"},
				"west": {"uv": [0, 0, 9, 1.8], "texture": "#1"},
				"up": {"uv": [0, 0, 1.6, 9], "texture": "#4"},
				"down": {"uv": [0, 0, 1.6, 9], "texture": "#1"}
			}
		},
		{
			"from": [7.6, 0.35, 12.4],
			"to": [7.8, 0.4, 12.5],
			"rotation": {"angle": 0, "axis": "y", "origin": [7.9, 8.5, 7.8]},
			"faces": {
				"north": {"uv": [0, 0, 1.6, 1.8], "texture": "#4"},
				"east": {"uv": [0, 0, 9, 1.8], "texture": "#4"},
				"south": {"uv": [0, 0, 1.6, 1.8], "texture": "#4"},
				"west": {"uv": [0, 0, 9, 1.8], "texture": "#1"},
				"up": {"uv": [0, 0, 1.6, 9], "texture": "#1"},
				"down": {"uv": [0, 0, 1.6, 9], "texture": "#4"}
			}
		},
		{
			"from": [7.6, 0.35, 12.3],
			"to": [7.8, 0.4, 12.4],
			"rotation": {"angle": 0, "axis": "y", "origin": [7.9, 8.5, 7.8]},
			"faces": {
				"north": {"uv": [0, 0, 1.6, 1.8], "texture": "#1"},
				"east": {"uv": [0, 0, 9, 1.8], "texture": "#1"},
				"south": {"uv": [0, 0, 1.6, 1.8], "texture": "#1"},
				"west": {"uv": [0, 0, 9, 1.8], "texture": "#1"},
				"up": {"uv": [0, 0, 1.6, 9], "texture": "#1"},
				"down": {"uv": [0, 0, 1.6, 9], "texture": "#1"}
			}
		},
		{
			"from": [7.75, 0.35, 12.3],
			"to": [7.8, 0.65, 12.4],
			"rotation": {"angle": 0, "axis": "y", "origin": [7.9, 8.2, 7.8]},
			"faces": {
				"north": {"uv": [0, 0, 1.6, 1.8], "texture": "#1"},
				"east": {"uv": [0, 0, 9, 1.8], "texture": "#1"},
				"south": {"uv": [0, 0, 1.6, 1.8], "texture": "#1"},
				"west": {"uv": [0, 0, 9, 1.8], "texture": "#1"},
				"up": {"uv": [0, 0, 1.6, 9], "texture": "#1"},
				"down": {"uv": [0, 0, 1.6, 9], "texture": "#1"}
			}
		},
		{
			"from": [7.6, 0.6, 12.3],
			"to": [7.75, 0.65, 12.4],
			"rotation": {"angle": 0, "axis": "y", "origin": [7.9, 8.5, 7.8]},
			"faces": {
				"north": {"uv": [0, 0, 1.6, 1.8], "texture": "#1"},
				"east": {"uv": [0, 0, 9, 1.8], "texture": "#1"},
				"south": {"uv": [0, 0, 1.6, 1.8], "texture": "#1"},
				"west": {"uv": [0, 0, 9, 1.8], "texture": "#1"},
				"up": {"uv": [0, 0, 1.6, 9], "texture": "#1"},
				"down": {"uv": [0, 0, 1.6, 9], "texture": "#1"}
			}
		},
		{
			"from": [7.6, 0.65, 12.3],
			"to": [7.9, 0.85, 12.5],
			"rotation": {"angle": 0, "axis": "y", "origin": [7.9, 8.5, 7.8]},
			"faces": {
				"north": {"uv": [0, 0, 1.6, 1.8], "texture": "#1"},
				"east": {"uv": [0, 0, 9, 1.8], "texture": "#1"},
				"south": {"uv": [0, 0, 1.6, 1.8], "texture": "#1"},
				"west": {"uv": [0, 0, 9, 1.8], "texture": "#1"},
				"up": {"uv": [0, 0, 1.6, 9], "texture": "#1"},
				"down": {"uv": [0, 0, 1.6, 9], "texture": "#1"}
			}
		},
		{
			"from": [4.65, 0.25, 12.3],
			"to": [5.05, 0.35, 12.5],
			"rotation": {"angle": 22.5, "axis": "z", "origin": [4.95, 8, 7.8]},
			"faces": {
				"north": {"uv": [0, 0, 1.6, 1.8], "texture": "#1"},
				"east": {"uv": [0, 0, 9, 1.8], "texture": "#1"},
				"south": {"uv": [0, 0, 1.6, 1.8], "texture": "#1"},
				"west": {"uv": [0, 0, 9, 1.8], "texture": "#1"},
				"up": {"uv": [0, 0, 1.6, 9], "texture": "#1"},
				"down": {"uv": [0, 0, 1.6, 9], "texture": "#1"}
			}
		},
		{
			"from": [10.6, -0.55, 12.3],
			"to": [11, -0.35, 12.5],
			"rotation": {"angle": -22.5, "axis": "z", "origin": [10.9, 7.3, 7.8]},
			"faces": {
				"north": {"uv": [0, 0, 1.6, 1.8], "texture": "#1"},
				"east": {"uv": [0, 0, 9, 1.8], "texture": "#1"},
				"south": {"uv": [0, 0, 1.6, 1.8], "texture": "#1"},
				"west": {"uv": [0, 0, 9, 1.8], "texture": "#1"},
				"up": {"uv": [0, 0, 1.6, 9], "texture": "#1"},
				"down": {"uv": [0, 0, 1.6, 9], "texture": "#1"}
			}
		},
		{
			"from": [9.95, 6, 9.5],
			"to": [10.2, 6.2, 13],
			"rotation": {"angle": -45, "axis": "z", "origin": [2.95, 6.05, 8]},
			"faces": {
				"north": {"uv": [0, 0, 1.6, 1.8], "rotation": 90, "texture": "#1"},
				"east": {"uv": [0, 0, 1.6, 9], "rotation": 270, "texture": "#1"},
				"south": {"uv": [0, 0, 1.6, 1.8], "rotation": 270, "texture": "#1"},
				"west": {"uv": [0, 0, 1.6, 9], "rotation": 270, "texture": "#1"},
				"up": {"uv": [0, 0, 9, 1.8], "rotation": 270, "texture": "#1"},
				"down": {"uv": [0, 0, 9, 1.8], "rotation": 270, "texture": "#1"}
			}
		},
		{
			"from": [9.95, 6, 3.7],
			"to": [10.2, 6.2, 8],
			"rotation": {"angle": -45, "axis": "z", "origin": [2.95, 6.05, 8]},
			"faces": {
				"north": {"uv": [0, 0, 1.6, 1.8], "rotation": 90, "texture": "#1"},
				"east": {"uv": [0, 0, 1.6, 9], "rotation": 270, "texture": "#1"},
				"south": {"uv": [0, 0, 1.6, 1.8], "rotation": 270, "texture": "#1"},
				"west": {"uv": [0, 0, 1.6, 9], "rotation": 270, "texture": "#1"},
				"up": {"uv": [0, 0, 9, 1.8], "rotation": 270, "texture": "#1"},
				"down": {"uv": [0, 0, 9, 1.8], "rotation": 270, "texture": "#1"}
			}
		},
		{
			"from": [10.15, 5.65, 13],
			"to": [10.5, 5.85, 13.05],
			"rotation": {"angle": -45, "axis": "z", "origin": [3.35, 5.8, 8.1]},
			"faces": {
				"north": {"uv": [0, 0, 1.6, 1.8], "rotation": 90, "texture": "#1"},
				"east": {"uv": [0, 0, 1.6, 9], "rotation": 270, "texture": "#1"},
				"south": {"uv": [0, 0, 1.6, 1.8], "rotation": 270, "texture": "#1"},
				"west": {"uv": [0, 0, 1.6, 9], "rotation": 270, "texture": "#1"},
				"up": {"uv": [0, 0, 9, 1.8], "rotation": 270, "texture": "#1"},
				"down": {"uv": [0, 0, 9, 1.8], "texture": "#1"}
			}
		},
		{
			"from": [10, 4.8, 3.7],
			"to": [10.2, 5.05, 13],
			"rotation": {"angle": -45, "axis": "z", "origin": [3.05, 4.95, 8]},
			"faces": {
				"north": {"uv": [0, 0, 1.6, 1.8], "rotation": 90, "texture": "#1"},
				"east": {"uv": [0, 0, 1.6, 9], "rotation": 270, "texture": "#1"},
				"south": {"uv": [0, 0, 1.6, 1.8], "rotation": 270, "texture": "#1"},
				"west": {"uv": [0, 0, 1.6, 9], "rotation": 270, "texture": "#1"},
				"up": {"uv": [0, 0, 9, 1.8], "rotation": 270, "texture": "#1"},
				"down": {"uv": [0, 0, 9, 1.8], "rotation": 270, "texture": "#1"}
			}
		},
		{
			"from": [10.3, 4.85, 13],
			"to": [10.5, 5.2, 13.05],
			"rotation": {"angle": -45, "axis": "z", "origin": [3.45, 5.2, 8.1]},
			"faces": {
				"north": {"uv": [0, 0, 1.6, 1.8], "rotation": 90, "texture": "#1"},
				"east": {"uv": [0, 0, 1.6, 9], "rotation": 270, "texture": "#1"},
				"south": {"uv": [0, 0, 1.6, 1.8], "rotation": 270, "texture": "#1"},
				"west": {"uv": [0, 0, 1.6, 9], "rotation": 270, "texture": "#1"},
				"up": {"uv": [0, 0, 9, 1.8], "rotation": 270, "texture": "#1"},
				"down": {"uv": [0, 0, 9, 1.8], "rotation": 270, "texture": "#1"}
			}
		},
		{
			"from": [8, 0.85, 3.7],
			"to": [9, 1.2, 8],
			"rotation": {"angle": 0, "axis": "y", "origin": [8, 8, 2.6]},
			"faces": {
				"north": {"uv": [0, 0, 1.6, 1.8], "texture": "#1"},
				"east": {"uv": [0, 0, 9, 1.8], "texture": "#1"},
				"south": {"uv": [0, 0, 1.6, 1.8], "texture": "#1"},
				"west": {"uv": [0, 0, 9, 1.8], "texture": "#1"},
				"up": {"uv": [0, 0, 1.6, 9], "texture": "#1"},
				"down": {"uv": [0, 0, 1.6, 9], "texture": "#1"}
			}
		},
		{
			"from": [8, -0.2, 3.7],
			"to": [9, 0.15, 8],
			"rotation": {"angle": 0, "axis": "y", "origin": [8, 8, 2.6]},
			"faces": {
				"north": {"uv": [0, 0, 1.6, 1.8], "texture": "#1"},
				"east": {"uv": [0, 0, 9, 1.8], "texture": "#1"},
				"south": {"uv": [0, 0, 1.6, 1.8], "texture": "#1"},
				"west": {"uv": [0, 0, 9, 1.8], "texture": "#1"},
				"up": {"uv": [0, 0, 1.6, 9], "texture": "#1"},
				"down": {"uv": [0, 0, 1.6, 9], "texture": "#1"}
			}
		},
		{
			"from": [8.6, 0.15, 3.7],
			"to": [9, 0.85, 8],
			"rotation": {"angle": 0, "axis": "y", "origin": [8, 8.55, 2.6]},
			"faces": {
				"north": {"uv": [0, 0, 1.6, 1.8], "texture": "#1"},
				"east": {"uv": [0, 0, 9, 1.8], "texture": "#1"},
				"south": {"uv": [0, 0, 1.6, 1.8], "texture": "#1"},
				"west": {"uv": [0, 0, 9, 1.8], "texture": "#1"},
				"up": {"uv": [0, 0, 1.6, 9], "texture": "#1"},
				"down": {"uv": [0, 0, 1.6, 9], "texture": "#1"}
			}
		},
		{
			"from": [9, 0.15, 3.7],
			"to": [9.5, 0.85, 3.75],
			"rotation": {"angle": 0, "axis": "y", "origin": [8, 8.55, 2.6]},
			"faces": {
				"north": {"uv": [0, 0, 1.6, 1.8], "texture": "#1"},
				"east": {"uv": [0, 0, 9, 1.8], "texture": "#1"},
				"south": {"uv": [0, 0, 1.6, 1.8], "texture": "#1"},
				"west": {"uv": [0, 0, 9, 1.8], "texture": "#1"},
				"up": {"uv": [0, 0, 1.6, 9], "texture": "#1"},
				"down": {"uv": [0, 0, 1.6, 9], "texture": "#1"}
			}
		},
		{
			"from": [9.1, 0.35, 3.65],
			"to": [9.4, 0.65, 3.7],
			"rotation": {"angle": 0, "axis": "y", "origin": [8, 8.55, 2.6]},
			"faces": {
				"north": {"uv": [0, 0, 1.6, 1.8], "texture": "#1"},
				"east": {"uv": [0, 0, 9, 1.8], "texture": "#1"},
				"south": {"uv": [0, 0, 1.6, 1.8], "texture": "#1"},
				"west": {"uv": [0, 0, 9, 1.8], "texture": "#1"},
				"up": {"uv": [0, 0, 1.6, 9], "texture": "#1"},
				"down": {"uv": [0, 0, 1.6, 9], "texture": "#1"}
			}
		},
		{
			"from": [9.5, 0.25, 3.7],
			"to": [9.65, 0.75, 3.75],
			"rotation": {"angle": 0, "axis": "y", "origin": [8, 8.55, 2.6]},
			"faces": {
				"north": {"uv": [0, 0, 1.6, 1.8], "texture": "#1"},
				"east": {"uv": [0, 0, 9, 1.8], "texture": "#1"},
				"south": {"uv": [0, 0, 1.6, 1.8], "texture": "#1"},
				"west": {"uv": [0, 0, 9, 1.8], "texture": "#1"},
				"up": {"uv": [0, 0, 1.6, 9], "texture": "#1"},
				"down": {"uv": [0, 0, 1.6, 9], "texture": "#1"}
			}
		},
		{
			"from": [8.1, 0.2, -4.15],
			"to": [8.6, 0.8, -3.15],
			"rotation": {"angle": 0, "axis": "y", "origin": [7.6, 8.55, 2.35]},
			"faces": {
				"north": {"uv": [0, 0, 1.6, 1.8], "texture": "#3"},
				"east": {"uv": [0, 0, 9, 1.8], "texture": "#3"},
				"south": {"uv": [0, 0, 1.6, 1.8], "texture": "#3"},
				"west": {"uv": [0, 0, 9, 1.8], "texture": "#3"},
				"up": {"uv": [0, 0, 1.6, 9], "texture": "#3"},
				"down": {"uv": [0, 0, 1.6, 9], "texture": "#3"}
			}
		},
		{
			"from": [7.9, 0.25, 3.3],
			"to": [8.8, 0.75, 3.7],
			"rotation": {"angle": 0, "axis": "y", "origin": [8, 8, 2.5]},
			"faces": {
				"north": {"uv": [0, 0, 1.6, 1.8], "texture": "#4"},
				"east": {"uv": [0, 0, 9, 1.8], "texture": "#4"},
				"south": {"uv": [0, 0, 1.6, 1.8], "texture": "#4"},
				"west": {"uv": [0, 0, 9, 1.8], "texture": "#4"},
				"up": {"uv": [0, 0, 1.6, 9], "texture": "#4"},
				"down": {"uv": [0, 0, 1.6, 9], "texture": "#4"}
			}
		},
		{
			"from": [7.6, 0.15, -3.7],
			"to": [9.1, 0.85, 3.3],
			"rotation": {"angle": 0, "axis": "y", "origin": [8, 8, 2.5]},
			"faces": {
				"north": {"uv": [0, 0, 1.6, 1.8], "texture": "#1"},
				"east": {"uv": [0, 0, 9, 1.8], "texture": "#1"},
				"south": {"uv": [0, 0, 1.6, 1.8], "texture": "#1"},
				"west": {"uv": [0, 0, 9, 1.8], "texture": "#1"},
				"up": {"uv": [0, 0, 1.6, 9], "texture": "#1"},
				"down": {"uv": [0, 0, 1.6, 9], "texture": "#1"}
			}
		},
		{
			"from": [8, -0.25, -3.7],
			"to": [8.7, 1.25, 3.3],
			"rotation": {"angle": 0, "axis": "y", "origin": [8, 8, 2.5]},
			"faces": {
				"north": {"uv": [0, 0, 1.6, 1.8], "texture": "#1"},
				"east": {"uv": [0, 0, 9, 1.8], "texture": "#1"},
				"south": {"uv": [0, 0, 1.6, 1.8], "texture": "#1"},
				"west": {"uv": [0, 0, 9, 1.8], "texture": "#1"},
				"up": {"uv": [0, 0, 1.6, 9], "texture": "#1"},
				"down": {"uv": [0, 0, 1.6, 9], "texture": "#1"}
			}
		},
		{
			"from": [12.8, 2.65, -3.7],
			"to": [13.2, 3.25, 3.3],
			"rotation": {"angle": -45, "axis": "z", "origin": [8, 8, 2.5]},
			"faces": {
				"north": {"uv": [0, 0, 1.6, 1.8], "texture": "#1"},
				"east": {"uv": [0, 0, 9, 1.8], "texture": "#1"},
				"south": {"uv": [0, 0, 1.6, 1.8], "texture": "#1"},
				"west": {"uv": [0, 0, 9, 1.8], "texture": "#1"},
				"up": {"uv": [0, 0, 1.6, 9], "texture": "#1"},
				"down": {"uv": [0, 0, 1.6, 9], "texture": "#1"}
			}
		},
		{
			"from": [13.9, 2.65, -3.7],
			"to": [14.3, 3.25, 3.3],
			"rotation": {"angle": -45, "axis": "z", "origin": [8, 8, 2.5]},
			"faces": {
				"north": {"uv": [0, 0, 1.6, 1.8], "texture": "#1"},
				"east": {"uv": [0, 0, 9, 1.8], "texture": "#1"},
				"south": {"uv": [0, 0, 1.6, 1.8], "texture": "#1"},
				"west": {"uv": [0, 0, 9, 1.8], "texture": "#1"},
				"up": {"uv": [0, 0, 1.6, 9], "texture": "#1"},
				"down": {"uv": [0, 0, 1.6, 9], "texture": "#1"}
			}
		},
		{
			"from": [3.3, 2.15, -3.7],
			"to": [3.7, 2.75, 3.3],
			"rotation": {"angle": 45, "axis": "z", "origin": [8, 8, 2.5]},
			"faces": {
				"north": {"uv": [0, 0, 1.6, 1.8], "texture": "#1"},
				"east": {"uv": [0, 0, 9, 1.8], "texture": "#1"},
				"south": {"uv": [0, 0, 1.6, 1.8], "texture": "#1"},
				"west": {"uv": [0, 0, 9, 1.8], "texture": "#1"},
				"up": {"uv": [0, 0, 1.6, 9], "texture": "#1"},
				"down": {"uv": [0, 0, 1.6, 9], "texture": "#1"}
			}
		},
		{
			"from": [2.2, 2.15, -3.7],
			"to": [2.6, 2.75, 3.3],
			"rotation": {"angle": 45, "axis": "z", "origin": [8, 8, 2.5]},
			"faces": {
				"north": {"uv": [0, 0, 1.6, 1.8], "texture": "#1"},
				"east": {"uv": [0, 0, 9, 1.8], "texture": "#1"},
				"south": {"uv": [0, 0, 1.6, 1.8], "texture": "#1"},
				"west": {"uv": [0, 0, 9, 1.8], "texture": "#1"},
				"up": {"uv": [0, 0, 1.6, 9], "texture": "#1"},
				"down": {"uv": [0, 0, 1.6, 9], "texture": "#1"}
			}
		},
		{
			"from": [8.55, 0.15, -4.5],
			"to": [9.1, 0.85, -3.7],
			"rotation": {"angle": 0, "axis": "y", "origin": [8, 8, 2.5]},
			"faces": {
				"north": {"uv": [0, 0, 1.6, 1.8], "texture": "#1"},
				"east": {"uv": [0, 0, 9, 1.8], "texture": "#1"},
				"south": {"uv": [0, 0, 1.6, 1.8], "texture": "#1"},
				"west": {"uv": [0, 0, 9, 1.8], "texture": "#1"},
				"up": {"uv": [0, 0, 1.6, 9], "texture": "#1"},
				"down": {"uv": [0, 0, 1.6, 9], "texture": "#1"}
			}
		},
		{
			"from": [7.6, 0.15, -4.5],
			"to": [8.15, 0.85, -3.7],
			"rotation": {"angle": 0, "axis": "y", "origin": [8, 8, 2.5]},
			"faces": {
				"north": {"uv": [0, 0, 1.6, 1.8], "texture": "#1"},
				"east": {"uv": [0, 0, 9, 1.8], "texture": "#1"},
				"south": {"uv": [0, 0, 1.6, 1.8], "texture": "#1"},
				"west": {"uv": [0, 0, 9, 1.8], "texture": "#1"},
				"up": {"uv": [0, 0, 1.6, 9], "texture": "#1"},
				"down": {"uv": [0, 0, 1.6, 9], "texture": "#1"}
			}
		},
		{
			"from": [3.3, 2.15, -4.5],
			"to": [3.7, 2.75, -3.7],
			"rotation": {"angle": 45, "axis": "z", "origin": [8, 8, 2.5]},
			"faces": {
				"north": {"uv": [0, 0, 1.6, 1.8], "texture": "#1"},
				"east": {"uv": [0, 0, 9, 1.8], "texture": "#1"},
				"south": {"uv": [0, 0, 1.6, 1.8], "texture": "#1"},
				"west": {"uv": [0, 0, 9, 1.8], "texture": "#1"},
				"up": {"uv": [0, 0, 1.6, 9], "texture": "#1"},
				"down": {"uv": [0, 0, 1.6, 9], "texture": "#1"}
			}
		},
		{
			"from": [8, 0.7, -4.5],
			"to": [8.7, 1.25, -3.7],
			"rotation": {"angle": 0, "axis": "y", "origin": [8, 8, 2.5]},
			"faces": {
				"north": {"uv": [0, 0, 1.6, 1.8], "texture": "#1"},
				"east": {"uv": [0, 0, 9, 1.8], "texture": "#1"},
				"south": {"uv": [0, 0, 1.6, 1.8], "texture": "#1"},
				"west": {"uv": [0, 0, 9, 1.8], "texture": "#1"},
				"up": {"uv": [0, 0, 1.6, 9], "texture": "#1"},
				"down": {"uv": [0, 0, 1.6, 9], "texture": "#1"}
			}
		},
		{
			"from": [8, -0.25, -4.5],
			"to": [8.7, 0.3, -3.7],
			"rotation": {"angle": 0, "axis": "y", "origin": [8, 8, 2.5]},
			"faces": {
				"north": {"uv": [0, 0, 1.6, 1.8], "texture": "#1"},
				"east": {"uv": [0, 0, 9, 1.8], "texture": "#1"},
				"south": {"uv": [0, 0, 1.6, 1.8], "texture": "#1"},
				"west": {"uv": [0, 0, 9, 1.8], "texture": "#1"},
				"up": {"uv": [0, 0, 1.6, 9], "texture": "#1"},
				"down": {"uv": [0, 0, 1.6, 9], "texture": "#1"}
			}
		},
		{
			"from": [12.8, 2.65, -4.5],
			"to": [13.2, 3.25, -3.7],
			"rotation": {"angle": -45, "axis": "z", "origin": [8, 8, 2.5]},
			"faces": {
				"north": {"uv": [0, 0, 1.6, 1.8], "texture": "#1"},
				"east": {"uv": [0, 0, 9, 1.8], "texture": "#1"},
				"south": {"uv": [0, 0, 1.6, 1.8], "texture": "#1"},
				"west": {"uv": [0, 0, 9, 1.8], "texture": "#1"},
				"up": {"uv": [0, 0, 1.6, 9], "texture": "#1"},
				"down": {"uv": [0, 0, 1.6, 9], "texture": "#1"}
			}
		},
		{
			"from": [13.9, 2.65, -4.5],
			"to": [14.3, 3.25, -3.7],
			"rotation": {"angle": -45, "axis": "z", "origin": [8, 8, 2.5]},
			"faces": {
				"north": {"uv": [0, 0, 1.6, 1.8], "texture": "#1"},
				"east": {"uv": [0, 0, 9, 1.8], "texture": "#1"},
				"south": {"uv": [0, 0, 1.6, 1.8], "texture": "#1"},
				"west": {"uv": [0, 0, 9, 1.8], "texture": "#1"},
				"up": {"uv": [0, 0, 1.6, 9], "texture": "#1"},
				"down": {"uv": [0, 0, 1.6, 9], "texture": "#1"}
			}
		},
		{
			"from": [2.2, 2.15, -4.5],
			"to": [2.6, 2.75, -3.7],
			"rotation": {"angle": 45, "axis": "z", "origin": [8, 8, 2.5]},
			"faces": {
				"north": {"uv": [0, 0, 1.6, 1.8], "texture": "#1"},
				"east": {"uv": [0, 0, 9, 1.8], "texture": "#1"},
				"south": {"uv": [0, 0, 1.6, 1.8], "texture": "#1"},
				"west": {"uv": [0, 0, 9, 1.8], "texture": "#1"},
				"up": {"uv": [0, 0, 1.6, 9], "texture": "#1"},
				"down": {"uv": [0, 0, 1.6, 9], "texture": "#1"}
			}
		},
		{
			"from": [8.1, 0.05, 3.3],
			"to": [8.6, 0.95, 3.7],
			"rotation": {"angle": 0, "axis": "y", "origin": [8, 8, 2.5]},
			"faces": {
				"north": {"uv": [0, 0, 1.6, 1.8], "texture": "#4"},
				"east": {"uv": [0, 0, 9, 1.8], "texture": "#4"},
				"south": {"uv": [0, 0, 1.6, 1.8], "texture": "#4"},
				"west": {"uv": [0, 0, 9, 1.8], "texture": "#4"},
				"up": {"uv": [0, 0, 1.6, 9], "texture": "#4"},
				"down": {"uv": [0, 0, 1.6, 9], "texture": "#4"}
			}
		},
		{
			"from": [8, 0.15, 3.3],
			"to": [8.7, 0.85, 3.7],
			"rotation": {"angle": 0, "axis": "y", "origin": [8, 8, 2.5]},
			"faces": {
				"north": {"uv": [0, 0, 1.6, 1.8], "texture": "#4"},
				"east": {"uv": [0, 0, 9, 1.8], "texture": "#4"},
				"south": {"uv": [0, 0, 1.6, 1.8], "texture": "#4"},
				"west": {"uv": [0, 0, 9, 1.8], "texture": "#4"},
				"up": {"uv": [0, 0, 1.6, 9], "texture": "#4"},
				"down": {"uv": [0, 0, 1.6, 9], "texture": "#4"}
			}
		},
		{
			"from": [8.45, -0.2, 7.6],
			"to": [9, 1.2, 9.5],
			"rotation": {"angle": 0, "axis": "y", "origin": [8, 8, 4.5]},
			"faces": {
				"north": {"uv": [0, 0, 1.6, 1.8], "texture": "#1"},
				"east": {"uv": [0, 0, 9, 1.8], "texture": "#1"},
				"south": {"uv": [0, 0, 1.6, 1.8], "texture": "#1"},
				"west": {"uv": [0, 0, 9, 1.8], "texture": "#1"},
				"up": {"uv": [0, 0, 1.6, 9], "texture": "#1"},
				"down": {"uv": [0, 0, 1.6, 9], "texture": "#1"}
			}
		},
		{
			"from": [8, -0.2, 7.6],
			"to": [8.55, 0, 9.5],
			"rotation": {"angle": 0, "axis": "y", "origin": [7.55, 8, 4.5]},
			"faces": {
				"north": {"uv": [0, 0, 1.6, 1.8], "texture": "#1"},
				"east": {"uv": [0, 0, 9, 1.8], "texture": "#1"},
				"south": {"uv": [0, 0, 1.6, 1.8], "texture": "#1"},
				"west": {"uv": [0, 0, 9, 1.8], "texture": "#1"},
				"up": {"uv": [0, 0, 1.6, 9], "texture": "#1"},
				"down": {"uv": [0, 0, 1.6, 9], "texture": "#1"}
			}
		},
		{
			"from": [7.9, 0, 8],
			"to": [8.45, 1, 9.5],
			"rotation": {"angle": 0, "axis": "y", "origin": [7.15, 8, 4.5]},
			"faces": {
				"north": {"uv": [0, 0, 1.6, 1.8], "texture": "#2"},
				"east": {"uv": [0, 0, 9, 1.8], "texture": "#2"},
				"south": {"uv": [0, 0, 1.6, 1.8], "texture": "#2"},
				"west": {"uv": [0, 0, 9, 1.8], "texture": "#2"},
				"up": {"uv": [0, 0, 1.6, 9], "texture": "#2"},
				"down": {"uv": [0, 0, 1.6, 9], "texture": "#2"}
			}
		},
		{
			"from": [9, -0.15, 6.9],
			"to": [9.4, 1.15, 12.7],
			"faces": {
				"north": {"uv": [0, 0, 0.4, 1.6], "texture": "#0"},
				"east": {"uv": [0, 0, 9.1, 1.6], "texture": "#0"},
				"south": {"uv": [0, 0, 0.4, 1.6], "texture": "#0"},
				"west": {"uv": [0, 0, 9.1, 1.6], "texture": "#0"},
				"up": {"uv": [0, 0, 0.4, 9.1], "texture": "#0"},
				"down": {"uv": [0, 0, 0.4, 9.1], "texture": "#0"}
			}
		},
		{
			"from": [9.1, -0.15, 12.7],
			"to": [9.3, 1.15, 12.8],
			"faces": {
				"north": {"uv": [0, 0, 0.4, 1.6], "texture": "#0"},
				"east": {"uv": [0, 0, 9.1, 1.6], "texture": "#0"},
				"south": {"uv": [0, 0, 0.4, 1.6], "texture": "#0"},
				"west": {"uv": [0, 0, 9.1, 1.6], "texture": "#0"},
				"up": {"uv": [0, 0, 0.4, 9.1], "texture": "#0"},
				"down": {"uv": [0, 0, 0.4, 9.1], "texture": "#0"}
			}
		},
		{
			"from": [9, -0.15, 3.75],
			"to": [9.3, 1.15, 6.9],
			"faces": {
				"north": {"uv": [0, 0, 0.4, 1.6], "texture": "#0"},
				"east": {"uv": [0, 0, 9.1, 1.6], "texture": "#0"},
				"south": {"uv": [0, 0, 0.4, 1.6], "texture": "#0"},
				"west": {"uv": [0, 0, 9.1, 1.6], "texture": "#0"},
				"up": {"uv": [0, 0, 0.4, 9.1], "texture": "#0"},
				"down": {"uv": [0, 0, 0.4, 9.1], "texture": "#0"}
			}
		},
		{
			"from": [9, -0.1, 12.7],
			"to": [9.4, 1.1, 13.1],
			"faces": {
				"north": {"uv": [0, 0, 0.4, 1.6], "texture": "#0"},
				"east": {"uv": [0, 0, 9.1, 1.6], "texture": "#0"},
				"south": {"uv": [0, 0, 0.4, 1.6], "texture": "#0"},
				"west": {"uv": [0, 0, 9.1, 1.6], "texture": "#0"},
				"up": {"uv": [0, 0, 0.4, 9.1], "texture": "#0"},
				"down": {"uv": [0, 0, 0.4, 9.1], "texture": "#0"}
			}
		},
		{
			"from": [9.1, 0, 13.1],
			"to": [9.3, 1, 13.2],
			"rotation": {"angle": 0, "axis": "y", "origin": [8, 8, 8.1]},
			"faces": {
				"north": {"uv": [0, 0, 0.4, 1.6], "texture": "#0"},
				"east": {"uv": [0, 0, 9.1, 1.6], "texture": "#0"},
				"south": {"uv": [0, 0, 0.4, 1.6], "texture": "#0"},
				"west": {"uv": [0, 0, 9.1, 1.6], "texture": "#0"},
				"up": {"uv": [0, 0, 0.4, 9.1], "texture": "#0"},
				"down": {"uv": [0, 0, 0.4, 9.1], "texture": "#0"}
			}
		},
		{
			"from": [9.4, -0.15, 7.2],
			"to": [9.8, 1.15, 12.1],
			"faces": {
				"north": {"uv": [0, 0, 0.4, 1.6], "texture": "#0"},
				"east": {"uv": [0, 0, 5.7, 1.6], "texture": "#0"},
				"south": {"uv": [0, 0, 0.4, 1.6], "texture": "#0"},
				"west": {"uv": [0, 0, 5.7, 1.6], "texture": "#0"},
				"up": {"uv": [0, 0, 0.4, 5.7], "texture": "#0"},
				"down": {"uv": [0, 0, 0.4, 5.7], "texture": "#0"}
			}
		},
		{
			"from": [9.4, -0.15, 6.9],
			"to": [9.7, 1.15, 7.2],
			"faces": {
				"north": {"uv": [0, 0, 0.4, 1.6], "texture": "#0"},
				"east": {"uv": [0, 0, 5.7, 1.6], "texture": "#0"},
				"south": {"uv": [0, 0, 0.4, 1.6], "texture": "#0"},
				"west": {"uv": [0, 0, 5.7, 1.6], "texture": "#0"},
				"up": {"uv": [0, 0, 0.4, 5.7], "texture": "#0"},
				"down": {"uv": [0, 0, 0.4, 5.7], "texture": "#0"}
			}
		},
		{
			"from": [9.7, -0.05, 6.9],
			"to": [9.8, 1.05, 7.2],
			"faces": {
				"north": {"uv": [0, 0, 0.4, 1.6], "texture": "#0"},
				"east": {"uv": [0, 0, 5.7, 1.6], "texture": "#0"},
				"south": {"uv": [0, 0, 0.4, 1.6], "texture": "#0"},
				"west": {"uv": [0, 0, 5.7, 1.6], "texture": "#0"},
				"up": {"uv": [0, 0, 0.4, 5.7], "texture": "#0"},
				"down": {"uv": [0, 0, 0.4, 5.7], "texture": "#0"}
			}
		},
		{
			"from": [11.1, 0.3, 7.8],
			"to": [11.4, 0.7, 9.65],
			"rotation": {"angle": 0, "axis": "y", "origin": [9.7, 8, 9]},
			"faces": {
				"north": {"uv": [0, 0, 0.4, 1.6], "texture": "#0"},
				"east": {"uv": [0, 0, 5.7, 1.6], "texture": "#0"},
				"south": {"uv": [0, 0, 0.4, 1.6], "texture": "#0"},
				"west": {"uv": [0, 0, 5.7, 1.6], "texture": "#0"},
				"up": {"uv": [0, 0, 0.4, 5.7], "texture": "#0"},
				"down": {"uv": [0, 0, 0.4, 5.7], "texture": "#0"}
			}
		},
		{
			"from": [10.8, -0.2, 10.6],
			"to": [11.2, -0.15, 10.85],
			"rotation": {"angle": 0, "axis": "y", "origin": [9.7, 7.1, 11]},
			"faces": {
				"north": {"uv": [0, 0, 0.4, 1.6], "texture": "#1"},
				"east": {"uv": [0, 0, 5.7, 1.6], "texture": "#1"},
				"south": {"uv": [0, 0, 0.4, 1.6], "texture": "#1"},
				"west": {"uv": [0, 0, 5.7, 1.6], "texture": "#1"},
				"up": {"uv": [0, 0, 0.4, 5.7], "texture": "#1"},
				"down": {"uv": [0, 0, 0.4, 5.7], "texture": "#1"}
			}
		},
		{
			"from": [10.8, 1.15, 10.6],
			"to": [11.2, 1.2, 10.85],
			"rotation": {"angle": 0, "axis": "y", "origin": [9.7, 7.1, 11]},
			"faces": {
				"north": {"uv": [0, 0, 0.4, 1.6], "texture": "#1"},
				"east": {"uv": [0, 0, 5.7, 1.6], "texture": "#1"},
				"south": {"uv": [0, 0, 0.4, 1.6], "texture": "#1"},
				"west": {"uv": [0, 0, 5.7, 1.6], "texture": "#1"},
				"up": {"uv": [0, 0, 0.4, 5.7], "texture": "#1"},
				"down": {"uv": [0, 0, 0.4, 5.7], "texture": "#1"}
			}
		},
		{
			"from": [9, -0.25, 9.9],
			"to": [9.3, -0.1, 10.35],
			"rotation": {"angle": 0, "axis": "y", "origin": [7.65, 7.1, 10.5]},
			"faces": {
				"north": {"uv": [0, 0, 0.4, 1.6], "texture": "#1"},
				"east": {"uv": [0, 0, 5.7, 1.6], "texture": "#1"},
				"south": {"uv": [0, 0, 0.4, 1.6], "texture": "#1"},
				"west": {"uv": [0, 0, 5.7, 1.6], "texture": "#1"},
				"up": {"uv": [0, 0, 0.4, 5.7], "texture": "#1"},
				"down": {"uv": [0, 0, 0.4, 5.7], "texture": "#1"}
			}
		},
		{
			"from": [9.8, 0.3, 7.6],
			"to": [11.2, 0.7, 7.9],
			"rotation": {"angle": 0, "axis": "y", "origin": [10.7, 8, 9.3]},
			"faces": {
				"north": {"uv": [0, 0, 5.7, 1.6], "texture": "#0"},
				"east": {"uv": [0, 0, 0.4, 1.6], "texture": "#0"},
				"south": {"uv": [0, 0, 5.7, 1.6], "texture": "#0"},
				"west": {"uv": [0, 0, 0.4, 1.6], "texture": "#0"},
				"up": {"uv": [0, 0, 0.4, 5.7], "rotation": 270, "texture": "#0"},
				"down": {"uv": [0, 0, 0.4, 5.7], "rotation": 90, "texture": "#0"}
			}
		},
		{
			"from": [11.25, 0.3, 9],
			"to": [11.55, 0.7, 9.75],
			"rotation": {"angle": -22.5, "axis": "y", "origin": [9.85, 8, 8.9]},
			"faces": {
				"north": {"uv": [0, 0, 0.4, 1.6], "texture": "#0"},
				"east": {"uv": [0, 0, 5.7, 1.6], "texture": "#0"},
				"south": {"uv": [0, 0, 0.4, 1.6], "texture": "#0"},
				"west": {"uv": [0, 0, 5.7, 1.6], "texture": "#0"},
				"up": {"uv": [0, 0, 0.4, 5.7], "texture": "#0"},
				"down": {"uv": [0, 0, 0.4, 5.7], "texture": "#0"}
			}
		},
		{
			"from": [9.95, 0.3, 9.4],
			"to": [10.8, 0.7, 9.7],
			"rotation": {"angle": -45, "axis": "y", "origin": [9.85, 8, 11.1]},
			"faces": {
				"north": {"uv": [0, 0, 5.7, 1.6], "texture": "#0"},
				"east": {"uv": [0, 0, 0.4, 1.6], "texture": "#0"},
				"south": {"uv": [0, 0, 5.7, 1.6], "texture": "#0"},
				"west": {"uv": [0, 0, 0.4, 1.6], "texture": "#0"},
				"up": {"uv": [0, 0, 0.4, 5.7], "rotation": 270, "texture": "#0"},
				"down": {"uv": [0, 0, 0.4, 5.7], "rotation": 90, "texture": "#0"}
			}
		},
		{
			"from": [8.55, 0.3, 6.7],
			"to": [9.2, 0.7, 7],
			"rotation": {"angle": -45, "axis": "y", "origin": [8.45, 8, 8.4]},
			"faces": {
				"north": {"uv": [0, 0, 5.7, 1.6], "texture": "#0"},
				"east": {"uv": [0, 0, 0.4, 1.6], "texture": "#0"},
				"south": {"uv": [0, 0, 5.7, 1.6], "texture": "#0"},
				"west": {"uv": [0, 0, 0.4, 1.6], "texture": "#0"},
				"up": {"uv": [0, 0, 0.4, 5.7], "rotation": 270, "texture": "#0"},
				"down": {"uv": [0, 0, 0.4, 5.7], "rotation": 90, "texture": "#0"}
			}
		},
		{
			"from": [10.05, 0.3, 6.9],
			"to": [10.3, 0.7, 7.2],
			"rotation": {"angle": -45, "axis": "y", "origin": [9.75, 8, 8.6]},
			"faces": {
				"north": {"uv": [0, 0, 5.7, 1.6], "texture": "#0"},
				"east": {"uv": [0, 0, 0.4, 1.6], "texture": "#0"},
				"south": {"uv": [0, 0, 5.7, 1.6], "texture": "#0"},
				"west": {"uv": [0, 0, 0.4, 1.6], "texture": "#0"},
				"up": {"uv": [0, 0, 0.4, 5.7], "rotation": 270, "texture": "#0"},
				"down": {"uv": [0, 0, 0.4, 5.7], "rotation": 90, "texture": "#0"}
			}
		},
		{
			"from": [10.75, 0.4, 9.1],
			"to": [11.3, 0.6, 9.45],
			"rotation": {"angle": 45, "axis": "y", "origin": [10.55, 8, 10.7]},
			"faces": {
				"north": {"uv": [0, 0, 5.7, 1.6], "texture": "#1"},
				"east": {"uv": [0, 0, 0.4, 1.6], "texture": "#1"},
				"south": {"uv": [0, 0, 5.7, 1.6], "texture": "#1"},
				"west": {"uv": [0, 0, 0.4, 1.6], "texture": "#1"},
				"up": {"uv": [0, 0, 0.4, 5.7], "rotation": 270, "texture": "#1"},
				"down": {"uv": [0, 0, 0.4, 5.7], "rotation": 90, "texture": "#1"}
			}
		},
		{
			"from": [10.6, 0.4, 9.05],
			"to": [11.15, 0.6, 9.4],
			"rotation": {"angle": 22.5, "axis": "y", "origin": [10.3, 8, 10.75]},
			"faces": {
				"north": {"uv": [0, 0, 5.7, 1.6], "texture": "#1"},
				"east": {"uv": [0, 0, 0.4, 1.6], "texture": "#1"},
				"south": {"uv": [0, 0, 5.7, 1.6], "texture": "#1"},
				"west": {"uv": [0, 0, 0.4, 1.6], "texture": "#1"},
				"up": {"uv": [0, 0, 0.4, 5.7], "rotation": 270, "texture": "#1"},
				"down": {"uv": [0, 0, 0.4, 5.7], "rotation": 90, "texture": "#1"}
			}
		},
		{
			"from": [11.1, 0.4, 9.05],
			"to": [11.35, 0.6, 9.2],
			"rotation": {"angle": 22.5, "axis": "y", "origin": [10.3, 8, 10.75]},
			"faces": {
				"north": {"uv": [0, 0, 5.7, 1.6], "texture": "#1"},
				"east": {"uv": [0, 0, 0.4, 1.6], "texture": "#1"},
				"south": {"uv": [0, 0, 5.7, 1.6], "texture": "#1"},
				"west": {"uv": [0, 0, 0.4, 1.6], "texture": "#1"},
				"up": {"uv": [0, 0, 0.4, 5.7], "rotation": 270, "texture": "#1"},
				"down": {"uv": [0, 0, 0.4, 5.7], "rotation": 90, "texture": "#1"}
			}
		},
		{
			"from": [11.6, 0.4, 8.75],
			"to": [12.15, 0.6, 9],
			"rotation": {"angle": 45, "axis": "y", "origin": [11.3, 8, 10.35]},
			"faces": {
				"north": {"uv": [0, 0, 5.7, 1.6], "texture": "#1"},
				"east": {"uv": [0, 0, 0.4, 1.6], "texture": "#1"},
				"south": {"uv": [0, 0, 5.7, 1.6], "texture": "#1"},
				"west": {"uv": [0, 0, 0.4, 1.6], "texture": "#1"},
				"up": {"uv": [0, 0, 0.4, 5.7], "rotation": 270, "texture": "#1"},
				"down": {"uv": [0, 0, 0.4, 5.7], "rotation": 90, "texture": "#1"}
			}
		},
		{
			"from": [9.15, 0.4, 8.7],
			"to": [9.4, 0.6, 9],
			"rotation": {"angle": -22.5, "axis": "y", "origin": [8.85, 8, 10.4]},
			"faces": {
				"north": {"uv": [0, 0, 5.7, 1.6], "texture": "#1"},
				"east": {"uv": [0, 0, 0.4, 1.6], "texture": "#1"},
				"south": {"uv": [0, 0, 5.7, 1.6], "texture": "#1"},
				"west": {"uv": [0, 0, 0.4, 1.6], "texture": "#1"},
				"up": {"uv": [0, 0, 0.4, 5.7], "rotation": 270, "texture": "#1"},
				"down": {"uv": [0, 0, 0.4, 5.7], "rotation": 90, "texture": "#1"}
			}
		},
		{
			"from": [11.05, 0.3, 9.9],
			"to": [11.8, 0.7, 10.2],
			"rotation": {"angle": 22.5, "axis": "y", "origin": [11.05, 8, 11.6]},
			"faces": {
				"north": {"uv": [0, 0, 5.7, 1.6], "texture": "#0"},
				"east": {"uv": [0, 0, 0.4, 1.6], "texture": "#0"},
				"south": {"uv": [0, 0, 5.7, 1.6], "texture": "#0"},
				"west": {"uv": [0, 0, 0.4, 1.6], "texture": "#0"},
				"up": {"uv": [0, 0, 0.4, 5.7], "rotation": 270, "texture": "#0"},
				"down": {"uv": [0, 0, 0.4, 5.7], "rotation": 90, "texture": "#0"}
			}
		},
		{
			"from": [10.15, 0.3, 7.8],
			"to": [10.9, 0.7, 8.1],
			"rotation": {"angle": 22.5, "axis": "y", "origin": [10.05, 8, 9.5]},
			"faces": {
				"north": {"uv": [0, 0, 5.7, 1.6], "texture": "#0"},
				"east": {"uv": [0, 0, 0.4, 1.6], "texture": "#0"},
				"south": {"uv": [0, 0, 5.7, 1.6], "texture": "#0"},
				"west": {"uv": [0, 0, 0.4, 1.6], "texture": "#0"},
				"up": {"uv": [0, 0, 0.4, 5.7], "rotation": 270, "texture": "#0"},
				"down": {"uv": [0, 0, 0.4, 5.7], "rotation": 90, "texture": "#0"}
			}
		},
		{
			"from": [10.85, 0.3, 10.6],
			"to": [11.15, 0.7, 10.85],
			"rotation": {"angle": 22.5, "axis": "y", "origin": [9.45, 8, 10.1]},
			"faces": {
				"north": {"uv": [0, 0, 0.4, 1.6], "texture": "#0"},
				"east": {"uv": [0, 0, 5.7, 1.6], "texture": "#0"},
				"south": {"uv": [0, 0, 0.4, 1.6], "texture": "#0"},
				"west": {"uv": [0, 0, 5.7, 1.6], "texture": "#0"},
				"up": {"uv": [0, 0, 0.4, 5.7], "texture": "#0"},
				"down": {"uv": [0, 0, 0.4, 5.7], "texture": "#0"}
			}
		},
		{
			"from": [11.01726, -0.15, 10.51059],
			"to": [14.81726, 1.15, 10.86059],
			"rotation": {"angle": -22.5, "axis": "y", "origin": [8, 8, 8]},
			"faces": {
				"north": {"uv": [0, 0, 5.7, 1.6], "texture": "#0"},
				"east": {"uv": [0, 0, 0.4, 1.6], "texture": "#0"},
				"south": {"uv": [0, 0, 5.7, 1.6], "texture": "#0"},
				"west": {"uv": [0, 0, 0.4, 1.6], "texture": "#0"},
				"up": {"uv": [0, 0, 0.4, 5.7], "rotation": 270, "texture": "#0"},
				"down": {"uv": [0, 0, 0.4, 5.7], "rotation": 90, "texture": "#0"}
			}
		},
		{
			"from": [11.31726, 0, 10.71059],
			"to": [14.41726, 1, 11.06059],
			"rotation": {"angle": -22.5, "axis": "y", "origin": [8, 8, 8]},
			"faces": {
				"north": {"uv": [0, 0, 5.7, 1.6], "texture": "#0"},
				"east": {"uv": [0, 0, 0.4, 1.6], "texture": "#0"},
				"south": {"uv": [0, 0, 5.7, 1.6], "texture": "#0"},
				"west": {"uv": [0, 0, 0.4, 1.6], "texture": "#0"},
				"up": {"uv": [0, 0, 0.4, 5.7], "rotation": 270, "texture": "#0"},
				"down": {"uv": [0, 0, 0.4, 5.7], "rotation": 90, "texture": "#0"}
			}
		},
		{
			"from": [9.71726, -0.15, 11.76059],
			"to": [10.31726, 1.15, 12.06059],
			"rotation": {"angle": 0, "axis": "y", "origin": [6.7, 8, 9.2]},
			"faces": {
				"north": {"uv": [0, 0, 5.7, 1.6], "texture": "#0"},
				"east": {"uv": [0, 0, 0.4, 1.6], "texture": "#0"},
				"south": {"uv": [0, 0, 5.7, 1.6], "texture": "#0"},
				"west": {"uv": [0, 0, 0.4, 1.6], "texture": "#0"},
				"up": {"uv": [0, 0, 0.4, 5.7], "rotation": 270, "texture": "#0"},
				"down": {"uv": [0, 0, 0.4, 5.7], "rotation": 90, "texture": "#0"}
			}
		},
		{
			"from": [9.71726, 0, 12.06059],
			"to": [10.31726, 1, 12.26059],
			"rotation": {"angle": 0, "axis": "y", "origin": [6.7, 8, 9.2]},
			"faces": {
				"north": {"uv": [0, 0, 5.7, 1.6], "texture": "#0"},
				"east": {"uv": [0, 0, 0.4, 1.6], "texture": "#0"},
				"south": {"uv": [0, 0, 5.7, 1.6], "texture": "#0"},
				"west": {"uv": [0, 0, 0.4, 1.6], "texture": "#0"},
				"up": {"uv": [0, 0, 0.4, 5.7], "rotation": 270, "texture": "#0"},
				"down": {"uv": [0, 0, 0.4, 5.7], "rotation": 90, "texture": "#0"}
			}
		},
		{
			"from": [8.51726, -0.15, 13.46059],
			"to": [9.11726, 1.15, 13.66059],
			"rotation": {"angle": 22.5, "axis": "y", "origin": [5.5, 8, 10.8]},
			"faces": {
				"north": {"uv": [0, 0, 5.7, 1.6], "texture": "#0"},
				"east": {"uv": [0, 0, 0.4, 1.6], "texture": "#0"},
				"south": {"uv": [0, 0, 5.7, 1.6], "texture": "#0"},
				"west": {"uv": [0, 0, 0.4, 1.6], "texture": "#0"},
				"up": {"uv": [0, 0, 0.4, 5.7], "rotation": 270, "texture": "#0"},
				"down": {"uv": [0, 0, 0.4, 5.7], "rotation": 90, "texture": "#0"}
			}
		},
		{
			"from": [8.51726, 0, 13.66059],
			"to": [9.11726, 1, 13.86059],
			"rotation": {"angle": 22.5, "axis": "y", "origin": [5.5, 8, 10.8]},
			"faces": {
				"north": {"uv": [0, 0, 5.7, 1.6], "texture": "#0"},
				"east": {"uv": [0, 0, 0.4, 1.6], "texture": "#0"},
				"south": {"uv": [0, 0, 5.7, 1.6], "texture": "#0"},
				"west": {"uv": [0, 0, 0.4, 1.6], "texture": "#0"},
				"up": {"uv": [0, 0, 0.4, 5.7], "rotation": 270, "texture": "#0"},
				"down": {"uv": [0, 0, 0.4, 5.7], "rotation": 90, "texture": "#0"}
			}
		},
		{
			"from": [8.06059, 0, 10.98274],
			"to": [8.46059, 1, 11.58274],
			"rotation": {"angle": -22.5, "axis": "y", "origin": [5.4, 8, 14.6]},
			"faces": {
				"north": {"uv": [0, 0, 0.4, 1.6], "texture": "#0"},
				"east": {"uv": [0, 0, 5.7, 1.6], "texture": "#0"},
				"south": {"uv": [0, 0, 0.4, 1.6], "texture": "#0"},
				"west": {"uv": [0, 0, 5.7, 1.6], "texture": "#0"},
				"up": {"uv": [0, 0, 0.4, 5.7], "rotation": 180, "texture": "#0"},
				"down": {"uv": [0, 0, 0.4, 5.7], "rotation": 180, "texture": "#0"}
			}
		},
		{
			"from": [8.01059, -0.15, 10.68274],
			"to": [8.31059, 1.15, 11.28274],
			"rotation": {"angle": -22.5, "axis": "y", "origin": [5.4, 8, 14.6]},
			"faces": {
				"north": {"uv": [0, 0, 0.4, 1.6], "texture": "#0"},
				"east": {"uv": [0, 0, 5.7, 1.6], "texture": "#0"},
				"south": {"uv": [0, 0, 0.4, 1.6], "texture": "#0"},
				"west": {"uv": [0, 0, 5.7, 1.6], "texture": "#0"},
				"up": {"uv": [0, 0, 0.4, 5.7], "rotation": 180, "texture": "#0"},
				"down": {"uv": [0, 0, 0.4, 5.7], "rotation": 180, "texture": "#0"}
			}
		},
		{
			"from": [11.01726, -0.15, 8.96059],
			"to": [15.36726, 1.15, 10.56059],
			"rotation": {"angle": -22.5, "axis": "y", "origin": [8, 8, 5.8]},
			"faces": {
				"north": {"uv": [0, 0, 5.7, 1.6], "texture": "#0"},
				"east": {"uv": [0, 0, 0.4, 1.6], "texture": "#0"},
				"south": {"uv": [0, 0, 5.7, 1.6], "texture": "#0"},
				"west": {"uv": [0, 0, 0.4, 1.6], "texture": "#0"},
				"up": {"uv": [0, 0, 0.4, 5.7], "rotation": 270, "texture": "#0"},
				"down": {"uv": [0, 0, 0.4, 5.7], "rotation": 90, "texture": "#0"}
			}
		},
		{
			"from": [11.21726, 0, 8.76059],
			"to": [15.56726, 1, 8.96059],
			"rotation": {"angle": -22.5, "axis": "y", "origin": [8, 8, 5.8]},
			"faces": {
				"north": {"uv": [0, 0, 5.7, 1.6], "texture": "#0"},
				"east": {"uv": [0, 0, 0.4, 1.6], "texture": "#0"},
				"south": {"uv": [0, 0, 5.7, 1.6], "texture": "#0"},
				"west": {"uv": [0, 0, 0.4, 1.6], "texture": "#0"},
				"up": {"uv": [0, 0, 0.4, 5.7], "rotation": 270, "texture": "#0"},
				"down": {"uv": [0, 0, 0.4, 5.7], "rotation": 90, "texture": "#0"}
			}
		},
		{
			"from": [12.91726, -0.15, 7.76059],
			"to": [13.86726, 1.15, 7.86059],
			"rotation": {"angle": -45, "axis": "y", "origin": [9, 8, 4.7]},
			"faces": {
				"north": {"uv": [0, 0, 5.7, 1.6], "texture": "#0"},
				"east": {"uv": [0, 0, 0.4, 1.6], "texture": "#0"},
				"south": {"uv": [0, 0, 5.7, 1.6], "texture": "#0"},
				"west": {"uv": [0, 0, 0.4, 1.6], "texture": "#0"},
				"up": {"uv": [0, 0, 0.4, 5.7], "rotation": 270, "texture": "#0"},
				"down": {"uv": [0, 0, 0.4, 5.7], "rotation": 90, "texture": "#0"}
			}
		},
		{
			"from": [12.91726, 0, 7.66059],
			"to": [13.86726, 1, 7.76059],
			"rotation": {"angle": -45, "axis": "y", "origin": [9, 8, 4.7]},
			"faces": {
				"north": {"uv": [0, 0, 5.7, 1.6], "texture": "#0"},
				"east": {"uv": [0, 0, 0.4, 1.6], "texture": "#0"},
				"south": {"uv": [0, 0, 5.7, 1.6], "texture": "#0"},
				"west": {"uv": [0, 0, 0.4, 1.6], "texture": "#0"},
				"up": {"uv": [0, 0, 0.4, 5.7], "rotation": 270, "texture": "#0"},
				"down": {"uv": [0, 0, 0.4, 5.7], "rotation": 90, "texture": "#0"}
			}
		},
		{
			"from": [12.86059, -0.15, 11.28274],
			"to": [14.21059, 1.15, 13.08274],
			"rotation": {"angle": 0, "axis": "y", "origin": [11.4, 8, 20.1]},
			"faces": {
				"north": {"uv": [0, 0, 0.4, 1.6], "texture": "#0"},
				"east": {"uv": [0, 0, 5.7, 1.6], "texture": "#0"},
				"south": {"uv": [0, 0, 0.4, 1.6], "texture": "#0"},
				"west": {"uv": [0, 0, 5.7, 1.6], "texture": "#0"},
				"up": {"uv": [0, 0, 0.4, 5.7], "rotation": 180, "texture": "#0"},
				"down": {"uv": [0, 0, 0.4, 5.7], "rotation": 180, "texture": "#0"}
			}
		},
		{
			"from": [13.16059, -0.15, 13.08274],
			"to": [14.21059, 1.15, 13.28274],
			"rotation": {"angle": 0, "axis": "y", "origin": [11.4, 8, 20.1]},
			"faces": {
				"north": {"uv": [0, 0, 0.4, 1.6], "texture": "#0"},
				"east": {"uv": [0, 0, 5.7, 1.6], "texture": "#0"},
				"south": {"uv": [0, 0, 0.4, 1.6], "texture": "#0"},
				"west": {"uv": [0, 0, 5.7, 1.6], "texture": "#0"},
				"up": {"uv": [0, 0, 0.4, 5.7], "rotation": 180, "texture": "#0"},
				"down": {"uv": [0, 0, 0.4, 5.7], "rotation": 180, "texture": "#0"}
			}
		},
		{
			"from": [12.76059, 0, 13.08274],
			"to": [14.21059, 1, 13.28274],
			"rotation": {"angle": 0, "axis": "y", "origin": [11.4, 8, 20.1]},
			"faces": {
				"north": {"uv": [0, 0, 0.4, 1.6], "texture": "#0"},
				"east": {"uv": [0, 0, 5.7, 1.6], "texture": "#0"},
				"south": {"uv": [0, 0, 0.4, 1.6], "texture": "#0"},
				"west": {"uv": [0, 0, 5.7, 1.6], "texture": "#0"},
				"up": {"uv": [0, 0, 0.4, 5.7], "rotation": 180, "texture": "#0"},
				"down": {"uv": [0, 0, 0.4, 5.7], "rotation": 180, "texture": "#0"}
			}
		},
		{
			"from": [13.16059, 0, 13.28274],
			"to": [14.11059, 1, 13.38274],
			"rotation": {"angle": 0, "axis": "y", "origin": [11.4, 8, 20.1]},
			"faces": {
				"north": {"uv": [0, 0, 0.4, 1.6], "texture": "#0"},
				"east": {"uv": [0, 0, 5.7, 1.6], "texture": "#0"},
				"south": {"uv": [0, 0, 0.4, 1.6], "texture": "#0"},
				"west": {"uv": [0, 0, 5.7, 1.6], "texture": "#0"},
				"up": {"uv": [0, 0, 0.4, 5.7], "rotation": 180, "texture": "#0"},
				"down": {"uv": [0, 0, 0.4, 5.7], "rotation": 180, "texture": "#0"}
			}
		},
		{
			"from": [13.16059, 0.1, 13.38274],
			"to": [14.01059, 0.9, 13.48274],
			"rotation": {"angle": 0, "axis": "y", "origin": [11.4, 8, 20.1]},
			"faces": {
				"north": {"uv": [0, 0, 0.4, 1.6], "texture": "#0"},
				"east": {"uv": [0, 0, 5.7, 1.6], "texture": "#0"},
				"south": {"uv": [0, 0, 0.4, 1.6], "texture": "#0"},
				"west": {"uv": [0, 0, 5.7, 1.6], "texture": "#0"},
				"up": {"uv": [0, 0, 0.4, 5.7], "rotation": 180, "texture": "#0"},
				"down": {"uv": [0, 0, 0.4, 5.7], "rotation": 180, "texture": "#0"}
			}
		},
		{
			"from": [12.81059, 0.1, 13.28274],
			"to": [13.16059, 0.9, 13.38274],
			"rotation": {"angle": 0, "axis": "y", "origin": [11.4, 8, 20.1]},
			"faces": {
				"north": {"uv": [0, 0, 0.4, 1.6], "texture": "#0"},
				"east": {"uv": [0, 0, 5.7, 1.6], "texture": "#0"},
				"south": {"uv": [0, 0, 0.4, 1.6], "texture": "#0"},
				"west": {"uv": [0, 0, 5.7, 1.6], "texture": "#0"},
				"up": {"uv": [0, 0, 0.4, 5.7], "rotation": 180, "texture": "#0"},
				"down": {"uv": [0, 0, 0.4, 5.7], "rotation": 180, "texture": "#0"}
			}
		},
		{
			"from": [12.46059, 0, 11.08274],
			"to": [14.21059, 1, 11.28274],
			"rotation": {"angle": 0, "axis": "y", "origin": [11.4, 8, 20.1]},
			"faces": {
				"north": {"uv": [0, 0, 0.4, 1.6], "texture": "#0"},
				"east": {"uv": [0, 0, 5.7, 1.6], "texture": "#0"},
				"south": {"uv": [0, 0, 0.4, 1.6], "texture": "#0"},
				"west": {"uv": [0, 0, 5.7, 1.6], "texture": "#0"},
				"up": {"uv": [0, 0, 0.4, 5.7], "rotation": 180, "texture": "#0"},
				"down": {"uv": [0, 0, 0.4, 5.7], "rotation": 180, "texture": "#0"}
			}
		},
		{
			"from": [14.26059, 0, 11.23274],
			"to": [14.41059, 1, 11.28274],
			"rotation": {"angle": 0, "axis": "y", "origin": [12.25, 8, 20.1]},
			"faces": {
				"north": {"uv": [0, 0, 0.4, 1.6], "texture": "#1"},
				"east": {"uv": [0, 0, 5.7, 1.6], "texture": "#1"},
				"south": {"uv": [0, 0, 0.4, 1.6], "texture": "#1"},
				"west": {"uv": [0, 0, 5.7, 1.6], "texture": "#1"},
				"up": {"uv": [0, 0, 0.4, 5.7], "rotation": 180, "texture": "#1"},
				"down": {"uv": [0, 0, 0.4, 5.7], "rotation": 180, "texture": "#1"}
			}
		},
		{
			"from": [14.26059, 0, 12.88274],
			"to": [14.41059, 1, 12.93274],
			"rotation": {"angle": 0, "axis": "y", "origin": [12.25, 8, 20.1]},
			"faces": {
				"north": {"uv": [0, 0, 0.4, 1.6], "texture": "#1"},
				"east": {"uv": [0, 0, 5.7, 1.6], "texture": "#1"},
				"south": {"uv": [0, 0, 0.4, 1.6], "texture": "#1"},
				"west": {"uv": [0, 0, 5.7, 1.6], "texture": "#1"},
				"up": {"uv": [0, 0, 0.4, 5.7], "rotation": 180, "texture": "#1"},
				"down": {"uv": [0, 0, 0.4, 5.7], "rotation": 180, "texture": "#1"}
			}
		},
		{
			"from": [14.21059, -0.1, 11.28274],
			"to": [14.41059, 1.1, 12.88274],
			"rotation": {"angle": 0, "axis": "y", "origin": [12.25, 8, 20.1]},
			"faces": {
				"north": {"uv": [0, 0, 0.4, 1.6], "texture": "#1"},
				"east": {"uv": [0, 0, 5.7, 1.6], "texture": "#1"},
				"south": {"uv": [0, 0, 0.4, 1.6], "texture": "#1"},
				"west": {"uv": [0, 0, 5.7, 1.6], "texture": "#1"},
				"up": {"uv": [0, 0, 0.4, 5.7], "rotation": 180, "texture": "#1"},
				"down": {"uv": [0, 0, 0.4, 5.7], "rotation": 180, "texture": "#1"}
			}
		},
		{
			"from": [14.01059, -0.1, 11.03274],
			"to": [14.21059, 1.1, 11.28274],
			"rotation": {"angle": 0, "axis": "y", "origin": [11.15, 8, 19.9]},
			"faces": {
				"north": {"uv": [0, 0, 0.4, 1.6], "texture": "#0"},
				"east": {"uv": [0, 0, 5.7, 1.6], "texture": "#0"},
				"south": {"uv": [0, 0, 0.4, 1.6], "texture": "#0"},
				"west": {"uv": [0, 0, 5.7, 1.6], "texture": "#0"},
				"up": {"uv": [0, 0, 0.4, 5.7], "rotation": 180, "texture": "#0"},
				"down": {"uv": [0, 0, 0.4, 5.7], "rotation": 180, "texture": "#0"}
			}
		},
		{
			"from": [14.01059, 0, 10.98274],
			"to": [14.21059, 1, 11.28274],
			"rotation": {"angle": 0, "axis": "y", "origin": [11.15, 8, 19.9]},
			"faces": {
				"north": {"uv": [0, 0, 0.4, 1.6], "texture": "#0"},
				"east": {"uv": [0, 0, 5.7, 1.6], "texture": "#0"},
				"south": {"uv": [0, 0, 0.4, 1.6], "texture": "#0"},
				"west": {"uv": [0, 0, 5.7, 1.6], "texture": "#0"},
				"up": {"uv": [0, 0, 0.4, 5.7], "rotation": 180, "texture": "#0"},
				"down": {"uv": [0, 0, 0.4, 5.7], "rotation": 180, "texture": "#0"}
			}
		},
		{
			"from": [10.81059, -0.1, 9.28274],
			"to": [11.01059, 1.1, 9.58274],
			"rotation": {"angle": -22.5, "axis": "y", "origin": [7.95, 8, 18.2]},
			"faces": {
				"north": {"uv": [0, 0, 0.4, 1.6], "texture": "#0"},
				"east": {"uv": [0, 0, 5.7, 1.6], "texture": "#0"},
				"south": {"uv": [0, 0, 0.4, 1.6], "texture": "#0"},
				"west": {"uv": [0, 0, 5.7, 1.6], "texture": "#0"},
				"up": {"uv": [0, 0, 0.4, 5.7], "rotation": 180, "texture": "#0"},
				"down": {"uv": [0, 0, 0.4, 5.7], "rotation": 180, "texture": "#0"}
			}
		},
		{
			"from": [9.3, -0.05, 3.75],
			"to": [9.65, 1.05, 6.9],
			"faces": {
				"north": {"uv": [0, 0, 0.4, 1.1], "texture": "#0"},
				"east": {"uv": [0, 0, 2.8, 1.1], "texture": "#0"},
				"south": {"uv": [0, 0, 0.4, 1.1], "texture": "#0"},
				"west": {"uv": [0, 0, 2.8, 1.1], "texture": "#0"},
				"up": {"uv": [0, 0, 0.4, 2.8], "texture": "#0"},
				"down": {"uv": [0, 0, 0.4, 2.8], "texture": "#0"}
			}
		},
		{
			"from": [9.65, 0.05, 5.15],
			"to": [9.75, 0.95, 6.9],
			"rotation": {"angle": 0, "axis": "y", "origin": [8.1, 8, 7.2]},
			"faces": {
				"north": {"uv": [0, 0, 0.4, 1.1], "texture": "#0"},
				"east": {"uv": [0, 0, 2.8, 1.1], "texture": "#0"},
				"south": {"uv": [0, 0, 0.4, 1.1], "texture": "#0"},
				"west": {"uv": [0, 0, 2.8, 1.1], "texture": "#0"},
				"up": {"uv": [0, 0, 0.4, 2.8], "texture": "#0"},
				"down": {"uv": [0, 0, 0.4, 2.8], "texture": "#0"}
			}
		},
		{
			"from": [9.65, 0.05, 3.75],
			"to": [9.75, 0.95, 4.9],
			"rotation": {"angle": 0, "axis": "y", "origin": [8.1, 8, 7.2]},
			"faces": {
				"north": {"uv": [0, 0, 0.4, 1.1], "texture": "#0"},
				"east": {"uv": [0, 0, 2.8, 1.1], "texture": "#0"},
				"south": {"uv": [0, 0, 0.4, 1.1], "texture": "#0"},
				"west": {"uv": [0, 0, 2.8, 1.1], "texture": "#0"},
				"up": {"uv": [0, 0, 0.4, 2.8], "texture": "#0"},
				"down": {"uv": [0, 0, 0.4, 2.8], "texture": "#0"}
			}
		},
		{
			"from": [7.65, -0.05, 12.2],
			"to": [7.95, 1.05, 12.3],
			"rotation": {"angle": 0, "axis": "y", "origin": [4.7, 8, 8]},
			"faces": {
				"north": {"uv": [0, 0, 1.6, 1.8], "texture": "#2"},
				"east": {"uv": [0, 0, 9, 1.8], "texture": "#2"},
				"south": {"uv": [0, 0, 1.6, 1.8], "texture": "#2"},
				"west": {"uv": [0, 0, 9, 1.8], "texture": "#2"},
				"up": {"uv": [0, 0, 1.6, 9], "texture": "#2"},
				"down": {"uv": [0, 0, 1.6, 9], "texture": "#2"}
			}
		},
		{
			"from": [7.55, -0.15, 10.15],
			"to": [7.95, 1.15, 12.2],
			"rotation": {"angle": 0, "axis": "y", "origin": [4.7, 8, 8]},
			"faces": {
				"north": {"uv": [0, 0, 1.6, 1.8], "texture": "#2"},
				"east": {"uv": [0, 0, 9, 1.8], "texture": "#2"},
				"south": {"uv": [0, 0, 1.6, 1.8], "texture": "#2"},
				"west": {"uv": [0, 0, 9, 1.8], "texture": "#2"},
				"up": {"uv": [0, 0, 1.6, 9], "texture": "#2"},
				"down": {"uv": [0, 0, 1.6, 9], "texture": "#2"}
			}
		},
		{
			"from": [5.65, 1.05, 11.1],
			"to": [6.55, 1.15, 11.35],
			"rotation": {"angle": 22.5, "axis": "y", "origin": [4.7, 8, 8]},
			"faces": {
				"north": {"uv": [0, 0, 1.6, 1.8], "texture": "#2"},
				"east": {"uv": [0, 0, 9, 1.8], "texture": "#2"},
				"south": {"uv": [0, 0, 1.6, 1.8], "texture": "#2"},
				"west": {"uv": [0, 0, 9, 1.8], "texture": "#2"},
				"up": {"uv": [0, 0, 1.6, 9], "texture": "#2"},
				"down": {"uv": [0, 0, 1.6, 9], "texture": "#2"}
			}
		},
		{
			"from": [5.65, -0.15, 11.1],
			"to": [6.55, -0.05, 11.35],
			"rotation": {"angle": 22.5, "axis": "y", "origin": [4.7, 8, 8]},
			"faces": {
				"north": {"uv": [0, 0, 1.6, 1.8], "texture": "#2"},
				"east": {"uv": [0, 0, 9, 1.8], "texture": "#2"},
				"south": {"uv": [0, 0, 1.6, 1.8], "texture": "#2"},
				"west": {"uv": [0, 0, 9, 1.8], "texture": "#2"},
				"up": {"uv": [0, 0, 1.6, 9], "texture": "#2"},
				"down": {"uv": [0, 0, 1.6, 9], "texture": "#2"}
			}
		},
		{
			"from": [7.65, -0.15, 9.5],
			"to": [8.55, -0.05, 9.75],
			"rotation": {"angle": -22.5, "axis": "y", "origin": [4.7, 8, 8]},
			"faces": {
				"north": {"uv": [0, 0, 1.6, 1.8], "texture": "#2"},
				"east": {"uv": [0, 0, 9, 1.8], "texture": "#2"},
				"south": {"uv": [0, 0, 1.6, 1.8], "texture": "#2"},
				"west": {"uv": [0, 0, 9, 1.8], "texture": "#2"},
				"up": {"uv": [0, 0, 1.6, 9], "texture": "#2"},
				"down": {"uv": [0, 0, 1.6, 9], "texture": "#2"}
			}
		},
		{
			"from": [7.65, 1.05, 9.5],
			"to": [8.55, 1.15, 9.75],
			"rotation": {"angle": -22.5, "axis": "y", "origin": [4.7, 8, 8]},
			"faces": {
				"north": {"uv": [0, 0, 1.6, 1.8], "texture": "#2"},
				"east": {"uv": [0, 0, 9, 1.8], "texture": "#2"},
				"south": {"uv": [0, 0, 1.6, 1.8], "texture": "#2"},
				"west": {"uv": [0, 0, 9, 1.8], "texture": "#2"},
				"up": {"uv": [0, 0, 1.6, 9], "texture": "#2"},
				"down": {"uv": [0, 0, 1.6, 9], "texture": "#2"}
			}
		},
		{
			"from": [6.65, 1.05, 10.5],
			"to": [7.65, 1.15, 10.75],
			"rotation": {"angle": 0, "axis": "y", "origin": [4.7, 8, 8]},
			"faces": {
				"north": {"uv": [0, 0, 1.6, 1.8], "texture": "#2"},
				"east": {"uv": [0, 0, 9, 1.8], "texture": "#2"},
				"south": {"uv": [0, 0, 1.6, 1.8], "texture": "#2"},
				"west": {"uv": [0, 0, 9, 1.8], "texture": "#2"},
				"up": {"uv": [0, 0, 1.6, 9], "texture": "#2"},
				"down": {"uv": [0, 0, 1.6, 9], "texture": "#2"}
			}
		},
		{
			"from": [6.6, -0.1, 10.5],
			"to": [6.7, 1.1, 10.75],
			"rotation": {"angle": 0, "axis": "y", "origin": [4.7, 8, 8]},
			"faces": {
				"north": {"uv": [0, 0, 1.6, 1.8], "texture": "#2"},
				"east": {"uv": [0, 0, 9, 1.8], "texture": "#2"},
				"south": {"uv": [0, 0, 1.6, 1.8], "texture": "#2"},
				"west": {"uv": [0, 0, 9, 1.8], "texture": "#2"},
				"up": {"uv": [0, 0, 1.6, 9], "texture": "#2"},
				"down": {"uv": [0, 0, 1.6, 9], "texture": "#2"}
			}
		},
		{
			"from": [7.05, 0.45, 10.6],
			"to": [7.15, 0.55, 10.6],
			"rotation": {"angle": 0, "axis": "y", "origin": [4.7, 8, 8]},
			"faces": {
				"north": {"uv": [0, 0, 1.6, 1.8], "texture": "#5"},
				"east": {"uv": [0, 0, 9, 1.8], "texture": "#5"},
				"south": {"uv": [0, 0, 1.6, 1.8], "texture": "#5"},
				"west": {"uv": [0, 0, 9, 1.8], "texture": "#5"},
				"up": {"uv": [0, 0, 1.6, 9], "texture": "#5"},
				"down": {"uv": [0, 0, 1.6, 9], "texture": "#5"}
			}
		},
		{
			"from": [10.95, 4.45, 10.5],
			"to": [11.05, 4.55, 10.75],
			"rotation": {"angle": -45, "axis": "z", "origin": [4.7, 8, 8]},
			"faces": {
				"north": {"uv": [0, 0, 1.6, 1.8], "texture": "#2"},
				"east": {"uv": [0, 0, 9, 1.8], "texture": "#2"},
				"south": {"uv": [0, 0, 1.6, 1.8], "texture": "#2"},
				"west": {"uv": [0, 0, 9, 1.8], "texture": "#2"},
				"up": {"uv": [0, 0, 1.6, 9], "texture": "#2"},
				"down": {"uv": [0, 0, 1.6, 9], "texture": "#2"}
			}
		},
		{
			"from": [11.75, 3.65, 10.5],
			"to": [11.85, 3.75, 10.75],
			"rotation": {"angle": -45, "axis": "z", "origin": [4.7, 8, 8]},
			"faces": {
				"north": {"uv": [0, 0, 1.6, 1.8], "texture": "#2"},
				"east": {"uv": [0, 0, 9, 1.8], "texture": "#2"},
				"south": {"uv": [0, 0, 1.6, 1.8], "texture": "#2"},
				"west": {"uv": [0, 0, 9, 1.8], "texture": "#2"},
				"up": {"uv": [0, 0, 1.6, 9], "texture": "#2"},
				"down": {"uv": [0, 0, 1.6, 9], "texture": "#2"}
			}
		},
		{
			"from": [7.35, 1.05, 10.4],
			"to": [7.65, 1.15, 10.85],
			"rotation": {"angle": 0, "axis": "y", "origin": [4.7, 8, 8]},
			"faces": {
				"north": {"uv": [0, 0, 1.6, 1.8], "texture": "#2"},
				"east": {"uv": [0, 0, 9, 1.8], "texture": "#2"},
				"south": {"uv": [0, 0, 1.6, 1.8], "texture": "#2"},
				"west": {"uv": [0, 0, 9, 1.8], "texture": "#2"},
				"up": {"uv": [0, 0, 1.6, 9], "texture": "#2"},
				"down": {"uv": [0, 0, 1.6, 9], "texture": "#2"}
			}
		},
		{
			"from": [7.35, -0.15, 10.4],
			"to": [7.65, -0.05, 10.85],
			"rotation": {"angle": 0, "axis": "y", "origin": [4.7, 8, 8]},
			"faces": {
				"north": {"uv": [0, 0, 1.6, 1.8], "texture": "#2"},
				"east": {"uv": [0, 0, 9, 1.8], "texture": "#2"},
				"south": {"uv": [0, 0, 1.6, 1.8], "texture": "#2"},
				"west": {"uv": [0, 0, 9, 1.8], "texture": "#2"},
				"up": {"uv": [0, 0, 1.6, 9], "texture": "#2"},
				"down": {"uv": [0, 0, 1.6, 9], "texture": "#2"}
			}
		},
		{
			"from": [6.65, -0.15, 10.5],
			"to": [7.65, -0.05, 10.75],
			"rotation": {"angle": 0, "axis": "y", "origin": [4.7, 8, 8]},
			"faces": {
				"north": {"uv": [0, 0, 1.6, 1.8], "texture": "#2"},
				"east": {"uv": [0, 0, 9, 1.8], "texture": "#2"},
				"south": {"uv": [0, 0, 1.6, 1.8], "texture": "#2"},
				"west": {"uv": [0, 0, 9, 1.8], "texture": "#2"},
				"up": {"uv": [0, 0, 1.6, 9], "texture": "#2"},
				"down": {"uv": [0, 0, 1.6, 9], "texture": "#2"}
			}
		}
	],
	"display": {
		"thirdperson_righthand": {
			"rotation": [0, -2, -90],
			"translation": [5.75, 1.5, -0.5],
			"scale": [0.85, 0.85, 0.85]
		},
		"thirdperson_lefthand": {
			"scale": [0, 0, 0]
		},
		"firstperson_righthand": {
			"rotation": [4, -1, -101],
			"translation": [5.25, 3.75, -0.5],
			"scale": [0.85, 0.85, 0.85]
		},
		"firstperson_lefthand": {
			"scale": [0, 0, 0]
		},
		"ground": {
			"rotation": [0, 0, -90],
			"translation": [6.5, 2.75, 3.25],
			"scale": [0.85, 0.85, 0.85]
		},
		"gui": {
			"rotation": [-40, 120, -20],
			"translation": [2.25, 5, -0.75]
		},
		"fixed": {
			"rotation": [90, -90, 0],
			"translation": [-6, 3, 11.75],
			"scale": [1.7, 1.7, 1.7]
		}
	},
	"groups": [0, 1, 2, 3, 4, 5, 6, 7, 8, 9, 10, 11, 12, 13, 14, 15, 16, 17, 18, 19, 20, 21, 22, 23, 24, 25, 26, 27, 28, 29, 30, 31, 32, 33, 34, 35, 36, 37, 38, 39, 40, 41, 42, 43, 44, 45, 46, 47, 48, 49, 50, 51, 52, 53, 54, 55, 56, 57, 58, 59, 60, 61, 62, 63, 64, 65, 66, 67, 68, 69, 70, 71, 72, 73, 74, 75, 76, 77, 78, 79, 80, 81, 82, 83, 84, 85, 86, 87, 88, 89, 90, 91, 92, 93, 94, 95, 96, 97, 98, 99, 100, 101, 102, 103, 104, 105, 106, 107, 108, 109, 110, 111, 112, 113, 114, 115, 116,
		{
			"name": "glock_17_special",
			"origin": [8, 8, 8],
			"color": 0,
			"children": [117, 118, 119, 120, 121, 122, 123, 124, 125, 126, 127, 128, 129, 130]
		}
	]
}