{
	"credit": "Made with Blockbench",
	"texture_size": [32, 32],
	"textures": {
		"0": "moguns:items/akm"
	},
	"elements": [
		{
			"from": [7.4, -1.1, 13.7],
			"to": [8.6, 2.6, 15],
			"rotation": {"angle": -22.5, "axis": "x", "origin": [8, 4.5, 15]},
			"faces": {
				"north": {"uv": [13, 0, 14, 3.5], "texture": "#0"},
				"east": {"uv": [12, 0, 13, 3.5], "texture": "#0"},
				"south": {"uv": [11, 0, 12, 3.5], "texture": "#0"},
				"west": {"uv": [10, 0, 11, 3.5], "texture": "#0"},
				"up": {"uv": [0, 0, 0, 0], "texture": "#0"},
				"down": {"uv": [11, 3.5, 10, 4.5], "texture": "#0"}
			}
		},
		{
			"from": [7.6, 0.85032, 12.96977],
			"to": [8.45, 1.45032, 15.16977],
			"rotation": {"angle": 0, "axis": "y", "origin": [7.5, 7.95032, 7.96977]},
			"faces": {
				"north": {"uv": [0, 0, 0, 0], "texture": "#0"},
				"east": {"uv": [9, 0, 10, 0.5], "texture": "#0"},
				"south": {"uv": [0, 0, 0, 0], "texture": "#0"},
				"west": {"uv": [9, 0, 10, 0.5], "texture": "#0"},
				"up": {"uv": [9, 0, 10, 0.5], "rotation": 90, "texture": "#0"},
				"down": {"uv": [9, 0, 10, 0.5], "rotation": 90, "texture": "#0"}
			}
		},
		{
			"from": [7.8, 1.575, 14.125],
			"to": [8.2, 2.3, 14.45],
			"faces": {
				"north": {"uv": [8.5, 0, 9, 0.5], "texture": "#0"},
				"east": {"uv": [8.5, 0, 9, 0.5], "texture": "#0"},
				"south": {"uv": [0, 0, 0, 0], "texture": "#0"},
				"west": {"uv": [8.5, 0, 9, 0.5], "texture": "#0"},
				"up": {"uv": [0, 0, 0, 0], "texture": "#0"},
				"down": {"uv": [9, 0, 8.5, 0.5], "texture": "#0"}
			}
		},
		{
			"from": [7.2, 1, 12.45],
			"to": [8.8, 2.25, 13.2],
			"rotation": {"angle": 0, "axis": "y", "origin": [8, 7.95, 7.5]},
			"faces": {
				"north": {"uv": [5.5, 3.5, 4.5, 4.5], "texture": "#0", "tintindex": 0},
				"east": {"uv": [5.5, 3.5, 4.5, 4.5], "texture": "#0", "tintindex": 0},
				"south": {"uv": [5.5, 3.5, 4.5, 4.5], "texture": "#0", "tintindex": 0},
				"west": {"uv": [5.5, 3.5, 4.5, 4.5], "texture": "#0", "tintindex": 0},
				"up": {"uv": [5.5, 3.5, 4.5, 4.5], "texture": "#0", "tintindex": 0},
				"down": {"uv": [5.5, 3.5, 4.5, 4.5], "texture": "#0", "tintindex": 0}
			}
		},
		{
			"from": [7.6, 4.395, 9.695],
			"to": [8.4, 4.63, 15.97],
			"rotation": {"angle": 0, "axis": "y", "origin": [8.4, 7.4, 6]},
			"faces": {
				"north": {"uv": [0, 0, 0, 0], "texture": "#0"},
				"east": {"uv": [15.5, 0, 16, 13.5], "rotation": 270, "texture": "#0", "tintindex": 0},
				"south": {"uv": [0, 0, 0, 0], "texture": "#0"},
				"west": {"uv": [14.5, 0, 15, 13.5], "rotation": 90, "texture": "#0", "tintindex": 0},
				"up": {"uv": [15, 0, 15.5, 12.5], "texture": "#0", "tintindex": 0},
				"down": {"uv": [0, 0, 0, 0], "texture": "#0"}
			}
		},
		{
			"from": [7.601, 6.50416, 14.87996],
			"to": [8.399, 6.80416, 15.20416],
			"rotation": {"angle": 45, "axis": "x", "origin": [8, 4.4, 12.8]},
			"faces": {
				"north": {"uv": [0, 0, 0, 0], "texture": "#0"},
				"east": {"uv": [15.5, 0.5, 16, 0], "rotation": 270, "texture": "#0", "tintindex": 0},
				"south": {"uv": [0, 0, 0, 0], "texture": "#0"},
				"west": {"uv": [14.5, 0.5, 15, 0], "rotation": 90, "texture": "#0", "tintindex": 0},
				"up": {"uv": [14.5, 0.5, 15, 0], "texture": "#0", "tintindex": 0},
				"down": {"uv": [0, 0, 0, 0], "texture": "#0"}
			}
		},
		{
			"from": [8.234, 3.6, 11.9],
			"to": [8.8, 4, 16.199],
			"rotation": {"angle": -45, "axis": "z", "origin": [8.8, 4, 10.5]},
			"faces": {
				"north": {"uv": [0, 1.5, 0.5, 2], "texture": "#0"},
				"east": {"uv": [0, 0, 0, 0], "texture": "#0"},
				"south": {"uv": [9.5, 1, 10, 1.5], "texture": "#0", "tintindex": 0},
				"west": {"uv": [0, 0, 0, 0], "texture": "#0"},
				"up": {"uv": [6, 1, 2, 1.5], "rotation": 270, "texture": "#0", "tintindex": 0},
				"down": {"uv": [0, 0, 0, 0], "texture": "#0"}
			}
		},
		{
			"from": [7.2, 2.245, 9.2],
			"to": [8.8, 3.145, 16.2],
			"faces": {
				"north": {"uv": [0, 1, 2, 3], "texture": "#0", "tintindex": 0},
				"east": {"uv": [8, 2.5, 2, 3.5], "texture": "#0", "tintindex": 0},
				"west": {"uv": [2, 2.5, 8, 3.5], "texture": "#0", "tintindex": 0},
				"up": {"uv": [2, 1.5, 4, 2.5], "texture": "#0"},
				"down": {"uv": [2, 3.5, 8, 5.5], "rotation": 270, "texture": "#0", "tintindex": 0}
			}
		},
		{
			"from": [7.2, 3.145, 11.9],
			"to": [8.8, 4, 16.2],
			"faces": {
				"north": {"uv": [0, 1.5, 2, 3.5], "texture": "#0", "tintindex": 0},
				"east": {"uv": [8, 1.5, 4.5, 2.5], "texture": "#0", "tintindex": 0},
				"west": {"uv": [4.5, 1.5, 8, 2.5], "texture": "#0", "tintindex": 0},
				"up": {"uv": [0, 0, 0, 0], "texture": "#0"},
				"down": {"uv": [2, 3.5, 8, 5.5], "rotation": 270, "texture": "#0", "tintindex": 0}
			}
		},
		{
			"from": [7.2, 3.145, 9.7],
			"to": [7.3, 4, 11.9],
			"faces": {
				"north": {"uv": [3, 2.5, 2, 3.5], "texture": "#0", "tintindex": 0},
				"east": {"uv": [3, 2.5, 2, 3.5], "texture": "#0", "tintindex": 0},
				"south": {"uv": [3, 2.5, 2, 3.5], "texture": "#0", "tintindex": 0},
				"west": {"uv": [3, 2.5, 2, 3.5], "texture": "#0", "tintindex": 0},
				"up": {"uv": [3, 2.5, 2, 3.5], "texture": "#0", "tintindex": 0},
				"down": {"uv": [3, 2.5, 2, 3.5], "texture": "#0", "tintindex": 0}
			}
		},
		{
			"from": [8.8, 3.045, 12.5],
			"to": [8.9, 3.4, 14.6],
			"rotation": {"angle": 22.5, "axis": "x", "origin": [8.85, 3.2225, 13.55]},
			"faces": {
				"north": {"uv": [5, 3.5, 2, 4], "texture": "#0", "tintindex": 0},
				"east": {"uv": [5, 3.5, 2, 4], "rotation": 180, "texture": "#0", "tintindex": 0},
				"south": {"uv": [5, 3.5, 2, 4], "texture": "#0", "tintindex": 0},
				"west": {"uv": [5, 3.5, 2, 4], "texture": "#0", "tintindex": 0},
				"up": {"uv": [5, 3.5, 2, 4], "texture": "#0", "tintindex": 0},
				"down": {"uv": [5, 3.5, 2, 4], "texture": "#0", "tintindex": 0}
			}
		},
		{
			"from": [7.3, 3.15, 7.2],
			"to": [8.7, 4.6, 9.7],
			"faces": {
				"north": {"uv": [0, 1.5, 2, 3.5], "texture": "#0", "tintindex": 0},
				"east": {"uv": [0, 1.5, 2, 3.5], "texture": "#0", "tintindex": 0},
				"south": {"uv": [0, 1.5, 2, 3.5], "texture": "#0", "tintindex": 0},
				"west": {"uv": [0, 1.5, 2, 3.5], "texture": "#0", "tintindex": 0},
				"up": {"uv": [0, 1.5, 2, 3.5], "texture": "#0", "tintindex": 0},
				"down": {"uv": [0, 1.5, 2, 3.5], "texture": "#0", "tintindex": 0}
			}
		},
		{
			"from": [7.5, 4.695, 7.9],
			"to": [7.6, 4.795, 9.7],
			"faces": {
				"north": {"uv": [4, 1, 8, 1.5], "texture": "#0", "tintindex": 0},
				"east": {"uv": [4, 1, 8, 1.5], "texture": "#0", "tintindex": 0},
				"south": {"uv": [4, 1, 8, 1.5], "texture": "#0", "tintindex": 0},
				"west": {"uv": [4, 1, 8, 1.5], "texture": "#0", "tintindex": 0},
				"up": {"uv": [4, 1, 8, 1.5], "texture": "#0", "tintindex": 0},
				"down": {"uv": [4, 1, 8, 1.5], "texture": "#0", "tintindex": 0}
			}
		},
		{
			"from": [8.4, 4.695, 7.9],
			"to": [8.5, 4.795, 9.7],
			"faces": {
				"north": {"uv": [8, 1, 4, 1.5], "texture": "#0", "tintindex": 0},
				"east": {"uv": [8, 1, 4, 1.5], "texture": "#0", "tintindex": 0},
				"south": {"uv": [8, 1, 4, 1.5], "texture": "#0", "tintindex": 0},
				"west": {"uv": [8, 1, 4, 1.5], "texture": "#0", "tintindex": 0},
				"up": {"uv": [8, 1, 4, 1.5], "texture": "#0", "tintindex": 0},
				"down": {"uv": [8, 1, 4, 1.5], "texture": "#0", "tintindex": 0}
			}
		},
		{
			"from": [7.5, 4.695, 7.2],
			"to": [7.6, 4.895, 7.9],
			"faces": {
				"north": {"uv": [3.5, 0.5, 4, 1.5], "texture": "#0", "tintindex": 0},
				"east": {"uv": [3.5, 0.5, 4, 1.5], "texture": "#0", "tintindex": 0},
				"south": {"uv": [3.5, 0.5, 4, 1.5], "texture": "#0", "tintindex": 0},
				"west": {"uv": [3.5, 0.5, 4, 1.5], "texture": "#0", "tintindex": 0},
				"up": {"uv": [3.5, 0.5, 4, 1.5], "texture": "#0", "tintindex": 0},
				"down": {"uv": [3.5, 0.5, 4, 1.5], "texture": "#0", "tintindex": 0}
			}
		},
		{
			"from": [8.4, 4.695, 7.2],
			"to": [8.5, 4.895, 7.9],
			"faces": {
				"north": {"uv": [3.5, 0.5, 4, 1.5], "texture": "#0", "tintindex": 0},
				"east": {"uv": [3.5, 0.5, 4, 1.5], "texture": "#0", "tintindex": 0},
				"south": {"uv": [3.5, 0.5, 4, 1.5], "texture": "#0", "tintindex": 0},
				"west": {"uv": [3.5, 0.5, 4, 1.5], "texture": "#0", "tintindex": 0},
				"up": {"uv": [3.5, 0.5, 4, 1.5], "texture": "#0", "tintindex": 0},
				"down": {"uv": [3.5, 0.5, 4, 1.5], "texture": "#0", "tintindex": 0}
			}
		},
		{
			"from": [7.5, 4.595, 7.2],
			"to": [8.5, 4.695, 9.7],
			"faces": {
				"north": {"uv": [3.5, 1, 2, 1.5], "texture": "#0", "tintindex": 0},
				"east": {"uv": [3.5, 1, 2, 1.5], "texture": "#0", "tintindex": 0},
				"south": {"uv": [3.5, 1, 2, 1.5], "texture": "#0", "tintindex": 0},
				"west": {"uv": [3.5, 1, 2, 1.5], "texture": "#0", "tintindex": 0},
				"up": {"uv": [3.5, 1, 2, 1.5], "texture": "#0", "tintindex": 0},
				"down": {"uv": [3.5, 1, 2, 1.5], "texture": "#0", "tintindex": 0}
			}
		},
		{
			"from": [7.75, 4.695, 7.2],
			"to": [8.25, 4.795, 9.85],
			"faces": {
				"north": {"uv": [2, 0, 2.5, 0.5], "texture": "#0", "tintindex": 0},
				"east": {"uv": [2, 0, 2.5, 0.5], "texture": "#0", "tintindex": 0},
				"south": {"uv": [2, 0, 2.5, 0.5], "texture": "#0", "tintindex": 0},
				"west": {"uv": [2, 0, 2.5, 0.5], "texture": "#0", "tintindex": 0},
				"up": {"uv": [2, 0, 2.5, 0.5], "texture": "#0", "tintindex": 0},
				"down": {"uv": [2, 0, 2.5, 0.5], "texture": "#0", "tintindex": 0}
			}
		},
		{
			"from": [7.75, 4.795, 9.75],
			"to": [7.89, 4.895, 9.85],
			"faces": {
				"north": {"uv": [2.5, 0.5, 3, 1], "texture": "#0", "tintindex": 0},
				"east": {"uv": [2.5, 0.5, 3, 1], "texture": "#0", "tintindex": 0},
				"south": {"uv": [2.5, 0.5, 3, 1], "texture": "#0", "tintindex": 0},
				"west": {"uv": [2.5, 0.5, 3, 1], "texture": "#0", "tintindex": 0},
				"up": {"uv": [2.5, 0.5, 3, 1], "texture": "#0", "tintindex": 0},
				"down": {"uv": [2.5, 0.5, 3, 1], "texture": "#0", "tintindex": 0}
			}
		},
		{
			"from": [8.11, 4.795, 9.75],
			"to": [8.25, 4.895, 9.85],
			"faces": {
				"north": {"uv": [3, 0.5, 3.5, 1], "texture": "#0", "tintindex": 0},
				"east": {"uv": [3, 0.5, 3.5, 1], "texture": "#0", "tintindex": 0},
				"south": {"uv": [3, 0.5, 3.5, 1], "texture": "#0", "tintindex": 0},
				"west": {"uv": [3, 0.5, 3.5, 1], "texture": "#0", "tintindex": 0},
				"up": {"uv": [3, 0.5, 3.5, 1], "texture": "#0", "tintindex": 0},
				"down": {"uv": [3, 0.5, 3.5, 1], "texture": "#0", "tintindex": 0}
			}
		},
		{
			"from": [8.15, 4.695, 8.7],
			"to": [8.55, 4.945, 8.95],
			"rotation": {"angle": 45, "axis": "x", "origin": [8, 4.82, 8.825]},
			"faces": {
				"north": {"uv": [2, 0.5, 2.5, 1.5], "texture": "#0", "tintindex": 0},
				"east": {"uv": [2, 0.5, 2.5, 1.5], "texture": "#0", "tintindex": 0},
				"south": {"uv": [2, 0.5, 2.5, 1.5], "texture": "#0", "tintindex": 0},
				"west": {"uv": [2, 0.5, 2.5, 1.5], "texture": "#0", "tintindex": 0},
				"up": {"uv": [2, 0.5, 2.5, 1.5], "texture": "#0", "tintindex": 0},
				"down": {"uv": [2, 0.5, 2.5, 1.5], "texture": "#0", "tintindex": 0}
			}
		},
		{
			"from": [7.45, 4.695, 8.7],
			"to": [7.85, 4.945, 8.95],
			"rotation": {"angle": 45, "axis": "x", "origin": [8, 4.82, 8.825]},
			"faces": {
				"north": {"uv": [2, 0.5, 2.5, 1.5], "texture": "#0", "tintindex": 0},
				"east": {"uv": [2, 0.5, 2.5, 1.5], "texture": "#0", "tintindex": 0},
				"south": {"uv": [2, 0.5, 2.5, 1.5], "texture": "#0", "tintindex": 0},
				"west": {"uv": [2, 0.5, 2.5, 1.5], "texture": "#0", "tintindex": 0},
				"up": {"uv": [2, 0.5, 2.5, 1.5], "texture": "#0", "tintindex": 0},
				"down": {"uv": [2, 0.5, 2.5, 1.5], "texture": "#0", "tintindex": 0}
			}
		},
		{
			"from": [7.2, 3.6, 9.7],
			"to": [7.766, 4, 16.199],
			"rotation": {"angle": 45, "axis": "z", "origin": [7.2, 4, 10.5]},
			"faces": {
				"north": {"uv": [1.5, 1, 2, 1.5], "texture": "#0"},
				"east": {"uv": [0, 0, 0, 0], "texture": "#0"},
				"south": {"uv": [8, 1, 8.5, 1.5], "texture": "#0", "tintindex": 0},
				"west": {"uv": [0, 0, 0, 0], "texture": "#0"},
				"up": {"uv": [2, 1, 6, 1.5], "rotation": 90, "texture": "#0", "tintindex": 0},
				"down": {"uv": [0, 0, 0, 0], "texture": "#0"}
			}
		},
		{
			"from": [7.6, 4, 9.7],
			"to": [8.4, 4.4, 16.2],
			"faces": {
				"north": {"uv": [2, 0, 8, 1], "rotation": 90, "texture": "#0", "tintindex": 0},
				"east": {"uv": [2, 0, 8, 1], "rotation": 90, "texture": "#0", "tintindex": 0},
				"south": {"uv": [2, 0, 8, 1], "rotation": 90, "texture": "#0", "tintindex": 0},
				"west": {"uv": [2, 0, 8, 1], "rotation": 90, "texture": "#0", "tintindex": 0},
				"up": {"uv": [2, 0, 8, 1], "rotation": 90, "texture": "#0", "tintindex": 0},
				"down": {"uv": [2, 0, 8, 1], "rotation": 90, "texture": "#0", "tintindex": 0}
			}
		},
		{
			"from": [7.5, -0.73, 10.29],
			"to": [8.5, 1.07, 11.79],
			"rotation": {"angle": 22.5, "axis": "x", "origin": [8, -0.65, 11.82]},
			"faces": {
				"north": {"uv": [6, 8.5, 4.5, 10], "texture": "#0"},
				"east": {"uv": [6, 8.5, 4.5, 10], "texture": "#0"},
				"south": {"uv": [6, 8.5, 4.5, 10], "texture": "#0"},
				"west": {"uv": [6, 8.5, 4.5, 10], "texture": "#0"},
				"up": {"uv": [6, 8.5, 4.5, 10], "texture": "#0"},
				"down": {"uv": [6, 8.5, 4.5, 10], "texture": "#0"}
			}
		},
		{
			"from": [7.5, -2.535, 10.32],
			"to": [8.5, -0.735, 11.82],
			"rotation": {"angle": 45, "axis": "x", "origin": [8, -0.65, 11.82]},
			"faces": {
				"north": {"uv": [6, 8.5, 4.5, 10], "texture": "#0"},
				"east": {"uv": [6, 8.5, 4.5, 10], "texture": "#0"},
				"south": {"uv": [6, 8.5, 4.5, 10], "texture": "#0"},
				"west": {"uv": [6, 8.5, 4.5, 10], "texture": "#0"},
				"up": {"uv": [6, 8.5, 4.5, 10], "texture": "#0"},
				"down": {"uv": [6, 8.5, 4.5, 10], "texture": "#0"}
			}
		},
		{
			"from": [7.5, 0.95, 10.95],
			"to": [8.5, 2.25, 12.45],
			"rotation": {"angle": 0, "axis": "y", "origin": [0, 0, -0.5]},
			"faces": {
				"north": {"uv": [6, 7, 4.5, 8.5], "texture": "#0"},
				"east": {"uv": [6, 7, 4.5, 8.5], "texture": "#0"},
				"south": {"uv": [6, 7, 4.5, 8.5], "texture": "#0"},
				"west": {"uv": [6, 7, 4.5, 8.5], "texture": "#0"},
				"up": {"uv": [6, 7, 4.5, 8.5], "texture": "#0"},
				"down": {"uv": [6, 7, 4.5, 8.5], "texture": "#0"}
			}
		},
		{
			"from": [7.201, 1.77, 8.319],
			"to": [8.799, 2.52, 9.069],
			"rotation": {"angle": 45, "axis": "x", "origin": [8, 2.225, 8.81]},
			"faces": {
				"north": {"uv": [0, 15.5, 1, 16], "texture": "#0", "tintindex": 0},
				"east": {"uv": [0, 15.5, 1, 16], "texture": "#0", "tintindex": 0},
				"south": {"uv": [0, 15.5, 1, 16], "texture": "#0", "tintindex": 0},
				"west": {"uv": [0, 15.5, 1, 16], "texture": "#0", "tintindex": 0},
				"up": {"uv": [0, 15.5, 1, 16], "texture": "#0", "tintindex": 0},
				"down": {"uv": [0, 15.5, 1, 16], "texture": "#0", "tintindex": 0}
			}
		},
		{
			"from": [7.2, 2.25, 4.194],
			"to": [8.8, 3.25, 9.2],
			"rotation": {"angle": 0, "axis": "y", "origin": [8, 8.2, 5.7]},
			"faces": {
				"north": {"uv": [8, 15, 0, 16], "texture": "#0", "tintindex": 0},
				"east": {"uv": [0, 15, 7.5, 16], "texture": "#0", "tintindex": 0},
				"south": {"uv": [8, 15, 0, 16], "texture": "#0", "tintindex": 0},
				"west": {"uv": [7.5, 15, 0, 16], "texture": "#0", "tintindex": 0},
				"up": {"uv": [1, 15, 0, 16], "texture": "#0", "tintindex": 0},
				"down": {"uv": [2, 13, 4.5, 11], "rotation": 90, "texture": "#0", "tintindex": 0}
			}
		},
		{
			"from": [7.2, 3.25, 6.7],
			"to": [8.8, 3.5, 7.2],
			"faces": {
				"north": {"uv": [3, 14, 3.5, 14.5], "rotation": 270, "texture": "#0", "tintindex": 0},
				"east": {"uv": [3, 14, 3.5, 14.5], "rotation": 270, "texture": "#0", "tintindex": 0},
				"south": {"uv": [3, 14, 3.5, 14.5], "rotation": 270, "texture": "#0", "tintindex": 0},
				"west": {"uv": [3, 14, 3.5, 14.5], "rotation": 270, "texture": "#0", "tintindex": 0},
				"up": {"uv": [3, 14, 3.5, 14.5], "rotation": 270, "texture": "#0", "tintindex": 0},
				"down": {"uv": [3, 14, 3.5, 14.5], "rotation": 270, "texture": "#0", "tintindex": 0}
			}
		},
		{
			"from": [7.2, 3.5, 4.194],
			"to": [8.8, 4, 7.2],
			"rotation": {"angle": 0, "axis": "y", "origin": [8, 8.2, 5.7]},
			"faces": {
				"north": {"uv": [3.5, 13.5, 0, 14], "texture": "#0", "tintindex": 0},
				"east": {"uv": [3.5, 13.5, 0, 14], "texture": "#0", "tintindex": 0},
				"south": {"uv": [3.5, 13.5, 0, 14], "texture": "#0", "tintindex": 0},
				"west": {"uv": [3.5, 13.5, 0, 14], "texture": "#0", "tintindex": 0},
				"up": {"uv": [3.5, 13.5, 0, 14], "texture": "#0", "tintindex": 0},
				"down": {"uv": [3.5, 13.5, 0, 14], "texture": "#0", "tintindex": 0}
			}
		},
		{
			"from": [7.45, 3.25, 4.45],
			"to": [8.55, 3.5, 7.2],
			"faces": {
				"north": {"uv": [14.5, 15, 16, 16], "texture": "#0", "tintindex": 0},
				"east": {"uv": [14.5, 15, 16, 16], "texture": "#0", "tintindex": 0},
				"south": {"uv": [14.5, 15, 16, 16], "texture": "#0", "tintindex": 0},
				"west": {"uv": [14.5, 15, 16, 16], "texture": "#0", "tintindex": 0},
				"up": {"uv": [14.5, 15, 16, 16], "texture": "#0", "tintindex": 0},
				"down": {"uv": [14.5, 15, 16, 16], "texture": "#0", "tintindex": 0}
			}
		},
		{
			"from": [8.234, 3.6, 4.2],
			"to": [8.8, 4, 7.2],
			"rotation": {"angle": -45, "axis": "z", "origin": [8.8, 4, 9.5]},
			"faces": {
				"north": {"uv": [0, 11, 0.5, 11.5], "texture": "#0", "tintindex": 0},
				"east": {"uv": [0, 0, 0, 0], "texture": "#0"},
				"south": {"uv": [0, 13.5, 0.5, 14], "texture": "#0"},
				"west": {"uv": [0, 0, 0, 0], "texture": "#0"},
				"up": {"uv": [0, 13, 3.5, 13.5], "rotation": 90, "texture": "#0", "tintindex": 0},
				"down": {"uv": [0, 0, 0, 0], "texture": "#0"}
			}
		},
		{
			"from": [7.2, 3.25, 4.2],
			"to": [8.8, 3.5, 4.7],
			"faces": {
				"north": {"uv": [0, 14, 0.5, 14.5], "texture": "#0", "tintindex": 0},
				"east": {"uv": [0, 14, 0.5, 14.5], "texture": "#0", "tintindex": 0},
				"south": {"uv": [0, 14, 0.5, 14.5], "texture": "#0", "tintindex": 0},
				"west": {"uv": [0, 14, 0.5, 14.5], "texture": "#0", "tintindex": 0},
				"up": {"uv": [0, 14, 0.5, 14.5], "texture": "#0", "tintindex": 0},
				"down": {"uv": [0, 14, 0.5, 14.5], "texture": "#0", "tintindex": 0}
			}
		},
		{
			"from": [7.2, 2.25, 4],
			"to": [8.8, 4, 4.2],
			"rotation": {"angle": 0, "axis": "y", "origin": [8, 8.2, 5.7]},
			"faces": {
				"north": {"uv": [0, 11.5, 2, 12.5], "texture": "#0", "tintindex": 0},
				"east": {"uv": [0, 11.5, 0.5, 12.5], "texture": "#0", "tintindex": 0},
				"south": {"uv": [0, 11.5, 2, 12.5], "texture": "#0", "tintindex": 0},
				"west": {"uv": [1.5, 11.5, 2, 12.5], "texture": "#0", "tintindex": 0},
				"up": {"uv": [0, 11.5, 2, 12.5], "texture": "#0", "tintindex": 0},
				"down": {"uv": [0, 11.5, 2, 12.5], "texture": "#0", "tintindex": 0}
			}
		},
		{
			"from": [8.234, 3.6, 4],
			"to": [8.8, 4, 4.2],
			"rotation": {"angle": -45, "axis": "z", "origin": [8.8, 4, 9.5]},
			"faces": {
				"north": {"uv": [0.5, 11.5, 1, 12], "texture": "#0", "tintindex": 0},
				"east": {"uv": [0.5, 11.5, 1, 12], "texture": "#0", "tintindex": 0},
				"south": {"uv": [0.5, 11.5, 1, 12], "texture": "#0", "tintindex": 0},
				"west": {"uv": [0.5, 11.5, 1, 12], "texture": "#0", "tintindex": 0},
				"up": {"uv": [0.5, 11.5, 1, 12], "texture": "#0", "tintindex": 0},
				"down": {"uv": [0.5, 11.5, 1, 12], "texture": "#0", "tintindex": 0}
			}
		},
		{
			"from": [7.2, 3.6, 4.2],
			"to": [7.766, 4, 7.2],
			"rotation": {"angle": 45, "axis": "z", "origin": [7.2, 4, 9.5]},
			"faces": {
				"north": {"uv": [3.5, 13.5, 0, 13], "rotation": 270, "texture": "#0", "tintindex": 0},
				"east": {"uv": [3.5, 13.5, 0, 13], "rotation": 270, "texture": "#0", "tintindex": 0},
				"south": {"uv": [3.5, 13.5, 0, 13], "rotation": 270, "texture": "#0", "tintindex": 0},
				"west": {"uv": [3.5, 13.5, 0, 13], "rotation": 270, "texture": "#0", "tintindex": 0},
				"up": {"uv": [3.5, 13.5, 0, 13], "rotation": 270, "texture": "#0", "tintindex": 0},
				"down": {"uv": [3.5, 13.5, 0, 13], "rotation": 270, "texture": "#0", "tintindex": 0}
			}
		},
		{
			"from": [7.6, 4.15, 4.194],
			"to": [8.4, 4.4, 7.2],
			"rotation": {"angle": 0, "axis": "y", "origin": [8.4, 7.4, 6]},
			"faces": {
				"north": {"uv": [0, 13, 3.5, 13.5], "rotation": 90, "texture": "#0", "tintindex": 0},
				"east": {"uv": [0, 13, 3.5, 13.5], "rotation": 90, "texture": "#0", "tintindex": 0},
				"south": {"uv": [0, 13, 3.5, 13.5], "rotation": 90, "texture": "#0", "tintindex": 0},
				"west": {"uv": [0, 13, 3.5, 13.5], "rotation": 90, "texture": "#0", "tintindex": 0},
				"up": {"uv": [2, 10, 5.5, 11], "rotation": 90, "texture": "#0", "tintindex": 0},
				"down": {"uv": [0, 13, 3.5, 13.5], "rotation": 90, "texture": "#0", "tintindex": 0}
			}
		},
		{
			"from": [7.6, 3.95, 4],
			"to": [8.4, 4.4, 4.2],
			"rotation": {"angle": 0, "axis": "y", "origin": [8, 8.2, 5.7]},
			"faces": {
				"north": {"uv": [0, 11.5, 2, 12.5], "texture": "#0", "tintindex": 0},
				"east": {"uv": [0, 11.5, 2, 12.5], "texture": "#0", "tintindex": 0},
				"south": {"uv": [0, 11.5, 2, 12.5], "texture": "#0", "tintindex": 0},
				"west": {"uv": [0, 11.5, 2, 12.5], "texture": "#0", "tintindex": 0},
				"up": {"uv": [0, 11.5, 2, 12.5], "texture": "#0", "tintindex": 0},
				"down": {"uv": [0, 11.5, 2, 12.5], "texture": "#0", "tintindex": 0}
			}
		},
		{
			"from": [7.2, 3.6, 4],
			"to": [7.766, 4, 4.205],
			"rotation": {"angle": 45, "axis": "z", "origin": [7.2, 4, 9.5]},
			"faces": {
				"north": {"uv": [1.5, 11.5, 2, 12], "texture": "#0", "tintindex": 0},
				"east": {"uv": [1.5, 11.5, 2, 12], "texture": "#0", "tintindex": 0},
				"south": {"uv": [1.5, 11.5, 2, 12], "texture": "#0", "tintindex": 0},
				"west": {"uv": [1.5, 11.5, 2, 12], "texture": "#0", "tintindex": 0},
				"up": {"uv": [1.5, 11.5, 2, 12], "texture": "#0", "tintindex": 0},
				"down": {"uv": [1.5, 11.5, 2, 12], "texture": "#0", "tintindex": 0}
			}
		},
		{
			"from": [7.2, 3.25, 5.45],
			"to": [8.8, 3.5, 5.95],
			"faces": {
				"north": {"uv": [1.5, 14, 2, 14.5], "texture": "#0", "tintindex": 0},
				"east": {"uv": [1.5, 14, 2, 14.5], "texture": "#0", "tintindex": 0},
				"south": {"uv": [1.5, 14, 2, 14.5], "texture": "#0", "tintindex": 0},
				"west": {"uv": [1.5, 14, 2, 14.5], "texture": "#0", "tintindex": 0},
				"up": {"uv": [1.5, 14, 2, 14.5], "texture": "#0", "tintindex": 0},
				"down": {"uv": [1.5, 14, 2, 14.5], "texture": "#0", "tintindex": 0}
			}
		},
		{
			"from": [7.6, 2.3, 4.249],
			"to": [8.4, 3.4, 9.699],
			"rotation": {"angle": 0, "axis": "y", "origin": [8, 8, 5.7]},
			"faces": {
				"north": {"uv": [0.5, 11, 1.5, 13], "texture": "#0", "tintindex": 0},
				"east": {"uv": [0, 0, 0, 0], "texture": "#0"},
				"south": {"uv": [0, 0, 0, 0], "texture": "#0"},
				"west": {"uv": [0, 0, 0, 0], "texture": "#0"},
				"up": {"uv": [0, 13, 7.5, 13.5], "rotation": 90, "texture": "#0", "tintindex": 0},
				"down": {"uv": [0, 15.5, 7.5, 16], "rotation": 270, "texture": "#0", "tintindex": 0}
			}
		},
		{
			"from": [7.9, 3.35, -0.05],
			"to": [8.1, 4.795, 0.35],
			"rotation": {"angle": 0, "axis": "y", "origin": [0, 0, -1]},
			"faces": {
				"north": {"uv": [7.5, 15.5, 8, 16], "texture": "#0"},
				"east": {"uv": [7.5, 15.5, 8, 16], "texture": "#0"},
				"south": {"uv": [7.5, 15.5, 8, 16], "texture": "#0"},
				"west": {"uv": [7.5, 15.5, 8, 16], "texture": "#0"},
				"up": {"uv": [8, 16, 7.5, 15.5], "texture": "#0"},
				"down": {"uv": [0, 0, 0, 0], "texture": "#0"}
			}
		},
		{
			"from": [7.8, 4.825, -0.05],
			"to": [7.9, 4.975, 0.35],
			"rotation": {"angle": 0, "axis": "y", "origin": [0, 0.225, -1]},
			"faces": {
				"north": {"uv": [7.5, 15.5, 8, 16], "texture": "#0"},
				"east": {"uv": [7.5, 15.5, 8, 16], "texture": "#0"},
				"south": {"uv": [7.5, 15.5, 8, 16], "texture": "#0"},
				"west": {"uv": [7.5, 15.5, 8, 16], "texture": "#0"},
				"up": {"uv": [8, 16, 7.5, 15.5], "texture": "#0"},
				"down": {"uv": [0, 0, 0, 0], "texture": "#0"}
			}
		},
		{
			"from": [7.725, 4.755, -0.05],
			"to": [7.825, 4.896, 0.35],
			"rotation": {"angle": 45, "axis": "z", "origin": [7.85, 4.95, 0.15]},
			"faces": {
				"north": {"uv": [7.5, 15.5, 8, 16], "texture": "#0"},
				"east": {"uv": [7.5, 15.5, 8, 16], "texture": "#0"},
				"south": {"uv": [7.5, 15.5, 8, 16], "texture": "#0"},
				"west": {"uv": [7.5, 15.5, 8, 16], "texture": "#0"},
				"up": {"uv": [8, 16, 7.5, 15.5], "texture": "#0"},
				"down": {"uv": [0, 0, 0, 0], "texture": "#0"}
			}
		},
		{
			"from": [7.9965, 4.9015, -0.05],
			"to": [8.0965, 5.0425, 0.35],
			"rotation": {"angle": -45, "axis": "z", "origin": [7.885, 4.80893, 0.15]},
			"faces": {
				"north": {"uv": [7.5, 15.5, 8, 16], "texture": "#0"},
				"east": {"uv": [7.5, 15.5, 8, 16], "texture": "#0"},
				"south": {"uv": [7.5, 15.5, 8, 16], "texture": "#0"},
				"west": {"uv": [7.5, 15.5, 8, 16], "texture": "#0"},
				"up": {"uv": [8, 16, 7.5, 15.5], "texture": "#0"},
				"down": {"uv": [0, 0, 0, 0], "texture": "#0"}
			}
		},
		{
			"from": [8.1, 4.825, -0.05],
			"to": [8.2, 4.975, 0.35],
			"rotation": {"angle": 0, "axis": "y", "origin": [0, 0.225, -1]},
			"faces": {
				"north": {"uv": [7.5, 15.5, 8, 16], "texture": "#0"},
				"east": {"uv": [7.5, 15.5, 8, 16], "texture": "#0"},
				"south": {"uv": [7.5, 15.5, 8, 16], "texture": "#0"},
				"west": {"uv": [7.5, 15.5, 8, 16], "texture": "#0"},
				"up": {"uv": [8, 16, 7.5, 15.5], "texture": "#0"},
				"down": {"uv": [0, 0, 0, 0], "texture": "#0"}
			}
		},
		{
			"from": [7.5, 2.55, -0.4],
			"to": [7.75, 3.15, 9.7],
			"rotation": {"angle": 0, "axis": "y", "origin": [0, -0.75, -1]},
			"faces": {
				"north": {"uv": [7.5, 13, 8, 13.5], "texture": "#0"},
				"east": {"uv": [7.5, 13, 8, 13.5], "texture": "#0"},
				"south": {"uv": [0, 0, 0, 0], "texture": "#0"},
				"west": {"uv": [7.5, 14.5, 16, 15], "texture": "#0"},
				"up": {"uv": [0, 0, 0, 0], "texture": "#0"},
				"down": {"uv": [0, 0, 0, 0], "texture": "#0"}
			}
		},
		{
			"from": [7.42929, 3.12071, -0.399],
			"to": [7.62929, 3.40271, 9.701],
			"rotation": {"angle": -45, "axis": "z", "origin": [7.5, 3.05, 0]},
			"faces": {
				"north": {"uv": [7.5, 13, 8, 13.5], "texture": "#0"},
				"east": {"uv": [0, 0, 0, 0], "texture": "#0"},
				"south": {"uv": [0, 0, 0, 0], "texture": "#0"},
				"west": {"uv": [7.5, 14, 16, 14.5], "texture": "#0"},
				"up": {"uv": [0, 0, 0, 0], "texture": "#0"},
				"down": {"uv": [0, 0, 0, 0], "texture": "#0"}
			}
		},
		{
			"from": [7.7, 3.1, -0.4],
			"to": [8.3, 3.35, 9.7],
			"rotation": {"angle": 0, "axis": "y", "origin": [0, -0.75, -1]},
			"faces": {
				"north": {"uv": [7.5, 13, 8, 13.5], "texture": "#0"},
				"east": {"uv": [0, 0, 0, 0], "texture": "#0"},
				"south": {"uv": [0, 0, 0, 0], "texture": "#0"},
				"west": {"uv": [0, 0, 0, 0], "texture": "#0"},
				"up": {"uv": [7.5, 13.5, 16, 14], "rotation": 90, "texture": "#0"},
				"down": {"uv": [8, 13, 7.5, 13.5], "texture": "#0"}
			}
		},
		{
			"from": [7.7, 3.6, 2.55],
			"to": [8.3, 4.2, 4],
			"rotation": {"angle": -45, "axis": "z", "origin": [8, 3.9, 1.825]},
			"faces": {
				"north": {"uv": [14.5, 13.5, 16, 15], "rotation": 90, "texture": "#0"},
				"east": {"uv": [14.5, 13.5, 16, 15], "rotation": 90, "texture": "#0"},
				"south": {"uv": [14.5, 13.5, 16, 15], "rotation": 90, "texture": "#0"},
				"west": {"uv": [14.5, 13.5, 16, 15], "rotation": 90, "texture": "#0"},
				"up": {"uv": [14.5, 13.5, 16, 15], "rotation": 90, "texture": "#0"},
				"down": {"uv": [14.5, 13.5, 16, 15], "rotation": 90, "texture": "#0"}
			}
		},
		{
			"from": [8.37071, 3.12071, -0.399],
			"to": [8.57071, 3.40271, 9.701],
			"rotation": {"angle": 45, "axis": "z", "origin": [8.5, 3.05, 0]},
			"faces": {
				"north": {"uv": [7.5, 13, 8, 13.5], "texture": "#0"},
				"east": {"uv": [7.5, 14, 16, 14.5], "rotation": 180, "texture": "#0"},
				"south": {"uv": [0, 0, 0, 0], "texture": "#0"},
				"west": {"uv": [0, 0, 0, 0], "texture": "#0"},
				"up": {"uv": [0, 0, 0, 0], "texture": "#0"},
				"down": {"uv": [0, 0, 0, 0], "texture": "#0"}
			}
		},
		{
			"from": [8.25, 2.55, -0.4],
			"to": [8.5, 3.15, 9.7],
			"rotation": {"angle": 0, "axis": "y", "origin": [0, -0.75, -1]},
			"faces": {
				"north": {"uv": [7.5, 13, 8, 13.5], "texture": "#0"},
				"east": {"uv": [7.5, 14.5, 16, 15], "rotation": 180, "texture": "#0"},
				"south": {"uv": [0, 0, 0, 0], "texture": "#0"},
				"west": {"uv": [7.5, 13, 8, 13.5], "texture": "#0"},
				"up": {"uv": [0, 0, 0, 0], "texture": "#0"},
				"down": {"uv": [0, 0, 0, 0], "texture": "#0"}
			}
		},
		{
			"from": [8.22929, 2.23871, -0.399],
			"to": [8.42929, 2.52071, 9.701],
			"rotation": {"angle": -45, "axis": "z", "origin": [8.5, 2.45, 0]},
			"faces": {
				"north": {"uv": [7.5, 13, 8, 13.5], "texture": "#0"},
				"east": {"uv": [7.5, 15, 16, 15.5], "rotation": 180, "texture": "#0"},
				"south": {"uv": [0, 0, 0, 0], "texture": "#0"},
				"west": {"uv": [0, 0, 0, 0], "texture": "#0"},
				"up": {"uv": [0, 0, 0, 0], "texture": "#0"},
				"down": {"uv": [0, 0, 0, 0], "texture": "#0"}
			}
		},
		{
			"from": [7.7, 2.35, -0.4],
			"to": [8.3, 2.6, 9.7],
			"rotation": {"angle": 0, "axis": "y", "origin": [0, -0.75, -1]},
			"faces": {
				"north": {"uv": [7.5, 13, 8, 13.5], "texture": "#0"},
				"east": {"uv": [0, 0, 0, 0], "texture": "#0"},
				"south": {"uv": [0, 0, 0, 0], "texture": "#0"},
				"west": {"uv": [0, 0, 0, 0], "texture": "#0"},
				"up": {"uv": [8, 13.5, 7.5, 13], "texture": "#0"},
				"down": {"uv": [7.5, 15.5, 16, 16], "rotation": 270, "texture": "#0"}
			}
		},
		{
			"from": [7.57071, 2.23871, -0.399],
			"to": [7.77071, 2.52071, 9.701],
			"rotation": {"angle": 45, "axis": "z", "origin": [7.5, 2.45, 0]},
			"faces": {
				"north": {"uv": [7.5, 13, 8, 13.5], "texture": "#0"},
				"east": {"uv": [0, 0, 0, 0], "texture": "#0"},
				"south": {"uv": [0, 0, 0, 0], "texture": "#0"},
				"west": {"uv": [7.5, 15, 16, 15.5], "texture": "#0"},
				"up": {"uv": [0, 0, 0, 0], "texture": "#0"},
				"down": {"uv": [0, 0, 0, 0], "texture": "#0"}
			}
		},
		{
			"from": [7.575, 3.21, 2.55],
			"to": [8.425, 3.9, 3.15],
			"rotation": {"angle": 0, "axis": "x", "origin": [8, 3.9, 3.275]},
			"faces": {
				"north": {"uv": [14.5, 13.5, 16, 15], "rotation": 270, "texture": "#0"},
				"east": {"uv": [14.5, 13.5, 16, 15], "texture": "#0"},
				"south": {"uv": [14.5, 13.5, 16, 15], "rotation": 90, "texture": "#0"},
				"west": {"uv": [14.5, 13.5, 16, 15], "rotation": 180, "texture": "#0"},
				"up": {"uv": [14.5, 13.5, 16, 15], "rotation": 270, "texture": "#0"},
				"down": {"uv": [14.5, 13.5, 16, 15], "rotation": 90, "texture": "#0"}
			}
		},
		{
			"from": [7.2023, 3.314, 16.199],
			"to": [8.7973, 3.98505, 17.3],
			"rotation": {"angle": 22.5, "axis": "x", "origin": [7.99995, 4.00005, 16.25]},
			"faces": {
				"north": {"uv": [8, 10, 9, 11], "rotation": 180, "texture": "#0"},
				"east": {"uv": [8, 10, 9, 11], "rotation": 180, "texture": "#0"},
				"south": {"uv": [8, 10, 9, 11], "rotation": 180, "texture": "#0"},
				"west": {"uv": [8, 10, 9, 11], "rotation": 180, "texture": "#0"},
				"up": {"uv": [8, 10, 9, 11], "rotation": 180, "texture": "#0"},
				"down": {"uv": [8, 10, 9, 11], "rotation": 180, "texture": "#0"}
			}
		},
		{
			"from": [7.5, 3.60009, 18.24974],
			"to": [8.5, 3.90009, 21.45],
			"rotation": {"angle": 0, "axis": "y", "origin": [8, 7.60009, 8.45]},
			"faces": {
				"north": {"uv": [0.5, 5.5, 1.5, 6], "texture": "#0"},
				"east": {"uv": [0, 0, 0, 0], "texture": "#0"},
				"south": {"uv": [13, 6.5, 14, 7], "texture": "#0"},
				"west": {"uv": [0, 0, 0, 0], "texture": "#0"},
				"up": {"uv": [4.5, 11.5, 8, 12.5], "rotation": 90, "texture": "#0"},
				"down": {"uv": [0, 0, 0, 0], "texture": "#0"}
			}
		},
		{
			"from": [14.48088, 1.13037, 18.24974],
			"to": [14.90508, 1.40307, 21.449],
			"rotation": {"angle": 45, "axis": "z", "origin": [8.18837, -6.28715, 19.55]},
			"faces": {
				"north": {"uv": [1.5, 5.5, 2, 6], "texture": "#0"},
				"east": {"uv": [0, 0, 0, 0], "texture": "#0"},
				"south": {"uv": [12.5, 4.5, 13, 5], "texture": "#0"},
				"west": {"uv": [0, 0, 0, 0], "texture": "#0"},
				"up": {"uv": [4.5, 12.5, 8, 13], "rotation": 90, "texture": "#0"},
				"down": {"uv": [0, 0, 0, 0], "texture": "#0"}
			}
		},
		{
			"from": [7.20005, 0.75005, 20.85],
			"to": [8.80005, 1.85005, 21.45],
			"rotation": {"angle": 0, "axis": "y", "origin": [8.05005, 8.20005, 8.45]},
			"faces": {
				"east": {"uv": [4.5, 12, 6, 13], "rotation": 180, "texture": "#0"},
				"west": {"uv": [0, 5.5, 2, 9], "rotation": 180, "texture": "#0"},
				"up": {"uv": [0, 5.5, 2, 9], "rotation": 180, "texture": "#0"},
				"down": {"uv": [0, 5.5, 2, 9], "rotation": 180, "texture": "#0"}
			}
		},
		{
			"from": [7.20005, 1.85005, 18.25],
			"to": [8.80005, 3.60005, 21.45],
			"rotation": {"angle": 0, "axis": "y", "origin": [8.05005, 8.20005, 8.45]},
			"faces": {
				"east": {"uv": [4.5, 11, 8, 13], "texture": "#0"},
				"west": {"uv": [8, 11, 4.5, 13], "texture": "#0"},
				"up": {"uv": [4.5, 11, 8, 13], "texture": "#0"},
				"down": {"uv": [4.5, 11, 8, 13], "texture": "#0"}
			}
		},
		{
			"from": [7.2021, 2.2451, 16.2],
			"to": [8.7981, 3.6001, 18.25],
			"rotation": {"angle": 0, "axis": "y", "origin": [8.05005, 8.95, 5.88726]},
			"faces": {
				"east": {"uv": [8, 10.5, 10, 12], "texture": "#0"},
				"west": {"uv": [10, 10.5, 8, 12], "texture": "#0"},
				"up": {"uv": [8, 10, 10, 10.5], "texture": "#0"},
				"down": {"uv": [8, 10, 10, 10.5], "texture": "#0"}
			}
		},
		{
			"from": [7.2023, 1.33168, 17.41248],
			"to": [8.7973, 2.43164, 21.27094],
			"rotation": {"angle": 22.5, "axis": "x", "origin": [8.0001, 2.10366, 19.59348]},
			"faces": {
				"north": {"uv": [4.5, 11, 8, 12.5], "texture": "#0"},
				"east": {"uv": [8, 12, 11, 13], "texture": "#0"},
				"south": {"uv": [4.5, 11, 8, 12.5], "texture": "#0"},
				"west": {"uv": [11, 12, 8, 13], "texture": "#0"},
				"up": {"uv": [4.5, 11, 8, 12.5], "texture": "#0"},
				"down": {"uv": [2, 11, 4.5, 13], "rotation": 90, "texture": "#0"}
			}
		},
		{
			"from": [1.09492, 1.13037, 18.25079],
			"to": [1.51912, 1.40307, 21.449],
			"rotation": {"angle": -45, "axis": "z", "origin": [7.81163, -6.28715, 19.55]},
			"faces": {
				"north": {"uv": [0, 5.5, 0.5, 6], "texture": "#0"},
				"east": {"uv": [0, 0, 0, 0], "texture": "#0"},
				"south": {"uv": [12.5, 4.5, 13, 5], "texture": "#0"},
				"west": {"uv": [0, 0, 0, 0], "texture": "#0"},
				"up": {"uv": [4.5, 12.5, 8, 13], "rotation": 90, "texture": "#0"},
				"down": {"uv": [0, 0, 0, 0], "texture": "#0"}
			}
		},
		{
			"from": [14.48088, 1.13037, 21.44974],
			"to": [14.90508, 1.40307, 21.549],
			"rotation": {"angle": 45, "axis": "z", "origin": [8.18837, -6.28715, 19.65]},
			"faces": {
				"north": {"uv": [0, 0, 0, 0], "texture": "#0"},
				"east": {"uv": [0, 0, 0, 0], "texture": "#0"},
				"south": {"uv": [2.5, 5, 3, 5.5], "texture": "#0"},
				"west": {"uv": [0, 0, 0, 0], "texture": "#0"},
				"up": {"uv": [6, 1, 8, 1.5], "rotation": 90, "texture": "#0"},
				"down": {"uv": [0, 0, 0, 0], "texture": "#0"}
			}
		},
		{
			"from": [7.5, 3.60009, 21.44974],
			"to": [8.5, 3.90009, 21.55],
			"rotation": {"angle": 0, "axis": "y", "origin": [8, 7.60009, 8.55]},
			"faces": {
				"north": {"uv": [0, 0, 0, 0], "texture": "#0"},
				"east": {"uv": [0, 0, 0, 0], "texture": "#0"},
				"south": {"uv": [2.5, 5, 3.5, 5.5], "texture": "#0"},
				"west": {"uv": [0, 0, 0, 0], "texture": "#0"},
				"up": {"uv": [6, 1, 8, 1.5], "rotation": 90, "texture": "#0"},
				"down": {"uv": [0, 0, 0, 0], "texture": "#0"}
			}
		},
		{
			"from": [1.09492, 1.13037, 21.45079],
			"to": [1.51912, 1.40307, 21.549],
			"rotation": {"angle": -45, "axis": "z", "origin": [7.81163, -6.28715, 19.65]},
			"faces": {
				"north": {"uv": [0, 0, 0, 0], "texture": "#0"},
				"east": {"uv": [0, 0, 0, 0], "texture": "#0"},
				"south": {"uv": [2.5, 5, 3.5, 5.5], "texture": "#0"},
				"west": {"uv": [0, 0, 0, 0], "texture": "#0"},
				"up": {"uv": [6, 1, 8, 1.5], "rotation": 90, "texture": "#0"},
				"down": {"uv": [0, 0, 0, 0], "texture": "#0"}
			}
		},
		{
			"from": [7.20005, 0.75005, 21.45],
			"to": [8.80005, 3.60005, 21.55],
			"rotation": {"angle": 0, "axis": "y", "origin": [8.05005, 8.20005, 8.55]},
			"faces": {
				"east": {"uv": [2, 5.5, 2.5, 9], "rotation": 180, "texture": "#0"},
				"south": {"uv": [2.5, 5.5, 3.5, 9], "texture": "#0"},
				"west": {"uv": [2, 5.5, 2.5, 9], "texture": "#0"},
				"up": {"uv": [4, 1.5, 5, 5], "texture": "#0"},
				"down": {"uv": [2, 8, 2.5, 9], "rotation": 270, "texture": "#0"}
			}
		}
	],
	"display": {
		"thirdperson_righthand": {
			"translation": [0, 6.5, -6.75],
			"scale": [1.1, 1.1, 1.1]
		},
		"firstperson_righthand": {
			"translation": [-3.5, 8.5, 0],
			"scale": [0.8, 0.8, 0.8]
		},
		"firstperson_lefthand": {
			"translation": [3.75, -3.25, 0]
		},
		"ground": {
			"translation": [0, 5, -1]
		},
		"gui": {
			"rotation": [30, 225, 0],
			"translation": [1.25, 4.5, 0],
			"scale": [1.2, 1.2, 1.2]
		},
		"fixed": {
			"rotation": [0, 90, 0],
			"translation": [-3.25, 11.25, -2],
			"scale": [2, 2, 2]
		}
	},
	"groups": [
		{
			"name": "AKM",
			"origin": [8, 4.4, 12.8],
			"color": 0,
			"children": [
				{
					"name": "Grip",
					"origin": [8, 7.95, 7.5],
					"color": 0,
					"children": [0, 1, 2, 3]
				},
				{
					"name": "Receiver",
					"origin": [0, 0, 0],
					"color": 0,
					"children": [4, 5, 6, 7, 8, 9, 10, 11, 12, 13, 14, 15, 16, 17, 18, 19, 20, 21, 22, 23]
				},
				{
					"name": "Magazine",
					"origin": [0, 0, -0.5],
					"color": 0,
					"children": [24, 25, 26]
				},
				{
					"name": "HandGuard",
					"origin": [7.2, 4, 9.5],
					"color": 0,
					"children": [27, 28, 29, 30, 31, 32, 33, 34, 35, 36, 37, 38, 39, 40, 41]
				},
				{
					"name": "Barrel",
					"origin": [8, 3.9, 3.275],
					"color": 0,
					"children": [42, 43, 44, 45, 46, 47, 48, 49, 50, 51, 52, 53, 54, 55, 56]
				},
				{
					"name": "Stock",
					"origin": [8, 8, 8],
					"color": 0,
					"children": [57, 58, 59, 60, 61, 62, 63, 64, 65, 66, 67, 68]
				}
			]
		}
	]
}