{
	"credit": "Made with Blockbench",
	"texture_size": [32, 32],
	"textures": {
		"1": "moguns:items/benelli",
		"particle": "moguns:items/as_val"
	},
	"elements": [
		{
			"from": [7.6, 2.2, -1.47],
			"to": [8.4, 3, -0.87],
			"rotation": {"angle": 0, "axis": "x", "origin": [8, 2.6, 3.515]},
			"faces": {
				"north": {"uv": [2, 8.5, 1, 9.5], "texture": "#1", "tintindex": 0},
				"east": {"uv": [2, 8.5, 1, 9.5], "texture": "#1", "tintindex": 0},
				"south": {"uv": [2, 8.5, 1, 9.5], "texture": "#1", "tintindex": 0},
				"west": {"uv": [2, 8.5, 1, 9.5], "texture": "#1", "tintindex": 0},
				"up": {"uv": [2, 8.5, 1, 9.5], "texture": "#1", "tintindex": 0},
				"down": {"uv": [2, 8.5, 1, 9.5], "texture": "#1", "tintindex": 0}
			}
		},
		{
			"name": "Barrel 8",
			"from": [8.37071, 3.97071, -3.899],
			"to": [8.57071, 4.25271, 8.751],
			"rotation": {"angle": 45, "axis": "z", "origin": [8.5, 3.9, -5.1]},
			"faces": {
				"north": {"uv": [0, 5.5, 0.5, 7], "rotation": 180, "texture": "#1"},
				"east": {"uv": [0, 14, 16, 14.5], "rotation": 180, "texture": "#1"},
				"south": {"uv": [0, 2.5, 0.5, 3], "rotation": 180, "texture": "#1"},
				"west": {"uv": [0, 2.5, 0.5, 3], "rotation": 180, "texture": "#1"},
				"up": {"uv": [0, 2.5, 0.5, 3], "rotation": 180, "texture": "#1"},
				"down": {"uv": [0, 2.5, 0.5, 3], "rotation": 180, "texture": "#1"}
			}
		},
		{
			"name": "Barrel 7",
			"from": [8.25, 3.4, -3.9],
			"to": [8.5, 4, 8.75],
			"rotation": {"angle": 0, "axis": "y", "origin": [0, 0.1, -6.1]},
			"faces": {
				"north": {"uv": [0, 5.5, 0.5, 7], "rotation": 180, "texture": "#1"},
				"east": {"uv": [0, 14, 16, 14.5], "rotation": 180, "texture": "#1"},
				"south": {"uv": [0, 2.5, 0.5, 3], "rotation": 180, "texture": "#1"},
				"west": {"uv": [0, 6, 4.5, 6.5], "texture": "#1"},
				"up": {"uv": [0, 2.5, 0.5, 3], "rotation": 180, "texture": "#1"},
				"down": {"uv": [0, 2.5, 0.5, 3], "rotation": 180, "texture": "#1"}
			}
		},
		{
			"name": "Barrel 6",
			"from": [8.22929, 3.08871, -3.899],
			"to": [8.42929, 3.37071, 8.751],
			"rotation": {"angle": -45, "axis": "z", "origin": [8.5, 3.3, -5.1]},
			"faces": {
				"north": {"uv": [0, 5.5, 0.5, 7], "rotation": 180, "texture": "#1"},
				"east": {"uv": [0, 13, 16, 14], "rotation": 180, "texture": "#1"},
				"south": {"uv": [0, 2.5, 0.5, 3], "rotation": 180, "texture": "#1"},
				"west": {"uv": [0, 2.5, 0.5, 3], "rotation": 180, "texture": "#1"},
				"up": {"uv": [0, 2.5, 0.5, 3], "rotation": 180, "texture": "#1"},
				"down": {"uv": [0, 2.5, 0.5, 3], "rotation": 180, "texture": "#1"}
			}
		},
		{
			"name": "Barrel 5",
			"from": [7.7, 3.2, -3.9],
			"to": [8.3, 3.45, 8.75],
			"rotation": {"angle": 0, "axis": "y", "origin": [0, 0.1, -6.1]},
			"faces": {
				"north": {"uv": [0, 5.5, 0.5, 7], "texture": "#1"},
				"east": {"uv": [0, 13, 16, 14.5], "texture": "#1"},
				"south": {"uv": [0, 2.5, 0.5, 3], "texture": "#1"},
				"west": {"uv": [0, 2.5, 0.5, 3], "texture": "#1"},
				"up": {"uv": [0, 6, 4.5, 6.5], "rotation": 90, "texture": "#1"},
				"down": {"uv": [0, 13.5, 16, 14], "rotation": 270, "texture": "#1"}
			}
		},
		{
			"name": "Barrel 4",
			"from": [7.57071, 3.08871, -3.899],
			"to": [7.77071, 3.37071, 8.751],
			"rotation": {"angle": 45, "axis": "z", "origin": [7.5, 3.3, -5.1]},
			"faces": {
				"north": {"uv": [0, 5.5, 0.5, 7], "texture": "#1"},
				"east": {"uv": [0, 13, 16, 14.5], "texture": "#1"},
				"south": {"uv": [0, 2.5, 0.5, 3], "texture": "#1"},
				"west": {"uv": [0, 13.5, 16, 14], "texture": "#1"},
				"up": {"uv": [0, 2.5, 0.5, 3], "texture": "#1"},
				"down": {"uv": [0, 2.5, 0.5, 3], "texture": "#1"}
			}
		},
		{
			"name": "Barrel 3",
			"from": [7.5, 3.4, -3.9],
			"to": [7.75, 4, 8.75],
			"rotation": {"angle": 0, "axis": "y", "origin": [0, 0.1, -6.1]},
			"faces": {
				"north": {"uv": [0, 5.5, 0.5, 7], "texture": "#1"},
				"east": {"uv": [0, 13.5, 16, 14], "rotation": 180, "texture": "#1"},
				"south": {"uv": [0, 2.5, 0.5, 3], "texture": "#1"},
				"west": {"uv": [0, 13.5, 16, 13], "texture": "#1"},
				"up": {"uv": [0, 2.5, 0.5, 3], "texture": "#1"},
				"down": {"uv": [0, 2.5, 0.5, 3], "texture": "#1"}
			}
		},
		{
			"name": "Barrel 2",
			"from": [7.42929, 3.97071, -3.899],
			"to": [7.62929, 4.25271, 8.751],
			"rotation": {"angle": -45, "axis": "z", "origin": [7.5, 3.9, -5.1]},
			"faces": {
				"north": {"uv": [0, 5.5, 0.5, 7], "texture": "#1"},
				"east": {"uv": [0, 13, 16, 14.5], "texture": "#1"},
				"south": {"uv": [0, 2.5, 0.5, 3], "texture": "#1"},
				"west": {"uv": [0, 13, 16, 13.5], "texture": "#1"},
				"up": {"uv": [0, 2.5, 0.5, 3], "texture": "#1"},
				"down": {"uv": [0, 2.5, 0.5, 3], "texture": "#1"}
			}
		},
		{
			"name": "Barrel 1",
			"from": [7.7, 3.95, -3.9],
			"to": [8.3, 4.2, 8.75],
			"rotation": {"angle": 0, "axis": "y", "origin": [0, 0.1, -6.1]},
			"faces": {
				"north": {"uv": [0, 5.5, 0.5, 7], "texture": "#1"},
				"east": {"uv": [0, 13, 16, 14.5], "texture": "#1"},
				"south": {"uv": [0, 2.5, 0.5, 3], "texture": "#1"},
				"west": {"uv": [0, 2.5, 0.5, 3], "texture": "#1"},
				"up": {"uv": [0, 13, 16, 13.5], "rotation": 90, "texture": "#1"},
				"down": {"uv": [4.5, 6, 0, 6.5], "rotation": 90, "texture": "#1"}
			}
		},
		{
			"from": [7.7, 2.3, -1.57],
			"to": [8.3, 2.9, 9.7],
			"rotation": {"angle": 0, "axis": "x", "origin": [8, 2.6, 3.515]},
			"faces": {
				"north": {"uv": [0.5, 13, 0, 14], "texture": "#1", "tintindex": 0},
				"east": {"uv": [11, 14, 0, 15], "texture": "#1", "tintindex": 0},
				"south": {"uv": [0.5, 15, 0, 15.5], "texture": "#1", "tintindex": 0},
				"west": {"uv": [11, 14, 0, 15], "rotation": 180, "texture": "#1", "tintindex": 0},
				"up": {"uv": [11, 13.5, 0, 13], "texture": "#1", "tintindex": 0},
				"down": {"uv": [0, 16, 11, 15.5], "rotation": 90, "texture": "#1", "tintindex": 0}
			}
		},
		{
			"from": [7.8, 3, -1.47],
			"to": [8.2, 3.2, -0.87],
			"rotation": {"angle": 0, "axis": "x", "origin": [8, 2.6, 3.515]},
			"faces": {
				"north": {"uv": [2, 8.5, 1, 9.5], "texture": "#1", "tintindex": 0},
				"east": {"uv": [2, 8.5, 1, 9.5], "texture": "#1", "tintindex": 0},
				"south": {"uv": [2, 8.5, 1, 9.5], "texture": "#1", "tintindex": 0},
				"west": {"uv": [2, 8.5, 1, 9.5], "texture": "#1", "tintindex": 0},
				"up": {"uv": [2, 8.5, 1, 9.5], "texture": "#1", "tintindex": 0},
				"down": {"uv": [2, 8.5, 1, 9.5], "texture": "#1", "tintindex": 0}
			}
		},
		{
			"from": [7.6, 2.2, 2.73],
			"to": [8.4, 3.3, 8.48],
			"rotation": {"angle": 0, "axis": "x", "origin": [8, 2.6, 6.315]},
			"faces": {
				"north": {"uv": [0, 0, 0.5, 0.5], "texture": "#1", "tintindex": 0},
				"east": {"uv": [6, 5, 11, 6], "texture": "#1", "tintindex": 0},
				"south": {"uv": [6.5, 3.5, 7.5, 4.5], "texture": "#1", "tintindex": 0},
				"west": {"uv": [6, 7.5, 11, 8.5], "rotation": 180, "texture": "#1", "tintindex": 0},
				"up": {"uv": [6, 2, 12.5, 3.5], "texture": "#1", "tintindex": 0},
				"down": {"uv": [6, 2, 12.5, 3.5], "texture": "#1", "tintindex": 0}
			}
		},
		{
			"from": [7.65, 2.25, 2.33],
			"to": [8.35, 2.95, 2.73],
			"rotation": {"angle": 0, "axis": "x", "origin": [8, 2.6, 6.315]},
			"faces": {
				"north": {"uv": [1, 8.5, 2, 9.5], "texture": "#1", "tintindex": 0},
				"east": {"uv": [1, 8.5, 2, 9.5], "texture": "#1", "tintindex": 0},
				"south": {"uv": [1, 8.5, 2, 9.5], "texture": "#1", "tintindex": 0},
				"west": {"uv": [1, 8.5, 2, 9.5], "texture": "#1", "tintindex": 0},
				"up": {"uv": [1, 8.5, 2, 9.5], "texture": "#1", "tintindex": 0},
				"down": {"uv": [1, 8.5, 2, 9.5], "texture": "#1", "tintindex": 0}
			}
		},
		{
			"from": [8.27, 2.3, 2.73],
			"to": [8.57, 2.6, 8.48],
			"rotation": {"angle": -45, "axis": "z", "origin": [8, 2.6, 6.68]},
			"faces": {
				"north": {"uv": [0, 0, 0.5, 0.5], "texture": "#1"},
				"east": {"uv": [6, 6.5, 11, 7], "texture": "#1", "tintindex": 0},
				"south": {"uv": [0, 1.5, 0.5, 2], "texture": "#1"},
				"west": {"uv": [10.5, 3.5, 16, 4.5], "texture": "#1", "tintindex": 0},
				"up": {"uv": [0, 0, 1, 1], "texture": "#1"},
				"down": {"uv": [0, 2.5, 6.5, 3.5], "texture": "#1", "tintindex": 0}
			}
		},
		{
			"from": [7.43, 2.3, 2.73],
			"to": [7.73, 2.6, 8.48],
			"rotation": {"angle": 45, "axis": "z", "origin": [8, 2.6, 6.68]},
			"faces": {
				"north": {"uv": [0, 0, 0.5, 0.5], "texture": "#1"},
				"east": {"uv": [6, 2.5, 12.5, 3], "texture": "#1", "tintindex": 0},
				"south": {"uv": [0, 1.5, 0.5, 2], "texture": "#1"},
				"west": {"uv": [6, 6.5, 11, 7], "rotation": 180, "texture": "#1", "tintindex": 0},
				"up": {"uv": [1, 0, 0, 1], "texture": "#1"},
				"down": {"uv": [12.5, 3, 6, 3.5], "texture": "#1", "tintindex": 0}
			}
		},
		{
			"from": [7.81, 1.985, 2.73],
			"to": [8.19, 2.175, 8.48],
			"rotation": {"angle": 0, "axis": "x", "origin": [8, 2.6, 6.315]},
			"faces": {
				"north": {"uv": [0, 0, 0.5, 0.5], "texture": "#1"},
				"east": {"uv": [7, 2.5, 12.5, 3.5], "texture": "#1", "tintindex": 0},
				"south": {"uv": [0.5, 1.5, 1, 2], "texture": "#1"},
				"west": {"uv": [10.5, 3.5, 16, 4.5], "texture": "#1", "tintindex": 0},
				"up": {"uv": [0, 0, 1, 1], "texture": "#1"},
				"down": {"uv": [6, 7, 11, 6.5], "rotation": 90, "texture": "#1", "tintindex": 0}
			}
		},
		{
			"from": [7.6, 2.2, 8.48],
			"to": [8.4, 3.3, 8.73],
			"rotation": {"angle": 0, "axis": "x", "origin": [8, 2.6, 6.315]},
			"faces": {
				"north": {"uv": [2, 9.5, 1, 8.5], "rotation": 180, "texture": "#1", "tintindex": 0},
				"east": {"uv": [2, 9.5, 1, 8.5], "rotation": 180, "texture": "#1", "tintindex": 0},
				"south": {"uv": [2, 9.5, 1, 8.5], "rotation": 180, "texture": "#1", "tintindex": 0},
				"west": {"uv": [2, 9.5, 1, 8.5], "rotation": 180, "texture": "#1", "tintindex": 0},
				"up": {"uv": [2, 9.5, 1, 8.5], "rotation": 180, "texture": "#1", "tintindex": 0},
				"down": {"uv": [2, 9.5, 1, 8.5], "rotation": 180, "texture": "#1", "tintindex": 0}
			}
		},
		{
			"from": [8.27, 2.3, 8.48],
			"to": [8.57, 2.6, 8.73],
			"rotation": {"angle": -45, "axis": "z", "origin": [8, 2.6, 6.68]},
			"faces": {
				"north": {"uv": [2, 9.5, 1, 8.5], "texture": "#1", "tintindex": 0},
				"east": {"uv": [2, 9.5, 1, 8.5], "texture": "#1", "tintindex": 0},
				"south": {"uv": [2, 9.5, 1, 8.5], "texture": "#1", "tintindex": 0},
				"west": {"uv": [2, 9.5, 1, 8.5], "texture": "#1", "tintindex": 0},
				"up": {"uv": [2, 9.5, 1, 8.5], "texture": "#1", "tintindex": 0},
				"down": {"uv": [2, 9.5, 1, 8.5], "texture": "#1", "tintindex": 0}
			}
		},
		{
			"from": [7.81, 1.985, 8.48],
			"to": [8.19, 2.175, 8.73],
			"rotation": {"angle": 0, "axis": "x", "origin": [8, 2.6, 6.315]},
			"faces": {
				"north": {"uv": [2, 9.5, 1, 8.5], "texture": "#1", "tintindex": 0},
				"east": {"uv": [2, 9.5, 1, 8.5], "texture": "#1", "tintindex": 0},
				"south": {"uv": [2, 9.5, 1, 8.5], "texture": "#1", "tintindex": 0},
				"west": {"uv": [2, 9.5, 1, 8.5], "texture": "#1", "tintindex": 0},
				"up": {"uv": [2, 9.5, 1, 8.5], "texture": "#1", "tintindex": 0},
				"down": {"uv": [2, 9.5, 1, 8.5], "texture": "#1", "tintindex": 0}
			}
		},
		{
			"from": [7.43, 2.3, 8.48],
			"to": [7.73, 2.6, 8.73],
			"rotation": {"angle": 45, "axis": "z", "origin": [8, 2.6, 6.68]},
			"faces": {
				"north": {"uv": [2, 9.5, 1, 8.5], "rotation": 180, "texture": "#1", "tintindex": 0},
				"east": {"uv": [2, 9.5, 1, 8.5], "rotation": 180, "texture": "#1", "tintindex": 0},
				"south": {"uv": [2, 9.5, 1, 8.5], "rotation": 180, "texture": "#1", "tintindex": 0},
				"west": {"uv": [2, 9.5, 1, 8.5], "rotation": 180, "texture": "#1", "tintindex": 0},
				"up": {"uv": [2, 9.5, 1, 8.5], "rotation": 180, "texture": "#1", "tintindex": 0},
				"down": {"uv": [2, 9.5, 1, 8.5], "rotation": 180, "texture": "#1", "tintindex": 0}
			}
		},
		{
			"from": [7.7, 0.98, 14.27477],
			"to": [8.3, 1.38, 14.72977],
			"rotation": {"angle": -45, "axis": "x", "origin": [8, 1.35032, 14.04227]},
			"faces": {
				"north": {"uv": [1, 9.5, 2, 8.5], "texture": "#1"},
				"east": {"uv": [1, 9.5, 2, 8.5], "texture": "#1"},
				"south": {"uv": [1, 9.5, 2, 8.5], "texture": "#1"},
				"west": {"uv": [1, 9.5, 2, 8.5], "texture": "#1"},
				"up": {"uv": [1, 9.5, 2, 8.5], "texture": "#1"},
				"down": {"uv": [1, 9.5, 2, 8.5], "texture": "#1"}
			}
		},
		{
			"from": [7.7, 1.57035, 14.39128],
			"to": [8.3, 2.20035, 14.79128],
			"rotation": {"angle": 0, "axis": "x", "origin": [8, 1.45285, 14.49128]},
			"faces": {
				"north": {"uv": [1, 9.5, 2, 8.5], "texture": "#1"},
				"east": {"uv": [1, 9.5, 2, 8.5], "texture": "#1"},
				"south": {"uv": [1, 9.5, 2, 8.5], "texture": "#1"},
				"west": {"uv": [1, 9.5, 2, 8.5], "texture": "#1"},
				"up": {"uv": [1, 9.5, 2, 8.5], "texture": "#1"},
				"down": {"uv": [1, 9.5, 2, 8.5], "texture": "#1"}
			}
		},
		{
			"from": [7.4, -0.1, 13.5],
			"to": [8.6, 2.6, 14.8],
			"rotation": {"angle": -22.5, "axis": "x", "origin": [8, 4.5, 14.8]},
			"faces": {
				"north": {"uv": [10, 1, 11, 3.5], "texture": "#1"},
				"east": {"uv": [8, 1.5, 9, 3.5], "texture": "#1"},
				"south": {"uv": [6, 1, 7, 3.5], "texture": "#1"},
				"west": {"uv": [8, 1.5, 9, 3.5], "texture": "#1"},
				"up": {"uv": [0, 0, 0, 0], "texture": "#1"},
				"down": {"uv": [11, 3.5, 10, 4.5], "texture": "#1"}
			}
		},
		{
			"from": [7.4, -0.3, 13.3],
			"to": [8.6, -0.1, 14.8],
			"rotation": {"angle": -22.5, "axis": "x", "origin": [8, 4.5, 14.8]},
			"faces": {
				"north": {"uv": [8, 3.5, 9, 4.5], "texture": "#1"},
				"east": {"uv": [8, 3.5, 9, 4.5], "texture": "#1"},
				"south": {"uv": [8, 3.5, 9, 4.5], "texture": "#1"},
				"west": {"uv": [8, 3.5, 9, 4.5], "texture": "#1"},
				"up": {"uv": [8, 3.5, 9, 4.5], "texture": "#1"},
				"down": {"uv": [8, 3.5, 9, 4.5], "texture": "#1"}
			}
		},
		{
			"from": [7.405, 1.81633, 15.32965],
			"to": [8.595, 2.61633, 15.82965],
			"rotation": {"angle": 0, "axis": "x", "origin": [8, 1.92633, 15.07965]},
			"faces": {
				"north": {"uv": [0, 0, 1, 1], "texture": "#1"},
				"east": {"uv": [0, 0, 1, 1], "texture": "#1"},
				"south": {"uv": [0, 0, 1, 1], "texture": "#1"},
				"west": {"uv": [0, 0, 1, 1], "texture": "#1"},
				"up": {"uv": [0, 0, 1, 1], "texture": "#1"},
				"down": {"uv": [0, 0, 1, 1], "texture": "#1"}
			}
		},
		{
			"from": [7.405, 2.26133, 15.68465],
			"to": [8.595, 2.61633, 15.82965],
			"rotation": {"angle": 22.5, "axis": "x", "origin": [8, 2.21633, 15.57965]},
			"faces": {
				"north": {"uv": [0, 0, 1, 1], "texture": "#1"},
				"east": {"uv": [0, 0, 1, 1], "texture": "#1"},
				"south": {"uv": [0, 0, 1, 1], "texture": "#1"},
				"west": {"uv": [0, 0, 1, 1], "texture": "#1"},
				"up": {"uv": [0, 0, 1, 1], "texture": "#1"},
				"down": {"uv": [0, 0, 1, 1], "texture": "#1"}
			}
		},
		{
			"from": [7.405, 2.28147, 15.75129],
			"to": [8.595, 2.42647, 16.10629],
			"rotation": {"angle": -45, "axis": "x", "origin": [8, 2.35397, 15.82879]},
			"faces": {
				"north": {"uv": [0, 0, 1, 1], "rotation": 90, "texture": "#1"},
				"east": {"uv": [0, 0, 1, 1], "rotation": 90, "texture": "#1"},
				"south": {"uv": [0, 0, 1, 1], "rotation": 90, "texture": "#1"},
				"west": {"uv": [0, 0, 1, 1], "rotation": 90, "texture": "#1"},
				"up": {"uv": [0, 0, 1, 1], "rotation": 90, "texture": "#1"},
				"down": {"uv": [0, 0, 1, 1], "rotation": 90, "texture": "#1"}
			}
		},
		{
			"from": [7.405, 2.37218, 15.822],
			"to": [8.595, 2.51718, 16.177],
			"rotation": {"angle": -22.5, "axis": "x", "origin": [8, 2.42468, 15.8995]},
			"faces": {
				"north": {"uv": [0, 0, 1, 1], "rotation": 90, "texture": "#1"},
				"east": {"uv": [0, 0, 1, 1], "rotation": 90, "texture": "#1"},
				"south": {"uv": [0, 0, 1, 1], "rotation": 90, "texture": "#1"},
				"west": {"uv": [0, 0, 1, 1], "rotation": 90, "texture": "#1"},
				"up": {"uv": [0, 0, 1, 1], "rotation": 90, "texture": "#1"},
				"down": {"uv": [0, 0, 1, 1], "rotation": 90, "texture": "#1"}
			}
		},
		{
			"from": [7.405, 2.46393, 15.82673],
			"to": [8.595, 2.61893, 16.23673],
			"rotation": {"angle": 0, "axis": "x", "origin": [8, 2.48143, 15.98423]},
			"faces": {
				"north": {"uv": [0, 0, 1, 1], "rotation": 90, "texture": "#1"},
				"east": {"uv": [0, 0, 1, 1], "rotation": 90, "texture": "#1"},
				"south": {"uv": [0, 0, 1, 1], "rotation": 90, "texture": "#1"},
				"west": {"uv": [0, 0, 1, 1], "rotation": 90, "texture": "#1"},
				"up": {"uv": [0, 0, 1, 1], "rotation": 90, "texture": "#1"},
				"down": {"uv": [0, 0, 1, 1], "rotation": 90, "texture": "#1"}
			}
		},
		{
			"from": [7.405, 2.54393, 15.92673],
			"to": [8.595, 2.69893, 16.33673],
			"rotation": {"angle": 22.5, "axis": "x", "origin": [8, 2.54143, 16.03173]},
			"faces": {
				"north": {"uv": [0, 0, 1, 1], "rotation": 90, "texture": "#1"},
				"east": {"uv": [0, 0, 1, 1], "rotation": 90, "texture": "#1"},
				"south": {"uv": [0, 0, 1, 1], "rotation": 90, "texture": "#1"},
				"west": {"uv": [0, 0, 1, 1], "rotation": 90, "texture": "#1"},
				"up": {"uv": [0, 0, 1, 1], "rotation": 90, "texture": "#1"},
				"down": {"uv": [0, 0, 1, 1], "rotation": 90, "texture": "#1"}
			}
		},
		{
			"from": [7.405, 2.57457, 14.80473],
			"to": [8.595, 2.72957, 16.31473],
			"rotation": {"angle": 45, "axis": "x", "origin": [8, 2.57707, 16.15473]},
			"faces": {
				"north": {"uv": [0, 0, 1, 1], "rotation": 90, "texture": "#1"},
				"east": {"uv": [0, 0, 1, 1], "rotation": 90, "texture": "#1"},
				"south": {"uv": [0, 0, 1, 1], "rotation": 90, "texture": "#1"},
				"west": {"uv": [0, 0, 1, 1], "rotation": 90, "texture": "#1"},
				"up": {"uv": [0, 0, 1, 1], "rotation": 90, "texture": "#1"},
				"down": {"uv": [0, 0, 1, 1], "rotation": 90, "texture": "#1"}
			}
		},
		{
			"from": [7.405, 2.85457, 14.26473],
			"to": [8.595, 3.23457, 14.96473],
			"rotation": {"angle": 22.5, "axis": "x", "origin": [8, 2.57707, 16.15473]},
			"faces": {
				"north": {"uv": [0, 0, 1, 1], "rotation": 270, "texture": "#1"},
				"east": {"uv": [0, 0, 1, 1], "rotation": 270, "texture": "#1"},
				"south": {"uv": [0, 0, 1, 1], "rotation": 270, "texture": "#1"},
				"west": {"uv": [0, 0, 1, 1], "rotation": 270, "texture": "#1"},
				"up": {"uv": [0, 0, 1, 1], "rotation": 270, "texture": "#1"},
				"down": {"uv": [0, 0, 1, 1], "rotation": 270, "texture": "#1"}
			}
		},
		{
			"from": [7.405, 2.11957, 14.80473],
			"to": [8.595, 2.57457, 15.97973],
			"rotation": {"angle": 45, "axis": "x", "origin": [8, 2.57707, 16.15473]},
			"faces": {
				"north": {"uv": [0, 0, 1, 1], "rotation": 90, "texture": "#1"},
				"east": {"uv": [0, 0, 1, 1], "rotation": 90, "texture": "#1"},
				"south": {"uv": [0, 0, 1, 1], "rotation": 90, "texture": "#1"},
				"west": {"uv": [0, 0, 1, 1], "rotation": 90, "texture": "#1"},
				"up": {"uv": [0, 0, 1, 1], "rotation": 90, "texture": "#1"},
				"down": {"uv": [0, 0, 1, 1], "rotation": 90, "texture": "#1"}
			}
		},
		{
			"from": [7.4, 2.2, 14.66],
			"to": [8.6, 3.51, 15.395],
			"rotation": {"angle": 0, "axis": "x", "origin": [8, 7.9, 2]},
			"faces": {
				"north": {"uv": [0, 0, 1, 1], "texture": "#1", "tintindex": 0},
				"east": {"uv": [0, 0, 1, 1], "texture": "#1", "tintindex": 0},
				"south": {"uv": [0, 0, 1, 1], "texture": "#1", "tintindex": 0},
				"west": {"uv": [0, 0, 1, 1], "texture": "#1", "tintindex": 0},
				"up": {"uv": [0, 0, 1, 1], "texture": "#1", "tintindex": 0},
				"down": {"uv": [0, 0, 1, 1], "texture": "#1", "tintindex": 0}
			}
		},
		{
			"from": [7.7, 1.25032, 13.61477],
			"to": [8.3, 1.65032, 14.46977],
			"rotation": {"angle": 0, "axis": "y", "origin": [7.5, 7.95032, 7.86977]},
			"faces": {
				"north": {"uv": [1, 9.5, 2, 8.5], "texture": "#1"},
				"east": {"uv": [1, 9.5, 2, 8.5], "texture": "#1"},
				"south": {"uv": [1, 9.5, 2, 8.5], "texture": "#1"},
				"west": {"uv": [1, 9.5, 2, 8.5], "texture": "#1"},
				"up": {"uv": [1, 9.5, 2, 8.5], "texture": "#1"},
				"down": {"uv": [1, 9.5, 2, 8.5], "texture": "#1"}
			}
		},
		{
			"from": [7.7, 1.78035, 13.09128],
			"to": [8.3, 2.20035, 13.40128],
			"rotation": {"angle": 0, "axis": "x", "origin": [8, 1.45285, 14.49128]},
			"faces": {
				"north": {"uv": [1, 9.5, 2, 8.5], "texture": "#1"},
				"east": {"uv": [1, 9.5, 2, 8.5], "texture": "#1"},
				"south": {"uv": [1, 9.5, 2, 8.5], "texture": "#1"},
				"west": {"uv": [1, 9.5, 2, 8.5], "texture": "#1"},
				"up": {"uv": [1, 9.5, 2, 8.5], "texture": "#1"},
				"down": {"uv": [1, 9.5, 2, 8.5], "texture": "#1"}
			}
		},
		{
			"from": [7.701, 0.96032, 13.82477],
			"to": [8.299, 2.55032, 14.22477],
			"rotation": {"angle": -45, "axis": "x", "origin": [7.6, 0.85032, 13.36977]},
			"faces": {
				"north": {"uv": [1, 9.5, 2, 8.5], "texture": "#1"},
				"east": {"uv": [1, 9.5, 2, 8.5], "texture": "#1"},
				"south": {"uv": [1, 9.5, 2, 8.5], "texture": "#1"},
				"west": {"uv": [1, 9.5, 2, 8.5], "texture": "#1"},
				"up": {"uv": [1, 9.5, 2, 8.5], "texture": "#1"},
				"down": {"uv": [1, 9.5, 2, 8.5], "texture": "#1"}
			}
		},
		{
			"from": [7.8, 1.875, 14.025],
			"to": [8.2, 2.3, 14.25],
			"rotation": {"angle": 0, "axis": "y", "origin": [0, 0, -0.3]},
			"faces": {
				"north": {"uv": [1, 9.5, 2, 8.5], "texture": "#1"},
				"east": {"uv": [1, 9.5, 2, 8.5], "texture": "#1"},
				"south": {"uv": [1, 9.5, 2, 8.5], "texture": "#1"},
				"west": {"uv": [1, 9.5, 2, 8.5], "texture": "#1"},
				"up": {"uv": [1, 9.5, 2, 8.5], "texture": "#1"},
				"down": {"uv": [1, 9.5, 2, 8.5], "texture": "#1"}
			}
		},
		{
			"name": "Cube",
			"from": [7.93009, 4.77213, 13.838],
			"to": [8.07009, 4.87213, 14.033],
			"rotation": {"angle": 45, "axis": "z", "origin": [8.00134, 4.65978, 13.9355]},
			"faces": {
				"north": {"uv": [0, 8.5, 1, 9.5], "rotation": 180, "texture": "#1"},
				"east": {"uv": [0, 8.5, 1, 9.5], "rotation": 180, "texture": "#1"},
				"south": {"uv": [0, 8.5, 1, 9.5], "rotation": 180, "texture": "#1"},
				"west": {"uv": [0, 8.5, 1, 9.5], "rotation": 180, "texture": "#1"},
				"up": {"uv": [0, 8.5, 1, 9.5], "rotation": 180, "texture": "#1"},
				"down": {"uv": [0, 8.5, 1, 9.5], "rotation": 180, "texture": "#1"}
			}
		},
		{
			"name": "Cube",
			"from": [7.9, 4.4602, 13.838],
			"to": [8.1, 4.5602, 14.033],
			"rotation": {"angle": 0, "axis": "y", "origin": [8, 4.6102, 13.9355]},
			"faces": {
				"north": {"uv": [0, 8.5, 1, 9.5], "rotation": 180, "texture": "#1"},
				"east": {"uv": [0, 8.5, 1, 9.5], "rotation": 180, "texture": "#1"},
				"south": {"uv": [0, 8.5, 1, 9.5], "rotation": 180, "texture": "#1"},
				"west": {"uv": [0, 8.5, 1, 9.5], "rotation": 180, "texture": "#1"},
				"up": {"uv": [0, 8.5, 1, 9.5], "rotation": 180, "texture": "#1"},
				"down": {"uv": [0, 8.5, 1, 9.5], "rotation": 180, "texture": "#1"}
			}
		},
		{
			"name": "Cube",
			"from": [7.8, 4.5602, 13.838],
			"to": [7.9, 4.7602, 14.033],
			"rotation": {"angle": 0, "axis": "y", "origin": [8, 4.6602, 13.9355]},
			"faces": {
				"north": {"uv": [0, 8.5, 1, 9.5], "rotation": 180, "texture": "#1"},
				"east": {"uv": [0, 8.5, 1, 9.5], "rotation": 180, "texture": "#1"},
				"south": {"uv": [0, 8.5, 1, 9.5], "rotation": 180, "texture": "#1"},
				"west": {"uv": [0, 8.5, 1, 9.5], "rotation": 180, "texture": "#1"},
				"up": {"uv": [0, 8.5, 1, 9.5], "rotation": 180, "texture": "#1"},
				"down": {"uv": [0, 8.5, 1, 9.5], "rotation": 180, "texture": "#1"}
			}
		},
		{
			"name": "Cube",
			"from": [7.93009, 4.44743, 13.838],
			"to": [8.07009, 4.54743, 14.033],
			"rotation": {"angle": 45, "axis": "z", "origin": [8.00134, 4.65978, 13.9355]},
			"faces": {
				"north": {"uv": [0, 8.5, 1, 9.5], "rotation": 180, "texture": "#1"},
				"east": {"uv": [0, 8.5, 1, 9.5], "rotation": 180, "texture": "#1"},
				"south": {"uv": [0, 8.5, 1, 9.5], "rotation": 180, "texture": "#1"},
				"west": {"uv": [0, 8.5, 1, 9.5], "rotation": 180, "texture": "#1"},
				"up": {"uv": [0, 8.5, 1, 9.5], "rotation": 180, "texture": "#1"},
				"down": {"uv": [0, 8.5, 1, 9.5], "rotation": 180, "texture": "#1"}
			}
		},
		{
			"name": "Cube",
			"from": [8.1, 4.5602, 13.838],
			"to": [8.2, 4.7602, 14.033],
			"rotation": {"angle": 0, "axis": "y", "origin": [8, 4.6602, 13.9355]},
			"faces": {
				"north": {"uv": [0, 8.5, 1, 9.5], "rotation": 180, "texture": "#1"},
				"east": {"uv": [0, 8.5, 1, 9.5], "rotation": 180, "texture": "#1"},
				"south": {"uv": [0, 8.5, 1, 9.5], "rotation": 180, "texture": "#1"},
				"west": {"uv": [0, 8.5, 1, 9.5], "rotation": 180, "texture": "#1"},
				"up": {"uv": [0, 8.5, 1, 9.5], "rotation": 180, "texture": "#1"},
				"down": {"uv": [0, 8.5, 1, 9.5], "rotation": 180, "texture": "#1"}
			}
		},
		{
			"name": "Cube",
			"from": [8.113, 4.5902, 13.838],
			"to": [8.213, 4.7302, 14.033],
			"rotation": {"angle": 45, "axis": "z", "origin": [8, 4.6602, 13.9355]},
			"faces": {
				"north": {"uv": [0, 8.5, 1, 9.5], "rotation": 180, "texture": "#1"},
				"east": {"uv": [0, 8.5, 1, 9.5], "rotation": 180, "texture": "#1"},
				"south": {"uv": [0, 8.5, 1, 9.5], "rotation": 180, "texture": "#1"},
				"west": {"uv": [0, 8.5, 1, 9.5], "rotation": 180, "texture": "#1"},
				"up": {"uv": [0, 8.5, 1, 9.5], "rotation": 180, "texture": "#1"},
				"down": {"uv": [0, 8.5, 1, 9.5], "rotation": 180, "texture": "#1"}
			}
		},
		{
			"name": "Cube",
			"from": [7.9, 4.7602, 13.838],
			"to": [8.1, 4.8602, 14.033],
			"rotation": {"angle": 0, "axis": "y", "origin": [8, 4.6102, 13.9355]},
			"faces": {
				"north": {"uv": [0, 8.5, 1, 9.5], "rotation": 180, "texture": "#1"},
				"east": {"uv": [0, 8.5, 1, 9.5], "rotation": 180, "texture": "#1"},
				"south": {"uv": [0, 8.5, 1, 9.5], "rotation": 180, "texture": "#1"},
				"west": {"uv": [0, 8.5, 1, 9.5], "rotation": 180, "texture": "#1"},
				"up": {"uv": [0, 8.5, 1, 9.5], "rotation": 180, "texture": "#1"},
				"down": {"uv": [0, 8.5, 1, 9.5], "rotation": 180, "texture": "#1"}
			}
		},
		{
			"name": "Cube",
			"from": [7.7883, 4.5852, 13.838],
			"to": [7.8883, 4.7302, 14.033],
			"rotation": {"angle": 45, "axis": "z", "origin": [8, 4.6602, 13.9355]},
			"faces": {
				"north": {"uv": [0, 8.5, 1, 9.5], "rotation": 180, "texture": "#1"},
				"east": {"uv": [0, 8.5, 1, 9.5], "rotation": 180, "texture": "#1"},
				"south": {"uv": [0, 8.5, 1, 9.5], "rotation": 180, "texture": "#1"},
				"west": {"uv": [0, 8.5, 1, 9.5], "rotation": 180, "texture": "#1"},
				"up": {"uv": [0, 8.5, 1, 9.5], "rotation": 180, "texture": "#1"},
				"down": {"uv": [0, 8.5, 1, 9.5], "rotation": 180, "texture": "#1"}
			}
		},
		{
			"from": [7.401, 2.2, 11.3],
			"to": [8.599, 2.7, 12.2],
			"rotation": {"angle": 45, "axis": "x", "origin": [8, 2.2, 12.2]},
			"faces": {
				"north": {"uv": [0, 0, 0, 0], "texture": "#1"},
				"east": {"uv": [0.5, 1.5, 0, 2.5], "texture": "#1", "tintindex": 0},
				"south": {"uv": [0, 0, 0, 0], "texture": "#1"},
				"west": {"uv": [0, 1.5, 0.5, 2.5], "texture": "#1", "tintindex": 0},
				"up": {"uv": [0, 0, 0, 0], "texture": "#1"},
				"down": {"uv": [0, 1.5, 0.5, 2.5], "texture": "#1", "tintindex": 0}
			}
		},
		{
			"from": [7.395, 2.2, 8.7],
			"to": [8.605, 3.91, 14.66],
			"rotation": {"angle": 0, "axis": "x", "origin": [8, 7.9, 2]},
			"faces": {
				"north": {"uv": [8, 3.5, 9, 4.5], "texture": "#1"},
				"east": {"uv": [0, 0, 6, 3.5], "texture": "#1", "tintindex": 0},
				"south": {"uv": [0, 6, 0.5, 7], "texture": "#1"},
				"west": {"uv": [0, 5, 6, 8.5], "rotation": 180, "texture": "#1", "tintindex": 0},
				"up": {"uv": [0, 0, 2, 1], "texture": "#1"},
				"down": {"uv": [0, 3.5, 6, 5], "rotation": 90, "texture": "#1", "tintindex": 0}
			}
		},
		{
			"from": [7.295, 2.3, 9.56],
			"to": [8.705, 2.5, 9.76],
			"rotation": {"angle": 0, "axis": "x", "origin": [8, 7.9, 2]},
			"faces": {
				"north": {"uv": [1, 8.5, 2, 9.5], "texture": "#1", "tintindex": 0},
				"east": {"uv": [1, 8.5, 2, 9.5], "texture": "#1", "tintindex": 0},
				"south": {"uv": [1, 8.5, 2, 9.5], "texture": "#1", "tintindex": 0},
				"west": {"uv": [1, 8.5, 2, 9.5], "texture": "#1", "tintindex": 0},
				"up": {"uv": [1, 8.5, 2, 9.5], "texture": "#1", "tintindex": 0},
				"down": {"uv": [1, 8.5, 2, 9.5], "texture": "#1", "tintindex": 0}
			}
		},
		{
			"from": [7.295, 2.3, 11.46],
			"to": [8.705, 2.4, 11.56],
			"rotation": {"angle": 0, "axis": "x", "origin": [8, 7.9, 2]},
			"faces": {
				"north": {"uv": [1, 8.5, 2, 9.5], "texture": "#1", "tintindex": 0},
				"east": {"uv": [1, 8.5, 2, 9.5], "texture": "#1", "tintindex": 0},
				"south": {"uv": [1, 8.5, 2, 9.5], "texture": "#1", "tintindex": 0},
				"west": {"uv": [1, 8.5, 2, 9.5], "texture": "#1", "tintindex": 0},
				"up": {"uv": [1, 8.5, 2, 9.5], "texture": "#1", "tintindex": 0},
				"down": {"uv": [1, 8.5, 2, 9.5], "texture": "#1", "tintindex": 0}
			}
		},
		{
			"from": [7.595, 4.3, 13.86],
			"to": [8.405, 4.4, 13.96],
			"rotation": {"angle": 0, "axis": "x", "origin": [8, 7.9, 2]},
			"faces": {
				"north": {"uv": [0, 8.5, 1, 9.5], "texture": "#1", "tintindex": 0},
				"east": {"uv": [0, 8.5, 1, 9.5], "texture": "#1", "tintindex": 0},
				"south": {"uv": [0, 8.5, 1, 9.5], "texture": "#1", "tintindex": 0},
				"west": {"uv": [0, 8.5, 1, 9.5], "texture": "#1", "tintindex": 0},
				"up": {"uv": [0, 8.5, 1, 9.5], "texture": "#1", "tintindex": 0},
				"down": {"uv": [0, 8.5, 1, 9.5], "texture": "#1", "tintindex": 0}
			}
		},
		{
			"from": [8.6, 3.1, 10.7],
			"to": [8.6, 3.51, 11.76],
			"rotation": {"angle": 0, "axis": "x", "origin": [8, 7.9, 2]},
			"faces": {
				"north": {"uv": [0, 3, 1, 3.5], "texture": "#1", "tintindex": 0},
				"east": {"uv": [0, 3, 1, 3.5], "texture": "#1", "tintindex": 0},
				"south": {"uv": [0, 3, 1, 3.5], "texture": "#1", "tintindex": 0},
				"west": {"uv": [0, 3, 1, 3.5], "texture": "#1", "tintindex": 0},
				"up": {"uv": [0, 3, 1, 3.5], "texture": "#1", "tintindex": 0},
				"down": {"uv": [0, 3, 1, 3.5], "texture": "#1", "tintindex": 0}
			}
		},
		{
			"from": [8.095, 3.1, 9.1],
			"to": [8.595, 3.1, 10.76],
			"rotation": {"angle": 0, "axis": "x", "origin": [8, 7.9, 2]},
			"faces": {
				"north": {"uv": [0, 8.5, 1, 9.5], "texture": "#1", "tintindex": 0},
				"east": {"uv": [0, 8.5, 1, 9.5], "texture": "#1", "tintindex": 0},
				"south": {"uv": [0, 8.5, 1, 9.5], "texture": "#1", "tintindex": 0},
				"west": {"uv": [0, 8.5, 1, 9.5], "texture": "#1", "tintindex": 0},
				"up": {"uv": [0, 8.5, 1, 9.5], "texture": "#1", "tintindex": 0},
				"down": {"uv": [0, 8.5, 1, 9.5], "texture": "#1", "tintindex": 0}
			}
		},
		{
			"from": [8.095, 3.1, 10.76],
			"to": [8.595, 3.7, 10.76],
			"rotation": {"angle": 0, "axis": "x", "origin": [8, 7.9, 2]},
			"faces": {
				"north": {"uv": [0, 8.5, 1, 9.5], "texture": "#1", "tintindex": 0},
				"east": {"uv": [0, 8.5, 1, 9.5], "texture": "#1", "tintindex": 0},
				"south": {"uv": [0, 8.5, 1, 9.5], "texture": "#1", "tintindex": 0},
				"west": {"uv": [0, 8.5, 1, 9.5], "texture": "#1", "tintindex": 0},
				"up": {"uv": [0, 8.5, 1, 9.5], "texture": "#1", "tintindex": 0},
				"down": {"uv": [0, 8.5, 1, 9.5], "texture": "#1", "tintindex": 0}
			}
		},
		{
			"from": [8.095, 3.1, 9.1],
			"to": [8.595, 3.7, 9.1],
			"rotation": {"angle": 0, "axis": "x", "origin": [8, 7.9, 2]},
			"faces": {
				"north": {"uv": [0, 8.5, 1, 9.5], "texture": "#1", "tintindex": 0},
				"east": {"uv": [0, 8.5, 1, 9.5], "texture": "#1", "tintindex": 0},
				"south": {"uv": [0, 8.5, 1, 9.5], "texture": "#1", "tintindex": 0},
				"west": {"uv": [0, 8.5, 1, 9.5], "texture": "#1", "tintindex": 0},
				"up": {"uv": [0, 8.5, 1, 9.5], "texture": "#1", "tintindex": 0},
				"down": {"uv": [0, 8.5, 1, 9.5], "texture": "#1", "tintindex": 0}
			}
		},
		{
			"from": [8.095, 3.7, 9.1],
			"to": [8.595, 3.7, 10.76],
			"rotation": {"angle": 0, "axis": "x", "origin": [8, 7.9, 2]},
			"faces": {
				"north": {"uv": [0, 8.5, 1, 9.5], "texture": "#1", "tintindex": 0},
				"east": {"uv": [0, 8.5, 1, 9.5], "texture": "#1", "tintindex": 0},
				"south": {"uv": [0, 8.5, 1, 9.5], "texture": "#1", "tintindex": 0},
				"west": {"uv": [0, 8.5, 1, 9.5], "texture": "#1", "tintindex": 0},
				"up": {"uv": [0, 8.5, 1, 9.5], "texture": "#1", "tintindex": 0},
				"down": {"uv": [0, 8.5, 1, 9.5], "texture": "#1", "tintindex": 0}
			}
		},
		{
			"from": [8.095, 3.1, 9.1],
			"to": [8.095, 3.7, 10.76],
			"rotation": {"angle": 0, "axis": "x", "origin": [8, 7.9, 2]},
			"faces": {
				"north": {"uv": [0, 8.5, 1, 9.5], "texture": "#1", "tintindex": 0},
				"east": {"uv": [0, 8.5, 1, 9.5], "texture": "#1", "tintindex": 0},
				"south": {"uv": [0, 8.5, 1, 9.5], "texture": "#1", "tintindex": 0},
				"west": {"uv": [0, 8.5, 1, 9.5], "texture": "#1", "tintindex": 0},
				"up": {"uv": [0, 8.5, 1, 9.5], "texture": "#1", "tintindex": 0},
				"down": {"uv": [0, 8.5, 1, 9.5], "texture": "#1", "tintindex": 0}
			}
		},
		{
			"from": [7.8, 3, 9.5],
			"to": [8.595, 3, 11.395],
			"rotation": {"angle": 0, "axis": "x", "origin": [8, 7.9, 2]},
			"faces": {
				"north": {"uv": [6.5, 3.5, 7.5, 4.5], "texture": "#1", "tintindex": 0},
				"east": {"uv": [6.5, 3.5, 7.5, 4.5], "texture": "#1", "tintindex": 0},
				"south": {"uv": [6.5, 3.5, 7.5, 4.5], "texture": "#1", "tintindex": 0},
				"west": {"uv": [6.5, 3.5, 7.5, 4.5], "texture": "#1", "tintindex": 0},
				"up": {"uv": [6.5, 3.5, 7.5, 4.5], "texture": "#1", "tintindex": 0},
				"down": {"uv": [6.5, 3.5, 7.5, 4.5], "texture": "#1", "tintindex": 0}
			}
		},
		{
			"from": [7.8, 3, 9.5],
			"to": [7.8, 3.6, 11.395],
			"rotation": {"angle": 0, "axis": "x", "origin": [8, 7.9, 2]},
			"faces": {
				"north": {"uv": [6.5, 3.5, 7.5, 4.5], "texture": "#1", "tintindex": 0},
				"east": {"uv": [6.5, 3.5, 7.5, 4.5], "texture": "#1", "tintindex": 0},
				"south": {"uv": [6.5, 3.5, 7.5, 4.5], "texture": "#1", "tintindex": 0},
				"west": {"uv": [6.5, 3.5, 7.5, 4.5], "texture": "#1", "tintindex": 0},
				"up": {"uv": [6.5, 3.5, 7.5, 4.5], "texture": "#1", "tintindex": 0},
				"down": {"uv": [6.5, 3.5, 7.5, 4.5], "texture": "#1", "tintindex": 0}
			}
		},
		{
			"from": [7.8, 3.6, 9.5],
			"to": [8.5, 3.6, 11.395],
			"rotation": {"angle": 0, "axis": "x", "origin": [8, 7.9, 2]},
			"faces": {
				"north": {"uv": [6.5, 3.5, 7.5, 4.5], "texture": "#1", "tintindex": 0},
				"east": {"uv": [6.5, 3.5, 7.5, 4.5], "texture": "#1", "tintindex": 0},
				"south": {"uv": [6.5, 3.5, 7.5, 4.5], "texture": "#1", "tintindex": 0},
				"west": {"uv": [6.5, 3.5, 7.5, 4.5], "texture": "#1", "tintindex": 0},
				"up": {"uv": [6.5, 3.5, 7.5, 4.5], "texture": "#1", "tintindex": 0},
				"down": {"uv": [6.5, 3.5, 7.5, 4.5], "texture": "#1", "tintindex": 0}
			}
		},
		{
			"from": [7.8, 3, 11.395],
			"to": [8.59, 3.6, 11.395],
			"rotation": {"angle": 0, "axis": "x", "origin": [8, 7.9, 2]},
			"faces": {
				"north": {"uv": [6.5, 3.5, 7.5, 4.5], "texture": "#1", "tintindex": 0},
				"east": {"uv": [6.5, 3.5, 7.5, 4.5], "texture": "#1", "tintindex": 0},
				"south": {"uv": [6.5, 3.5, 7.5, 4.5], "texture": "#1", "tintindex": 0},
				"west": {"uv": [6.5, 3.5, 7.5, 4.5], "texture": "#1", "tintindex": 0},
				"up": {"uv": [6.5, 3.5, 7.5, 4.5], "texture": "#1", "tintindex": 0},
				"down": {"uv": [6.5, 3.5, 7.5, 4.5], "texture": "#1", "tintindex": 0}
			}
		},
		{
			"from": [7.8, 3, 9.495],
			"to": [8.585, 3.6, 9.495],
			"rotation": {"angle": 0, "axis": "x", "origin": [8, 7.9, 2]},
			"faces": {
				"north": {"uv": [6.5, 3.5, 7.5, 4.5], "texture": "#1", "tintindex": 0},
				"east": {"uv": [6.5, 3.5, 7.5, 4.5], "texture": "#1", "tintindex": 0},
				"south": {"uv": [6.5, 3.5, 7.5, 4.5], "texture": "#1", "tintindex": 0},
				"west": {"uv": [6.5, 3.5, 7.5, 4.5], "texture": "#1", "tintindex": 0},
				"up": {"uv": [6.5, 3.5, 7.5, 4.5], "texture": "#1", "tintindex": 0},
				"down": {"uv": [6.5, 3.5, 7.5, 4.5], "texture": "#1", "tintindex": 0}
			}
		},
		{
			"from": [7.795, 3.91, 8.7],
			"to": [8.205, 4.31, 14.66],
			"rotation": {"angle": 0, "axis": "x", "origin": [8, 8, 2]},
			"faces": {
				"north": {"uv": [8, 0, 9, 1], "texture": "#1"},
				"east": {"uv": [6.5, 3.5, 7.5, 4.5], "texture": "#1"},
				"south": {"uv": [8, 3.5, 9, 4.5], "texture": "#1"},
				"west": {"uv": [6.5, 3.5, 7.5, 4.5], "texture": "#1"},
				"up": {"uv": [0, 0, 6, 0.5], "rotation": 270, "texture": "#1"},
				"down": {"uv": [6.5, 3.5, 7.5, 4.5], "texture": "#1"}
			}
		},
		{
			"from": [7.795, 4.31, 8.7],
			"to": [8.205, 4.51, 12.36],
			"rotation": {"angle": 0, "axis": "x", "origin": [8, 8, 2]},
			"faces": {
				"north": {"uv": [15.5, 5.5, 16, 6], "texture": "#1"},
				"east": {"uv": [15.5, 5.5, 16, 6], "texture": "#1"},
				"south": {"uv": [15.5, 5.5, 16, 6], "texture": "#1"},
				"west": {"uv": [15.5, 5.5, 16, 6], "texture": "#1"},
				"up": {"uv": [15.5, 0, 16, 6.5], "texture": "#1"},
				"down": {"uv": [15.5, 5.5, 16, 6], "texture": "#1"}
			}
		},
		{
			"from": [7.695, 4.21, 13.1],
			"to": [8.305, 4.51, 14.36],
			"rotation": {"angle": 0, "axis": "x", "origin": [8, 8, 2]},
			"faces": {
				"north": {"uv": [1, 8.5, 2, 9.5], "texture": "#1"},
				"east": {"uv": [1, 8.5, 2, 9.5], "texture": "#1"},
				"south": {"uv": [1, 8.5, 2, 9.5], "texture": "#1"},
				"west": {"uv": [1, 8.5, 2, 9.5], "texture": "#1"},
				"up": {"uv": [1, 8.5, 2, 9.5], "texture": "#1"},
				"down": {"uv": [1, 8.5, 2, 9.5], "texture": "#1"}
			}
		},
		{
			"from": [7.695, 4.41, -2.7],
			"to": [8.305, 4.51, -1.74],
			"rotation": {"angle": 0, "axis": "x", "origin": [8, 8, 2]},
			"faces": {
				"north": {"uv": [1, 8.5, 2, 9.5], "texture": "#1"},
				"east": {"uv": [1, 8.5, 2, 9.5], "texture": "#1"},
				"south": {"uv": [1, 8.5, 2, 9.5], "texture": "#1"},
				"west": {"uv": [1, 8.5, 2, 9.5], "texture": "#1"},
				"up": {"uv": [1, 8.5, 2, 9.5], "texture": "#1"},
				"down": {"uv": [1, 8.5, 2, 9.5], "texture": "#1"}
			}
		},
		{
			"from": [7.97, 4.51, -2.6],
			"to": [8.03, 4.61, -2.04],
			"rotation": {"angle": 0, "axis": "x", "origin": [8.025, 8, 2]},
			"faces": {
				"north": {"uv": [1, 8.5, 2, 9.5], "texture": "#1"},
				"east": {"uv": [1, 8.5, 2, 9.5], "texture": "#1"},
				"south": {"uv": [1, 8.5, 2, 9.5], "texture": "#1"},
				"west": {"uv": [1, 8.5, 2, 9.5], "texture": "#1"},
				"up": {"uv": [1, 8.5, 2, 9.5], "texture": "#1"},
				"down": {"uv": [1, 8.5, 2, 9.5], "texture": "#1"}
			}
		},
		{
			"from": [8.07, 4.51, -2.6],
			"to": [8.13, 4.61, -2.04],
			"rotation": {"angle": 0, "axis": "x", "origin": [7.925, 7.9, 2]},
			"faces": {
				"north": {"uv": [1, 8.5, 2, 9.5], "texture": "#1"},
				"east": {"uv": [1, 8.5, 2, 9.5], "texture": "#1"},
				"south": {"uv": [1, 8.5, 2, 9.5], "texture": "#1"},
				"west": {"uv": [1, 8.5, 2, 9.5], "texture": "#1"},
				"up": {"uv": [1, 8.5, 2, 9.5], "texture": "#1"},
				"down": {"uv": [1, 8.5, 2, 9.5], "texture": "#1"}
			}
		},
		{
			"from": [8.035, 4.58, -2.6],
			"to": [8.095, 4.68, -2.04],
			"rotation": {"angle": -22.5, "axis": "z", "origin": [8.125, 4.51, -2.32]},
			"faces": {
				"north": {"uv": [2, 8.5, 1, 9.5], "texture": "#1"},
				"east": {"uv": [2, 8.5, 1, 9.5], "texture": "#1"},
				"south": {"uv": [2, 8.5, 1, 9.5], "texture": "#1"},
				"west": {"uv": [2, 8.5, 1, 9.5], "texture": "#1"},
				"up": {"uv": [2, 8.5, 1, 9.5], "texture": "#1"},
				"down": {"uv": [2, 8.5, 1, 9.5], "texture": "#1"}
			}
		},
		{
			"from": [7.87, 4.51, -2.6],
			"to": [7.93, 4.61, -2.04],
			"rotation": {"angle": 0, "axis": "x", "origin": [8.075, 7.9, 2]},
			"faces": {
				"north": {"uv": [2, 8.5, 1, 9.5], "texture": "#1"},
				"east": {"uv": [2, 8.5, 1, 9.5], "texture": "#1"},
				"south": {"uv": [2, 8.5, 1, 9.5], "texture": "#1"},
				"west": {"uv": [2, 8.5, 1, 9.5], "texture": "#1"},
				"up": {"uv": [2, 8.5, 1, 9.5], "texture": "#1"},
				"down": {"uv": [2, 8.5, 1, 9.5], "texture": "#1"}
			}
		},
		{
			"from": [7.905, 4.58, -2.6],
			"to": [7.965, 4.68, -2.04],
			"rotation": {"angle": 22.5, "axis": "z", "origin": [7.875, 4.51, -2.32]},
			"faces": {
				"north": {"uv": [1, 8.5, 2, 9.5], "texture": "#1"},
				"east": {"uv": [1, 8.5, 2, 9.5], "texture": "#1"},
				"south": {"uv": [1, 8.5, 2, 9.5], "texture": "#1"},
				"west": {"uv": [1, 8.5, 2, 9.5], "texture": "#1"},
				"up": {"uv": [1, 8.5, 2, 9.5], "texture": "#1"},
				"down": {"uv": [1, 8.5, 2, 9.5], "texture": "#1"}
			}
		},
		{
			"from": [7.695, 4.195, -2.875],
			"to": [8.305, 4.295, -1.565],
			"rotation": {"angle": 0, "axis": "x", "origin": [8, 8, 2]},
			"faces": {
				"north": {"uv": [1, 8.5, 2, 9.5], "texture": "#1"},
				"east": {"uv": [1, 8.5, 2, 9.5], "texture": "#1"},
				"south": {"uv": [1, 8.5, 2, 9.5], "texture": "#1"},
				"west": {"uv": [1, 8.5, 2, 9.5], "texture": "#1"},
				"up": {"uv": [1, 8.5, 2, 9.5], "texture": "#1"},
				"down": {"uv": [1, 8.5, 2, 9.5], "texture": "#1"}
			}
		},
		{
			"from": [7.695, 4.735, -1.915],
			"to": [8.305, 4.835, -1.455],
			"rotation": {"angle": 45, "axis": "x", "origin": [8, 4.46, -2.22]},
			"faces": {
				"north": {"uv": [1, 8.5, 2, 9.5], "texture": "#1"},
				"east": {"uv": [1, 8.5, 2, 9.5], "texture": "#1"},
				"south": {"uv": [1, 8.5, 2, 9.5], "texture": "#1"},
				"west": {"uv": [1, 8.5, 2, 9.5], "texture": "#1"},
				"up": {"uv": [1, 8.5, 2, 9.5], "texture": "#1"},
				"down": {"uv": [1, 8.5, 2, 9.5], "texture": "#1"}
			}
		},
		{
			"from": [7.695, 4.735, -2.985],
			"to": [8.305, 4.835, -2.525],
			"rotation": {"angle": -45, "axis": "x", "origin": [8, 4.46, -2.22]},
			"faces": {
				"north": {"uv": [1, 8.5, 2, 9.5], "texture": "#1"},
				"east": {"uv": [1, 8.5, 2, 9.5], "texture": "#1"},
				"south": {"uv": [1, 8.5, 2, 9.5], "texture": "#1"},
				"west": {"uv": [1, 8.5, 2, 9.5], "texture": "#1"},
				"up": {"uv": [1, 8.5, 2, 9.5], "texture": "#1"},
				"down": {"uv": [1, 8.5, 2, 9.5], "texture": "#1"}
			}
		},
		{
			"from": [8.205, 4.51, 13.76],
			"to": [8.305, 4.81, 14.06],
			"rotation": {"angle": 0, "axis": "x", "origin": [8, 8, 2]},
			"faces": {
				"north": {"uv": [1, 8.5, 2, 9.5], "texture": "#1"},
				"east": {"uv": [1, 8.5, 2, 9.5], "texture": "#1"},
				"south": {"uv": [1, 8.5, 2, 9.5], "texture": "#1"},
				"west": {"uv": [1, 8.5, 2, 9.5], "texture": "#1"},
				"up": {"uv": [1, 8.5, 2, 9.5], "texture": "#1"},
				"down": {"uv": [1, 8.5, 2, 9.5], "texture": "#1"}
			}
		},
		{
			"from": [8.205, 4.235, 13.82],
			"to": [8.305, 4.66, 14.12],
			"rotation": {"angle": -45, "axis": "x", "origin": [8.305, 4.66, 13.91]},
			"faces": {
				"north": {"uv": [1, 8.5, 2, 9.5], "rotation": 180, "texture": "#1"},
				"east": {"uv": [1, 8.5, 2, 9.5], "rotation": 270, "texture": "#1"},
				"south": {"uv": [1, 8.5, 2, 9.5], "texture": "#1"},
				"west": {"uv": [1, 8.5, 2, 9.5], "rotation": 90, "texture": "#1"},
				"up": {"uv": [1, 8.5, 2, 9.5], "rotation": 180, "texture": "#1"},
				"down": {"uv": [1, 8.5, 2, 9.5], "texture": "#1"}
			}
		},
		{
			"from": [8.205, 4.57, 13.485],
			"to": [8.305, 4.87, 13.91],
			"rotation": {"angle": -45, "axis": "x", "origin": [8.305, 4.66, 13.91]},
			"faces": {
				"north": {"uv": [1, 8.5, 2, 9.5], "texture": "#1"},
				"east": {"uv": [1, 8.5, 2, 9.5], "texture": "#1"},
				"south": {"uv": [1, 8.5, 2, 9.5], "texture": "#1"},
				"west": {"uv": [1, 8.5, 2, 9.5], "texture": "#1"},
				"up": {"uv": [1, 8.5, 2, 9.5], "texture": "#1"},
				"down": {"uv": [1, 8.5, 2, 9.5], "texture": "#1"}
			}
		},
		{
			"from": [7.705, 4.57, 13.485],
			"to": [7.805, 4.87, 13.91],
			"rotation": {"angle": -45, "axis": "x", "origin": [7.805, 4.66, 13.91]},
			"faces": {
				"north": {"uv": [1, 8.5, 2, 9.5], "texture": "#1"},
				"east": {"uv": [1, 8.5, 2, 9.5], "texture": "#1"},
				"south": {"uv": [1, 8.5, 2, 9.5], "texture": "#1"},
				"west": {"uv": [1, 8.5, 2, 9.5], "texture": "#1"},
				"up": {"uv": [1, 8.5, 2, 9.5], "texture": "#1"},
				"down": {"uv": [1, 8.5, 2, 9.5], "texture": "#1"}
			}
		},
		{
			"from": [7.705, 4.51, 13.76],
			"to": [7.805, 4.81, 14.06],
			"rotation": {"angle": 0, "axis": "x", "origin": [7.5, 8, 2]},
			"faces": {
				"north": {"uv": [1, 8.5, 2, 9.5], "texture": "#1"},
				"east": {"uv": [1, 8.5, 2, 9.5], "texture": "#1"},
				"south": {"uv": [1, 8.5, 2, 9.5], "texture": "#1"},
				"west": {"uv": [1, 8.5, 2, 9.5], "texture": "#1"},
				"up": {"uv": [1, 8.5, 2, 9.5], "texture": "#1"},
				"down": {"uv": [1, 8.5, 2, 9.5], "texture": "#1"}
			}
		},
		{
			"from": [7.705, 4.235, 13.82],
			"to": [7.805, 4.66, 14.12],
			"rotation": {"angle": -45, "axis": "x", "origin": [7.805, 4.66, 13.91]},
			"faces": {
				"north": {"uv": [1, 8.5, 2, 9.5], "rotation": 180, "texture": "#1"},
				"east": {"uv": [1, 8.5, 2, 9.5], "rotation": 270, "texture": "#1"},
				"south": {"uv": [1, 8.5, 2, 9.5], "texture": "#1"},
				"west": {"uv": [1, 8.5, 2, 9.5], "rotation": 90, "texture": "#1"},
				"up": {"uv": [1, 8.5, 2, 9.5], "rotation": 180, "texture": "#1"},
				"down": {"uv": [1, 8.5, 2, 9.5], "texture": "#1"}
			}
		},
		{
			"from": [7.995, 3.995, 8.7],
			"to": [8.57, 4.395, 14.66],
			"rotation": {"angle": -45, "axis": "z", "origin": [8, 4.11, 11.4375]},
			"faces": {
				"north": {"uv": [8, 0, 9, 1], "texture": "#1"},
				"east": {"uv": [8, 0, 9, 1], "texture": "#1"},
				"south": {"uv": [8, 3.5, 9, 4.5], "texture": "#1"},
				"west": {"uv": [8, 0, 9, 1], "texture": "#1"},
				"up": {"uv": [0, 0, 6, 0.5], "rotation": 270, "texture": "#1"},
				"down": {"uv": [8, 0, 9, 1], "texture": "#1"}
			}
		},
		{
			"from": [7.43, 3.995, 8.7],
			"to": [8.005, 4.395, 14.66],
			"rotation": {"angle": 45, "axis": "z", "origin": [8, 4.11, 11.4375]},
			"faces": {
				"north": {"uv": [9, 0, 8, 1], "texture": "#1"},
				"east": {"uv": [7.5, 3.5, 6.5, 4.5], "texture": "#1"},
				"south": {"uv": [9, 3.5, 8, 4.5], "texture": "#1"},
				"west": {"uv": [7.5, 3.5, 6.5, 4.5], "texture": "#1"},
				"up": {"uv": [0, 0.5, 6, 0], "rotation": 270, "texture": "#1"},
				"down": {"uv": [7.5, 3.5, 6.5, 4.5], "texture": "#1"}
			}
		}
	],
	"display": {
		"thirdperson_righthand": {
			"translation": [0, 6.5, -6.75],
			"scale": [1.1, 1.1, 1.1]
		},
		"firstperson_righthand": {
			"translation": [-3.5, 8.5, 0],
			"scale": [0.8, 0.8, 0.8]
		},
		"firstperson_lefthand": {
			"translation": [3.75, -3.25, 0]
		},
		"ground": {
			"translation": [0, 5, -1]
		},
		"gui": {
			"rotation": [30, 225, 0],
			"translation": [1.25, 4.5, 0],
			"scale": [1.2, 1.2, 1.2]
		},
		"fixed": {
			"rotation": [0, 90, 0],
			"translation": [-3.25, 11.25, -1],
			"scale": [2, 2, 2]
		}
	},
	"groups": [
		{
			"name": "Barrel",
			"origin": [8, 2.6, 3.88],
			"color": 0,
			"children": [0, 1, 2, 3, 4, 5, 6, 7, 8, 9, 10, 11, 12, 13, 14, 15, 16, 17, 18, 19]
		},
		{
			"name": "Trigger",
			"origin": [0, 0, -0.3],
			"color": 0,
			"children": [20, 21, 22, 23, 24, 25, 26, 27, 28, 29, 30, 31, 32, 33, 34, 35, 36, 37]
		},
		{
			"name": "Receiver",
			"origin": [8, 4.11, 11.4375],
			"color": 0,
			"children": [38, 39, 40, 41, 42, 43, 44, 45, 46, 47, 48, 49, 50, 51, 52, 53, 54, 55, 56, 57, 58, 59, 60, 61, 62, 63, 64, 65, 66, 67, 68, 69, 70, 71, 72, 73, 74, 75, 76, 77, 78, 79, 80, 81]
		}
	]
}