{
	"credit": "Made with Blockbench",
	"texture_size": [32, 32],
	"textures": {
		"1": "moguns:items/benelli",
		"particle": "moguns:items/as_val"
	},
	"elements": [
		{
			"from": [8.595, 3.1, 9.1],
			"to": [8.595, 3.71, 10.76],
			"rotation": {"angle": 0, "axis": "x", "origin": [8, 7.9, 2]},
			"faces": {
				"north": {"uv": [1, 8.5, 2, 9.5], "texture": "#1", "tintindex": 0},
				"east": {"uv": [1, 8.5, 2, 9.5], "texture": "#1", "tintindex": 0},
				"south": {"uv": [1, 8.5, 2, 9.5], "texture": "#1", "tintindex": 0},
				"west": {"uv": [1, 8.5, 2, 9.5], "texture": "#1", "tintindex": 0},
				"up": {"uv": [1, 8.5, 2, 9.5], "texture": "#1", "tintindex": 0},
				"down": {"uv": [1, 8.5, 2, 9.5], "texture": "#1", "tintindex": 0}
			}
		},
		{
			"from": [8.595, 3.2, 9.815],
			"to": [9.095, 3.4, 10.015],
			"rotation": {"angle": 0, "axis": "x", "origin": [8, 7.9, 2]},
			"faces": {
				"north": {"uv": [0, 8.5, 1, 9.5], "texture": "#1", "tintindex": 0},
				"east": {"uv": [0, 8.5, 1, 9.5], "texture": "#1", "tintindex": 0},
				"south": {"uv": [0, 8.5, 1, 9.5], "texture": "#1", "tintindex": 0},
				"west": {"uv": [0, 8.5, 1, 9.5], "texture": "#1", "tintindex": 0},
				"up": {"uv": [0, 8.5, 1, 9.5], "texture": "#1", "tintindex": 0},
				"down": {"uv": [0, 8.5, 1, 9.5], "texture": "#1", "tintindex": 0}
			}
		}
	],
	"display": {
		"thirdperson_righthand": {
			"translation": [0, 6.5, -6.75],
			"scale": [1.1, 1.1, 1.1]
		},
		"firstperson_righthand": {
			"translation": [-3.5, 8.5, 0],
			"scale": [0.8, 0.8, 0.8]
		},
		"firstperson_lefthand": {
			"translation": [3.75, -3.25, 0]
		},
		"ground": {
			"translation": [0, 5, -1]
		},
		"gui": {
			"rotation": [30, 225, 0],
			"translation": [1.25, 4.5, 0],
			"scale": [1.2, 1.2, 1.2]
		},
		"fixed": {
			"rotation": [0, 90, 0],
			"translation": [-3.25, 11.25, -1],
			"scale": [2, 2, 2]
		}
	},
	"groups": [
		{
			"name": "Chamber",
			"origin": [8, 7.9, 2],
			"color": 0,
			"children": [0, 1]
		}
	]
}