{
	"credit": "Made with Blockbench",
	"texture_size": [32, 32],
	"textures": {
		"1": "moguns:items/blue_heat"
	},
	"elements": [
		{
			"from": [7.5, 3.395, 1.8],
			"to": [7.75, 3.805, 7],
			"rotation": {"angle": 0, "axis": "y", "origin": [0, 0, -1.8]},
			"faces": {
				"north": {"uv": [8, 16, 8.5, 15.5], "texture": "#1"},
				"west": {"uv": [8, 13, 16, 13.5], "texture": "#1"}
			}
		},
		{
			"from": [7.795, 3.85, 1.8],
			"to": [8.205, 4.1, 7],
			"rotation": {"angle": 0, "axis": "y", "origin": [0, 0, -1.8]},
			"faces": {
				"north": {"uv": [8, 16, 8.5, 15.5], "texture": "#1"},
				"up": {"uv": [8, 14, 16, 14.5], "rotation": 90, "texture": "#1"}
			}
		},
		{
			"from": [8.25, 3.395, 1.8],
			"to": [8.5, 3.805, 7],
			"rotation": {"angle": 0, "axis": "y", "origin": [0, 0, -1.8]},
			"faces": {
				"north": {"uv": [8, 16, 8.5, 15.5], "rotation": 180, "texture": "#1"},
				"east": {"uv": [8, 14, 16, 14.5], "rotation": 180, "texture": "#1"}
			}
		},
		{
			"from": [7.795, 3.1, 1.8],
			"to": [8.205, 3.35, 7],
			"rotation": {"angle": 0, "axis": "y", "origin": [0, 0, -1.8]},
			"faces": {
				"north": {"uv": [8, 16, 8.5, 15.5], "texture": "#1"},
				"down": {"uv": [8, 15, 16, 15.5], "rotation": 270, "texture": "#1"}
			}
		},
		{
			"from": [7.795, 3.85, 1.8],
			"to": [8.205, 4.1, 7],
			"rotation": {"angle": -45, "axis": "z", "origin": [8, 3.6, 6.4]},
			"faces": {
				"north": {"uv": [8, 16, 8.5, 15.5], "texture": "#1"},
				"up": {"uv": [8, 13.5, 16, 14], "rotation": 90, "texture": "#1"}
			}
		},
		{
			"from": [7.795, 3.1, 1.8],
			"to": [8.205, 3.35, 7],
			"rotation": {"angle": -45, "axis": "z", "origin": [8, 3.6, 6.4]},
			"faces": {
				"north": {"uv": [8, 16, 8.5, 15.5], "texture": "#1"},
				"down": {"uv": [8, 12.5, 16, 13], "rotation": 270, "texture": "#1"}
			}
		},
		{
			"from": [8.25, 3.395, 1.8],
			"to": [8.5, 3.805, 7],
			"rotation": {"angle": -45, "axis": "z", "origin": [8, 3.6, 6.4]},
			"faces": {
				"north": {"uv": [8, 16, 8.5, 15.5], "rotation": 180, "texture": "#1"},
				"east": {"uv": [8, 14.5, 16, 15], "rotation": 180, "texture": "#1"}
			}
		},
		{
			"from": [7.5, 3.395, 1.8],
			"to": [7.75, 3.805, 7],
			"rotation": {"angle": -45, "axis": "z", "origin": [8, 3.6, 6.4]},
			"faces": {
				"north": {"uv": [8, 16, 8.5, 15.5], "texture": "#1"},
				"west": {"uv": [8, 13.5, 16, 14], "texture": "#1"}
			}
		},
		{
			"from": [7.6, 4.4, 9.6],
			"to": [8.4, 4.675, 15.425],
			"rotation": {"angle": 0, "axis": "x", "origin": [8, 4.675, 14.725]},
			"faces": {
				"north": {"uv": [0, 4, 0.5, 4.5], "rotation": 180, "texture": "#1", "tintindex": 0},
				"east": {"uv": [15, 5.5, 14.5, 0], "rotation": 90, "texture": "#1", "tintindex": 0},
				"south": {"uv": [0, 4, 0.5, 4.5], "rotation": 180, "texture": "#1", "tintindex": 0},
				"west": {"uv": [15.5, 0, 16, 5.5], "rotation": 90, "texture": "#1", "tintindex": 0},
				"up": {"uv": [15, 0, 15.5, 5.5], "rotation": 180, "texture": "#1", "tintindex": 0},
				"down": {"uv": [0, 4, 0.5, 4.5], "rotation": 180, "texture": "#1", "tintindex": 0}
			}
		},
		{
			"from": [7.601, 6.50416, 14.31496],
			"to": [8.399, 6.80416, 14.70416],
			"rotation": {"angle": 45, "axis": "x", "origin": [8, 4.4, 12.3]},
			"faces": {
				"north": {"uv": [14.5, 0, 15, 0.5], "rotation": 270, "texture": "#1", "tintindex": 0},
				"east": {"uv": [14.5, 0, 15, 0.5], "rotation": 270, "texture": "#1", "tintindex": 0},
				"south": {"uv": [14.5, 0, 15, 0.5], "rotation": 270, "texture": "#1", "tintindex": 0},
				"west": {"uv": [14.5, 0, 15, 0.5], "rotation": 270, "texture": "#1", "tintindex": 0},
				"up": {"uv": [14.5, 0, 15, 0.5], "rotation": 270, "texture": "#1", "tintindex": 0},
				"down": {"uv": [14.5, 0, 15, 0.5], "rotation": 270, "texture": "#1", "tintindex": 0}
			}
		},
		{
			"from": [7.3, 2.25, 9.6],
			"to": [8.7, 3.25, 16.2],
			"rotation": {"angle": 0, "axis": "y", "origin": [0, 0, -0.3]},
			"faces": {
				"north": {"uv": [6, 5, 7, 6.5], "texture": "#1", "tintindex": 0},
				"east": {"uv": [0, 5, 6, 6.5], "texture": "#1", "tintindex": 0},
				"south": {"uv": [6, 5, 7, 6.5], "texture": "#1", "tintindex": 0},
				"west": {"uv": [6, 5, 0, 6.5], "texture": "#1", "tintindex": 0},
				"up": {"uv": [11, 5.5, 12.5, 7], "texture": "#1", "tintindex": 0},
				"down": {"uv": [0, 7, 7, 6.5], "rotation": 90, "texture": "#1", "tintindex": 0}
			}
		},
		{
			"from": [8.495, 3.15, 9.6],
			"to": [8.595, 3.95, 11.8],
			"rotation": {"angle": 0, "axis": "y", "origin": [0, 0, -0.3]},
			"faces": {
				"north": {"uv": [8, 14.5, 8.5, 16], "texture": "#1", "tintindex": 0},
				"east": {"uv": [8, 14.5, 8.5, 16], "texture": "#1", "tintindex": 0},
				"south": {"uv": [8, 14.5, 8.5, 16], "texture": "#1", "tintindex": 0},
				"west": {"uv": [8, 14.5, 8.5, 16], "texture": "#1", "tintindex": 0},
				"up": {"uv": [8, 14.5, 8.5, 16], "texture": "#1", "tintindex": 0},
				"down": {"uv": [8, 14.5, 8.5, 16], "texture": "#1", "tintindex": 0}
			}
		},
		{
			"from": [7.3, 2.55, 5.7],
			"to": [8.7, 4, 9.6],
			"rotation": {"angle": 0, "axis": "y", "origin": [0, 0, -0.3]},
			"faces": {
				"north": {"uv": [9.5, 3, 10, 4], "texture": "#1", "tintindex": 0},
				"east": {"uv": [7, 3, 11, 4.5], "texture": "#1", "tintindex": 0},
				"south": {"uv": [2, 4, 3, 5.5], "texture": "#1", "tintindex": 0},
				"west": {"uv": [11, 2, 7, 0.5], "texture": "#1", "tintindex": 0},
				"up": {"uv": [11, 5.5, 12.5, 7], "texture": "#1", "tintindex": 0},
				"down": {"uv": [11, 5.5, 12.5, 7], "texture": "#1", "tintindex": 0}
			}
		},
		{
			"from": [7.3, 3.25, 9.6],
			"to": [8.6, 4, 12.6],
			"rotation": {"angle": 0, "axis": "y", "origin": [0, 0, -0.3]},
			"faces": {
				"north": {"uv": [5.5, 3, 6.5, 4], "texture": "#1", "tintindex": 0},
				"east": {"uv": [3, 2.5, 5.5, 3.5], "texture": "#1", "tintindex": 0},
				"south": {"uv": [2, 4, 3, 5.5], "texture": "#1", "tintindex": 0},
				"west": {"uv": [5.5, 1, 2, 2], "texture": "#1", "tintindex": 0},
				"up": {"uv": [11, 5.5, 12.5, 7], "texture": "#1", "tintindex": 0},
				"down": {"uv": [11, 5.5, 12.5, 7], "texture": "#1", "tintindex": 0}
			}
		},
		{
			"from": [7.2, 3.25, 11.8],
			"to": [8.8, 4, 16.2],
			"rotation": {"angle": 0, "axis": "y", "origin": [0, 0, -0.3]},
			"faces": {
				"north": {"uv": [5.5, 3, 6.5, 4], "texture": "#1", "tintindex": 0},
				"east": {"uv": [2, 1.5, 5.5, 2.5], "texture": "#1", "tintindex": 0},
				"south": {"uv": [0, 4, 1.5, 5], "texture": "#1", "tintindex": 0},
				"west": {"uv": [4.5, 0.5, 0, 1.5], "texture": "#1", "tintindex": 0},
				"up": {"uv": [11, 5.5, 12.5, 7], "texture": "#1", "tintindex": 0},
				"down": {"uv": [3, 3.5, 7, 5], "rotation": 90, "texture": "#1", "tintindex": 0}
			}
		},
		{
			"from": [8.234, 3.6, 9.6],
			"to": [8.8, 4, 16.199],
			"rotation": {"angle": -45, "axis": "z", "origin": [8.8, 4, 10.2]},
			"faces": {
				"north": {"uv": [11, 5.5, 12.5, 7], "texture": "#1"},
				"east": {"uv": [3.5, 1.5, 6.5, 2], "texture": "#1"},
				"south": {"uv": [2, 4, 2.5, 4.5], "texture": "#1"},
				"west": {"uv": [11, 5.5, 12.5, 7], "texture": "#1"},
				"up": {"uv": [0, 2, 5.5, 2.5], "rotation": 90, "texture": "#1"},
				"down": {"uv": [11, 5.5, 12.5, 7], "texture": "#1"}
			}
		},
		{
			"from": [7.2, 3.6, 9.6],
			"to": [7.766, 4, 16.199],
			"rotation": {"angle": 45, "axis": "z", "origin": [7.2, 4, 10.2]},
			"faces": {
				"north": {"uv": [11, 5.5, 12.5, 7], "texture": "#1"},
				"east": {"uv": [11, 5.5, 12.5, 7], "texture": "#1"},
				"south": {"uv": [2, 3.5, 2.5, 4], "texture": "#1"},
				"west": {"uv": [2.5, 1.5, 5, 2], "texture": "#1"},
				"up": {"uv": [0, 0.5, 5.5, 1], "rotation": 90, "texture": "#1"},
				"down": {"uv": [11, 5.5, 12.5, 7], "texture": "#1"}
			}
		},
		{
			"from": [7.3, 3.6, 5.7],
			"to": [7.866, 4, 9.599],
			"rotation": {"angle": 45, "axis": "z", "origin": [7.3, 4, 10.2]},
			"faces": {
				"north": {"uv": [10.5, 2.5, 11, 3], "texture": "#1"},
				"east": {"uv": [11, 5.5, 12.5, 7], "texture": "#1"},
				"south": {"uv": [2, 3.5, 2.5, 4], "texture": "#1"},
				"west": {"uv": [11, 5.5, 12.5, 7], "texture": "#1"},
				"up": {"uv": [11, 2, 7, 1.5], "rotation": 90, "texture": "#1"},
				"down": {"uv": [11, 5.5, 12.5, 7], "texture": "#1"}
			}
		},
		{
			"from": [7.4, 4, 9.9],
			"to": [8.799, 4, 12.7],
			"rotation": {"angle": 0, "axis": "y", "origin": [0, 0, -0.3]},
			"faces": {
				"north": {"uv": [0.5, 3.5, 1, 4], "texture": "#1", "tintindex": 0},
				"east": {"uv": [0.5, 3.5, 1, 4], "texture": "#1", "tintindex": 0},
				"south": {"uv": [0.5, 3.5, 1, 4], "texture": "#1", "tintindex": 0},
				"west": {"uv": [0.5, 3.5, 1, 4], "texture": "#1", "tintindex": 0},
				"up": {"uv": [0.5, 3.5, 1, 4], "texture": "#1", "tintindex": 0},
				"down": {"uv": [0.5, 3.5, 1, 4], "texture": "#1", "tintindex": 0}
			}
		},
		{
			"from": [7.6, 4, 9.6],
			"to": [8.4, 4.4, 16.2],
			"rotation": {"angle": 0, "axis": "y", "origin": [0, 0, -0.3]},
			"faces": {
				"north": {"uv": [11, 5.5, 12.5, 7], "texture": "#1"},
				"east": {"uv": [11, 5.5, 12.5, 7], "texture": "#1"},
				"south": {"uv": [2.5, 0.5, 3, 1], "texture": "#1"},
				"west": {"uv": [11, 5.5, 12.5, 7], "texture": "#1"},
				"up": {"uv": [0, 4, 0.5, 4.5], "texture": "#1"},
				"down": {"uv": [11, 5.5, 12.5, 7], "texture": "#1"}
			}
		},
		{
			"from": [8.134, 3.6, 5.7],
			"to": [8.7, 4, 9.599],
			"rotation": {"angle": -45, "axis": "z", "origin": [8.7, 4, 3.9]},
			"faces": {
				"north": {"uv": [10.5, 2.5, 11, 3], "texture": "#1"},
				"east": {"uv": [11, 5.5, 12.5, 7], "texture": "#1"},
				"south": {"uv": [2, 4, 2.5, 4.5], "texture": "#1"},
				"west": {"uv": [11, 5.5, 12.5, 7], "texture": "#1"},
				"up": {"uv": [11, 3, 7, 2.5], "rotation": 90, "texture": "#1"},
				"down": {"uv": [11, 5.5, 12.5, 7], "texture": "#1"}
			}
		},
		{
			"from": [7.7, 4, 5.7],
			"to": [8.3, 4.4, 9.6],
			"rotation": {"angle": 0, "axis": "y", "origin": [0, 0, -6.6]},
			"faces": {
				"north": {"uv": [10.5, 2, 11, 2.5], "texture": "#1"},
				"east": {"uv": [11, 5.5, 12.5, 7], "texture": "#1"},
				"south": {"uv": [11, 5.5, 12.5, 7], "texture": "#1"},
				"west": {"uv": [11, 5.5, 12.5, 7], "texture": "#1"},
				"up": {"uv": [11, 3, 7, 2.5], "rotation": 90, "texture": "#1"},
				"down": {"uv": [11, 5.5, 12.5, 7], "texture": "#1"}
			}
		},
		{
			"from": [7.3, 2.55, 5.7],
			"to": [7.866, 2.95, 9.599],
			"rotation": {"angle": -45, "axis": "z", "origin": [7.3, 2.55, 10.2]},
			"faces": {
				"north": {"uv": [9.5, 4, 10, 3.5], "texture": "#1"},
				"east": {"uv": [11, 7, 12.5, 5.5], "texture": "#1"},
				"south": {"uv": [2, 4, 2.5, 3.5], "texture": "#1"},
				"west": {"uv": [11, 7, 12.5, 5.5], "texture": "#1"},
				"up": {"uv": [11, 7, 12.5, 5.5], "texture": "#1"},
				"down": {"uv": [7, 4, 11, 4.5], "rotation": 90, "texture": "#1"}
			}
		},
		{
			"from": [7.7, 2.15, 5.7],
			"to": [8.3, 2.55, 9.6],
			"rotation": {"angle": 0, "axis": "y", "origin": [0, 6.55, -6.6]},
			"faces": {
				"north": {"uv": [9.5, 4, 10, 3.5], "texture": "#1"},
				"east": {"uv": [11, 7, 12.5, 5.5], "texture": "#1"},
				"south": {"uv": [11, 7, 12.5, 5.5], "texture": "#1"},
				"west": {"uv": [11, 7, 12.5, 5.5], "texture": "#1"},
				"up": {"uv": [11, 7, 12.5, 5.5], "texture": "#1"},
				"down": {"uv": [7, 4.5, 11, 5], "rotation": 90, "texture": "#1"}
			}
		},
		{
			"from": [8.134, 2.55, 5.7],
			"to": [8.7, 2.95, 9.599],
			"rotation": {"angle": 45, "axis": "z", "origin": [8.7, 2.55, 3.9]},
			"faces": {
				"north": {"uv": [9.5, 4, 10, 3.5], "texture": "#1"},
				"east": {"uv": [11, 7, 12.5, 5.5], "texture": "#1"},
				"south": {"uv": [2, 4.5, 2.5, 4], "texture": "#1"},
				"west": {"uv": [11, 7, 12.5, 5.5], "texture": "#1"},
				"up": {"uv": [11, 7, 12.5, 5.5], "texture": "#1"},
				"down": {"uv": [7, 4, 11, 3.5], "rotation": 90, "texture": "#1"}
			}
		},
		{
			"from": [7.3, 1.3, 10.3],
			"to": [8.7, 2.25, 12.2],
			"rotation": {"angle": 0, "axis": "y", "origin": [8, 7.95, 7.6]},
			"faces": {
				"north": {"uv": [5, 4, 6, 5.5], "texture": "#1", "tintindex": 0},
				"east": {"uv": [3.5, 6, 5.5, 6.5], "texture": "#1", "tintindex": 0},
				"south": {"uv": [6, 6.5, 7, 5], "texture": "#1", "tintindex": 0},
				"west": {"uv": [5.5, 6, 3.5, 6.5], "texture": "#1", "tintindex": 0},
				"down": {"uv": [3, 5, 3.5, 5.5], "texture": "#1", "tintindex": 0}
			}
		},
		{
			"from": [7.3, 1.675, 10.19],
			"to": [8.7, 2.71, 10.555],
			"rotation": {"angle": -22.5, "axis": "x", "origin": [8, 1.775, 11.2]},
			"faces": {
				"north": {"uv": [5.5, 6, 6, 6.5], "texture": "#1", "tintindex": 0},
				"east": {"uv": [5.5, 6, 6, 6.5], "texture": "#1", "tintindex": 0},
				"south": {"uv": [5.5, 6, 6, 6.5], "texture": "#1", "tintindex": 0},
				"west": {"uv": [5.5, 6, 6, 6.5], "texture": "#1", "tintindex": 0},
				"up": {"uv": [5.5, 6, 6, 6.5], "texture": "#1", "tintindex": 0},
				"down": {"uv": [5.5, 6, 6, 6.5], "texture": "#1", "tintindex": 0}
			}
		},
		{
			"from": [7.4, -1.1, 13.4],
			"to": [8.6, 2.7, 14.7],
			"rotation": {"angle": -22.5, "axis": "x", "origin": [8, 4.5, 14.7]},
			"faces": {
				"north": {"uv": [3, 7, 4, 9.5], "texture": "#1"},
				"east": {"uv": [2, 7, 3, 9.5], "texture": "#1"},
				"south": {"uv": [1, 7, 2, 9.5], "texture": "#1"},
				"west": {"uv": [0, 7, 1, 9.5], "texture": "#1"},
				"down": {"uv": [1, 9.5, 2, 10.5], "texture": "#1"}
			}
		},
		{
			"from": [7.6, -1, 12.01],
			"to": [8.44, -0.7, 13.4],
			"rotation": {"angle": -22.5, "axis": "x", "origin": [8, 4.6, 14.7]},
			"faces": {
				"north": {"uv": [2, 9.5, 1.5, 9], "texture": "#1"},
				"east": {"uv": [2, 9.5, 1.5, 9], "texture": "#1"},
				"south": {"uv": [2, 9.5, 1.5, 9], "texture": "#1"},
				"west": {"uv": [2, 9.5, 1.5, 9], "texture": "#1"},
				"up": {"uv": [2, 9.5, 1.5, 9], "texture": "#1"},
				"down": {"uv": [2, 9.5, 1.5, 9], "texture": "#1"}
			}
		},
		{
			"from": [7.6, -1.155, 15.11],
			"to": [8.44, -0.855, 16.695],
			"rotation": {"angle": 22.5, "axis": "x", "origin": [8, 4.5, 14.4]},
			"faces": {
				"north": {"uv": [2, 9.5, 1.5, 9], "texture": "#1"},
				"east": {"uv": [2, 9.5, 1.5, 9], "texture": "#1"},
				"south": {"uv": [2, 9.5, 1.5, 9], "texture": "#1"},
				"west": {"uv": [2, 9.5, 1.5, 9], "texture": "#1"},
				"up": {"uv": [2, 9.5, 1.5, 9], "texture": "#1"},
				"down": {"uv": [2, 9.5, 1.5, 9], "texture": "#1"}
			}
		},
		{
			"from": [7.6, 0, 10.9],
			"to": [8.44, 2.3, 11.2],
			"rotation": {"angle": -22.5, "axis": "x", "origin": [8, 4.5, 14.4]},
			"faces": {
				"north": {"uv": [2, 9.5, 1.5, 9], "rotation": 270, "texture": "#1"},
				"east": {"uv": [2, 9.5, 1.5, 9], "rotation": 270, "texture": "#1"},
				"south": {"uv": [2, 9.5, 1.5, 9], "rotation": 270, "texture": "#1"},
				"west": {"uv": [2, 9.5, 1.5, 9], "rotation": 270, "texture": "#1"},
				"up": {"uv": [2, 9.5, 1.5, 9], "rotation": 270, "texture": "#1"},
				"down": {"uv": [2, 9.5, 1.5, 9], "rotation": 270, "texture": "#1"}
			}
		},
		{
			"from": [7.405, 1.3, 13.9],
			"to": [8.595, 2.7, 14.7],
			"rotation": {"angle": 0, "axis": "x", "origin": [8, 4.5, 14.7]},
			"faces": {
				"north": {"uv": [3.5, 7, 4, 7.5], "texture": "#1"},
				"east": {"uv": [3.5, 7, 4, 7.5], "texture": "#1"},
				"south": {"uv": [3.5, 7, 4, 7.5], "texture": "#1"},
				"west": {"uv": [3.5, 7, 4, 7.5], "texture": "#1"},
				"up": {"uv": [3.5, 7, 4, 7.5], "texture": "#1"},
				"down": {"uv": [3.5, 7, 4, 7.5], "texture": "#1"}
			}
		},
		{
			"from": [7.4, 1.11032, 12.06977],
			"to": [8.55, 1.41032, 14.09477],
			"rotation": {"angle": 0, "axis": "y", "origin": [7.5, 7.95032, 7.66977]},
			"faces": {
				"north": {"uv": [1, 7, 0.5, 6.5], "texture": "#1"},
				"east": {"uv": [1, 7, 0.5, 6.5], "texture": "#1"},
				"south": {"uv": [1, 7, 0.5, 6.5], "texture": "#1"},
				"west": {"uv": [1, 7, 0.5, 6.5], "texture": "#1"},
				"up": {"uv": [1, 7, 0.5, 6.5], "texture": "#1"},
				"down": {"uv": [1, 7, 0.5, 6.5], "texture": "#1"}
			}
		},
		{
			"from": [7.8, 1.575, 13.125],
			"to": [8.2, 2.3, 13.45],
			"rotation": {"angle": 0, "axis": "y", "origin": [0, 0, -0.3]},
			"faces": {
				"north": {"uv": [10.5, 2, 11, 2.5], "texture": "#1"},
				"east": {"uv": [10.5, 2, 11, 2.5], "texture": "#1"},
				"south": {"uv": [10.5, 2, 11, 2.5], "texture": "#1"},
				"west": {"uv": [10.5, 2, 11, 2.5], "texture": "#1"},
				"up": {"uv": [10.5, 2, 11, 2.5], "texture": "#1"},
				"down": {"uv": [10.5, 2, 11, 2.5], "texture": "#1"}
			}
		},
		{
			"from": [7.9, 1.675, 13.45],
			"to": [8.1, 2.3, 13.98],
			"rotation": {"angle": 0, "axis": "y", "origin": [0, 0, -0.3]},
			"faces": {
				"north": {"uv": [8.5, 2, 9, 2.5], "texture": "#1"},
				"east": {"uv": [8.5, 2, 9, 2.5], "texture": "#1"},
				"south": {"uv": [8.5, 2, 9, 2.5], "texture": "#1"},
				"west": {"uv": [8.5, 2, 9, 2.5], "texture": "#1"},
				"up": {"uv": [8.5, 2, 9, 2.5], "texture": "#1"},
				"down": {"uv": [8.5, 2, 9, 2.5], "texture": "#1"}
			}
		},
		{
			"from": [7.51, 0.2, 10.4],
			"to": [8.49, 1.4, 12.1],
			"rotation": {"angle": 0, "axis": "x", "origin": [8, -0.1234, 10.78481]},
			"faces": {
				"north": {"uv": [7, 7, 8, 8.5], "texture": "#1"},
				"east": {"uv": [5, 7, 7, 8.5], "texture": "#1"},
				"south": {"uv": [7, 7, 8, 8.5], "texture": "#1"},
				"west": {"uv": [7, 7, 5, 8.5], "texture": "#1"},
				"down": {"uv": [3, 6.5, 3.5, 7], "texture": "#1"}
			}
		},
		{
			"from": [7.51, -2.04671, 10.40023],
			"to": [8.49, -0.44671, 12.10023],
			"rotation": {"angle": 45, "axis": "x", "origin": [8, -0.1234, 10.78481]},
			"faces": {
				"north": {"uv": [7, 9, 8, 10.5], "texture": "#1"},
				"east": {"uv": [5, 9, 7, 10.5], "texture": "#1"},
				"south": {"uv": [7, 9, 8, 10.5], "texture": "#1"},
				"west": {"uv": [5, 9, 7, 10.5], "texture": "#1"},
				"down": {"uv": [3, 6.5, 3.5, 7], "texture": "#1"}
			}
		},
		{
			"from": [7.505, -0.92379, 10.17611],
			"to": [8.495, 0.67621, 11.87611],
			"rotation": {"angle": 22.5, "axis": "x", "origin": [8, -0.1234, 10.78481]},
			"faces": {
				"north": {"uv": [7, 8, 8, 9.5], "texture": "#1"},
				"east": {"uv": [5, 8, 7, 9.5], "texture": "#1"},
				"south": {"uv": [7, 8, 8, 9.5], "texture": "#1"},
				"west": {"uv": [7, 8, 5, 9.5], "texture": "#1"},
				"down": {"uv": [3, 6.5, 3.5, 7], "texture": "#1"}
			}
		},
		{
			"from": [7.75, 4.895, 9.45],
			"to": [7.89, 4.995, 9.55],
			"rotation": {"angle": 0, "axis": "y", "origin": [0, 0.1, -0.3]},
			"faces": {
				"north": {"uv": [12, 0.5, 11.5, 0], "texture": "#1", "tintindex": 0},
				"east": {"uv": [12, 0.5, 11.5, 0], "texture": "#1", "tintindex": 0},
				"south": {"uv": [12, 0.5, 11.5, 0], "texture": "#1", "tintindex": 0},
				"west": {"uv": [12, 0.5, 11.5, 0], "texture": "#1", "tintindex": 0},
				"up": {"uv": [12, 0.5, 11.5, 0], "texture": "#1", "tintindex": 0},
				"down": {"uv": [12, 0.5, 11.5, 0], "texture": "#1", "tintindex": 0}
			}
		},
		{
			"from": [8.11, 4.895, 9.45],
			"to": [8.25, 4.995, 9.55],
			"rotation": {"angle": 0, "axis": "y", "origin": [0, 0.1, -0.3]},
			"faces": {
				"north": {"uv": [12, 0.5, 11.5, 0], "texture": "#1", "tintindex": 0},
				"east": {"uv": [12, 0.5, 11.5, 0], "texture": "#1", "tintindex": 0},
				"south": {"uv": [12, 0.5, 11.5, 0], "texture": "#1", "tintindex": 0},
				"west": {"uv": [12, 0.5, 11.5, 0], "texture": "#1", "tintindex": 0},
				"up": {"uv": [12, 0.5, 11.5, 0], "texture": "#1", "tintindex": 0},
				"down": {"uv": [12, 0.5, 11.5, 0], "texture": "#1", "tintindex": 0}
			}
		},
		{
			"from": [8.15, 4.795, 8.4],
			"to": [8.55, 5.045, 8.65],
			"rotation": {"angle": 45, "axis": "x", "origin": [8, 4.92, 8.525]},
			"faces": {
				"north": {"uv": [12, 0.5, 11.5, 0], "texture": "#1", "tintindex": 0},
				"east": {"uv": [12, 0.5, 11.5, 0], "texture": "#1", "tintindex": 0},
				"south": {"uv": [12, 0.5, 11.5, 0], "texture": "#1", "tintindex": 0},
				"west": {"uv": [12, 0.5, 11.5, 0], "texture": "#1", "tintindex": 0},
				"up": {"uv": [12, 0.5, 11.5, 0], "texture": "#1", "tintindex": 0},
				"down": {"uv": [12, 0.5, 11.5, 0], "texture": "#1", "tintindex": 0}
			}
		},
		{
			"from": [8.4, 4.795, 7.6],
			"to": [8.5, 4.895, 9.4],
			"rotation": {"angle": 0, "axis": "y", "origin": [0, 0.1, -0.3]},
			"faces": {
				"north": {"uv": [12, 0.5, 11.5, 0], "texture": "#1", "tintindex": 0},
				"east": {"uv": [12, 0.5, 11.5, 0], "texture": "#1", "tintindex": 0},
				"south": {"uv": [12, 0.5, 11.5, 0], "texture": "#1", "tintindex": 0},
				"west": {"uv": [12, 0.5, 11.5, 0], "texture": "#1", "tintindex": 0},
				"up": {"uv": [12, 0.5, 11.5, 0], "texture": "#1", "tintindex": 0},
				"down": {"uv": [12, 0.5, 11.5, 0], "texture": "#1", "tintindex": 0}
			}
		},
		{
			"from": [7.45, 4.795, 8.4],
			"to": [7.85, 5.045, 8.65],
			"rotation": {"angle": 45, "axis": "x", "origin": [8, 4.92, 8.525]},
			"faces": {
				"north": {"uv": [12, 0.5, 11.5, 0], "texture": "#1", "tintindex": 0},
				"east": {"uv": [12, 0.5, 11.5, 0], "texture": "#1", "tintindex": 0},
				"south": {"uv": [12, 0.5, 11.5, 0], "texture": "#1", "tintindex": 0},
				"west": {"uv": [12, 0.5, 11.5, 0], "texture": "#1", "tintindex": 0},
				"up": {"uv": [12, 0.5, 11.5, 0], "texture": "#1", "tintindex": 0},
				"down": {"uv": [12, 0.5, 11.5, 0], "texture": "#1", "tintindex": 0}
			}
		},
		{
			"from": [7.5, 4.795, 7.6],
			"to": [7.6, 4.895, 9.4],
			"rotation": {"angle": 0, "axis": "y", "origin": [0, 0.1, -0.3]},
			"faces": {
				"north": {"uv": [12, 0.5, 11.5, 0], "texture": "#1", "tintindex": 0},
				"east": {"uv": [12, 0.5, 11.5, 0], "texture": "#1", "tintindex": 0},
				"south": {"uv": [12, 0.5, 11.5, 0], "texture": "#1", "tintindex": 0},
				"west": {"uv": [12, 0.5, 11.5, 0], "texture": "#1", "tintindex": 0},
				"up": {"uv": [12, 0.5, 11.5, 0], "texture": "#1", "tintindex": 0},
				"down": {"uv": [12, 0.5, 11.5, 0], "texture": "#1", "tintindex": 0}
			}
		},
		{
			"from": [7.5, 4.795, 6.9],
			"to": [7.6, 4.995, 7.6],
			"rotation": {"angle": 0, "axis": "y", "origin": [0, 0.1, -0.3]},
			"faces": {
				"north": {"uv": [12, 0.5, 11.5, 0], "texture": "#1", "tintindex": 0},
				"east": {"uv": [12, 0.5, 11.5, 0], "texture": "#1", "tintindex": 0},
				"south": {"uv": [12, 0.5, 11.5, 0], "texture": "#1", "tintindex": 0},
				"west": {"uv": [12, 0.5, 11.5, 0], "texture": "#1", "tintindex": 0},
				"up": {"uv": [12, 0.5, 11.5, 0], "texture": "#1", "tintindex": 0},
				"down": {"uv": [12, 0.5, 11.5, 0], "texture": "#1", "tintindex": 0}
			}
		},
		{
			"from": [7.5, 4.695, 6.9],
			"to": [8.5, 4.795, 9.4],
			"rotation": {"angle": 0, "axis": "y", "origin": [0, 0.1, -0.3]},
			"faces": {
				"north": {"uv": [12, 0.5, 11.5, 0], "texture": "#1", "tintindex": 0},
				"east": {"uv": [12, 0.5, 11.5, 0], "texture": "#1", "tintindex": 0},
				"south": {"uv": [12, 0.5, 11.5, 0], "texture": "#1", "tintindex": 0},
				"west": {"uv": [12, 0.5, 11.5, 0], "texture": "#1", "tintindex": 0},
				"up": {"uv": [0.5, 8.5, 2.5, 7.5], "rotation": 90, "texture": "#1", "tintindex": 0},
				"down": {"uv": [12, 0.5, 11.5, 0], "texture": "#1", "tintindex": 0}
			}
		},
		{
			"from": [7.7, 4.395, 7.1],
			"to": [8.3, 4.695, 9.2],
			"rotation": {"angle": 0, "axis": "y", "origin": [0, 0.1, -0.3]},
			"faces": {
				"north": {"uv": [9.5, 2, 9, 2.5], "texture": "#1", "tintindex": 0},
				"east": {"uv": [8.5, 2, 10.5, 2.5], "texture": "#1", "tintindex": 0},
				"south": {"uv": [8.5, 2.5, 8, 3], "texture": "#1", "tintindex": 0},
				"west": {"uv": [10.5, 2.5, 8.5, 3], "texture": "#1", "tintindex": 0},
				"up": {"uv": [9.5, 2, 9, 2.5], "texture": "#1", "tintindex": 0},
				"down": {"uv": [9.5, 2, 9, 2.5], "texture": "#1", "tintindex": 0}
			}
		},
		{
			"from": [7.75, 4.795, 6.9],
			"to": [8.25, 4.895, 9.55],
			"rotation": {"angle": 0, "axis": "y", "origin": [0, 0.1, -0.3]},
			"faces": {
				"north": {"uv": [12, 0, 11.5, 0.5], "texture": "#1", "tintindex": 0},
				"east": {"uv": [12, 0, 11.5, 0.5], "texture": "#1", "tintindex": 0},
				"south": {"uv": [12, 0, 11.5, 0.5], "texture": "#1", "tintindex": 0},
				"west": {"uv": [12, 0, 11.5, 0.5], "texture": "#1", "tintindex": 0},
				"up": {"uv": [0.5, 8.5, 2.5, 8], "rotation": 90, "texture": "#1", "tintindex": 0},
				"down": {"uv": [12, 0, 11.5, 0.5], "texture": "#1", "tintindex": 0}
			}
		},
		{
			"from": [8.4, 4.795, 6.9],
			"to": [8.5, 4.995, 7.6],
			"rotation": {"angle": 0, "axis": "y", "origin": [0, 0.1, -0.3]},
			"faces": {
				"north": {"uv": [12, 0.5, 11.5, 0], "texture": "#1", "tintindex": 0},
				"east": {"uv": [12, 0.5, 11.5, 0], "texture": "#1", "tintindex": 0},
				"south": {"uv": [12, 0.5, 11.5, 0], "texture": "#1", "tintindex": 0},
				"west": {"uv": [12, 0.5, 11.5, 0], "texture": "#1", "tintindex": 0},
				"up": {"uv": [12, 0.5, 11.5, 0], "texture": "#1", "tintindex": 0},
				"down": {"uv": [12, 0.5, 11.5, 0], "texture": "#1", "tintindex": 0}
			}
		}
	],
	"display": {
		"thirdperson_righthand": {
			"translation": [0, 6.5, -6.75],
			"scale": [1.1, 1.1, 1.1]
		},
		"firstperson_righthand": {
			"translation": [-3.5, 8.5, 0],
			"scale": [0.8, 0.8, 0.8]
		},
		"firstperson_lefthand": {
			"translation": [3.75, -3.25, 0]
		},
		"ground": {
			"translation": [0, 5, -1]
		},
		"gui": {
			"rotation": [30, 225, 0],
			"translation": [1.25, 4.5, 0],
			"scale": [1.2, 1.2, 1.2]
		},
		"fixed": {
			"rotation": [0, 90, 0],
			"translation": [-3.25, 11.25, -2],
			"scale": [2, 2, 2]
		}
	},
	"groups": [
		{
			"name": "Chamber",
			"origin": [8.4, 7.4, 6],
			"color": 0,
			"children": []
		},
		{
			"name": "Barrel",
			"origin": [8.4, 7.4, 6],
			"color": 0,
			"children": [0, 1, 2, 3, 4, 5, 6, 7]
		},
		{
			"name": "Sight",
			"origin": [8, 4.4, 12.8],
			"color": 0,
			"children": [8, 9]
		},
		{
			"name": "Receiver",
			"origin": [8, 7.95, 8],
			"color": 0,
			"children": [10, 11, 12, 13, 14, 15, 16, 17, 18, 19, 20, 21, 22, 23, 24, 25, 26]
		},
		{
			"name": "Handle",
			"origin": [0, 0, 0],
			"color": 0,
			"children": [27, 28, 29, 30, 31, 32, 33, 34]
		},
		{
			"name": "Magazine",
			"origin": [8, -0.025, 12.2],
			"color": 0,
			"children": [35, 36, 37, 38, 39, 40, 41, 42, 43, 44, 45, 46, 47, 48]
		}
	]
}