{
	"credit": "Made with Blockbench",
	"texture_size": [32, 32],
	"textures": {
		"1": "moguns:items/blue_heat"
	},
	"elements": [
		{
			"from": [8.69, 3.25, 9.6],
			"to": [9.7, 3.9, 9.9],
			"rotation": {"angle": 0, "axis": "y", "origin": [0, 0, -0.3]},
			"faces": {
				"north": {"uv": [11.5, 0, 12, 1.5], "texture": "#1", "tintindex": 0},
				"east": {"uv": [11.5, 0, 12, 1.5], "texture": "#1", "tintindex": 0},
				"south": {"uv": [11.5, 0, 12, 1.5], "texture": "#1", "tintindex": 0},
				"west": {"uv": [11.5, 0, 12, 1.5], "texture": "#1", "tintindex": 0},
				"up": {"uv": [11.5, 0, 12, 0.5], "texture": "#1", "tintindex": 0},
				"down": {"uv": [11.5, 1, 12, 1.5], "texture": "#1", "tintindex": 0}
			}
		},
		{
			"from": [8.595, 3.15, 9.6],
			"to": [8.695, 3.95, 11.8],
			"rotation": {"angle": 0, "axis": "y", "origin": [0, 0, -0.3]},
			"faces": {
				"north": {"uv": [11.5, 0, 12, 1.5], "texture": "#1", "tintindex": 0},
				"east": {"uv": [8.5, 1.5, 10.5, 2.5], "texture": "#1", "tintindex": 0},
				"south": {"uv": [11.5, 0, 12, 1.5], "texture": "#1", "tintindex": 0},
				"west": {"uv": [11.5, 0, 12, 1.5], "texture": "#1", "tintindex": 0},
				"up": {"uv": [11.5, 0, 12, 0.5], "texture": "#1", "tintindex": 0},
				"down": {"uv": [11.5, 1, 12, 1.5], "texture": "#1", "tintindex": 0}
			}
		}
	],
	"display": {
		"thirdperson_righthand": {
			"translation": [0, 6.5, -6.75],
			"scale": [1.1, 1.1, 1.1]
		},
		"firstperson_righthand": {
			"translation": [-3.5, 8.5, 0],
			"scale": [0.8, 0.8, 0.8]
		},
		"firstperson_lefthand": {
			"translation": [3.75, -3.25, 0]
		},
		"ground": {
			"translation": [0, 5, -1]
		},
		"gui": {
			"rotation": [30, 225, 0],
			"translation": [1.25, 4.5, 0],
			"scale": [1.2, 1.2, 1.2]
		},
		"fixed": {
			"rotation": [0, 90, 0],
			"translation": [-3.25, 11.25, -2],
			"scale": [2, 2, 2]
		}
	},
	"groups": [
		{
			"name": "Chamber",
			"origin": [8.4, 7.4, 6],
			"color": 0,
			"children": []
		},
		{
			"name": "Barrel",
			"origin": [8.4, 7.4, 6],
			"color": 0,
			"children": []
		},
		{
			"name": "Sight",
			"origin": [8, 4.4, 12.8],
			"color": 0,
			"children": []
		},
		{
			"name": "Receiver",
			"origin": [8, 7.95, 8],
			"color": 0,
			"children": [0, 1]
		},
		{
			"name": "Handle",
			"origin": [0, 0, 0],
			"color": 0,
			"children": []
		},
		{
			"name": "Magazine",
			"origin": [8, -0.025, 12.2],
			"color": 0,
			"children": []
		}
	]
}