{
	"credit": "Made with Blockbench",
	"textures": {
		"1": "moguns:items/butterfly_gun",
		"2": "moguns:effect/red_dot_reticle",
		"3": "moguns:effect/red_dot_reticle_glow",
		"4": "moguns:effect/scope_vignette",
		"particle": "moguns:items/butterfly_gun"
	},
	"elements": [
		{
			"from": [7.4, 2.625, 11.15],
			"to": [8.6, 3.525, 16.75],
			"rotation": {"angle": 0, "axis": "y", "origin": [7.9, 7.625, 7.95]},
			"faces": {
				"north": {"uv": [1, 0, 3, 1], "texture": "#1", "tintindex": 0},
				"east": {"uv": [0, 4, 16, 6], "texture": "#1"},
				"south": {"uv": [11, 9, 14, 12], "texture": "#1", "tintindex": 0},
				"west": {"uv": [0, 0, 16, 2], "rotation": 180, "texture": "#1"},
				"up": {"uv": [0, 2, 16, 4], "rotation": 270, "texture": "#1", "tintindex": 0}
			}
		},
		{
			"from": [7.3, 3.325, 14.75],
			"to": [8.7, 3.625, 16.25],
			"rotation": {"angle": 0, "axis": "y", "origin": [7.9, 7.625, 7.95]},
			"faces": {
				"north": {"uv": [10, 11, 11, 12], "texture": "#1"},
				"east": {"uv": [10, 11, 11, 12], "texture": "#1"},
				"south": {"uv": [10, 11, 11, 12], "texture": "#1"},
				"west": {"uv": [10, 11, 11, 12], "texture": "#1"},
				"up": {"uv": [10, 11, 11, 12], "texture": "#1"},
				"down": {"uv": [10, 11, 11, 12], "texture": "#1"}
			}
		},
		{
			"from": [7.4, 3.625, 14.75],
			"to": [8.6, 3.725, 16.25],
			"rotation": {"angle": 0, "axis": "y", "origin": [7.9, 7.625, 7.95]},
			"faces": {
				"north": {"uv": [10, 11, 11, 12], "texture": "#1"},
				"east": {"uv": [10, 11, 11, 12], "texture": "#1"},
				"south": {"uv": [10, 11, 11, 12], "texture": "#1"},
				"west": {"uv": [10, 11, 11, 12], "texture": "#1"},
				"up": {"uv": [10, 11, 11, 12], "texture": "#1"},
				"down": {"uv": [10, 11, 11, 12], "texture": "#1"}
			}
		},
		{
			"from": [7.7, 3.725, 14.885],
			"to": [8.3, 4.325, 14.985],
			"rotation": {"angle": 0, "axis": "y", "origin": [7.9, 7.625, 7.95]},
			"faces": {
				"north": {"uv": [0, 0, 16, 16], "texture": "#2"},
				"south": {"uv": [0, 0, 16, 16], "texture": "#2"}
			}
		},
		{
			"from": [7.5, 3.525, 14.885],
			"to": [8.5, 4.525, 14.985],
			"rotation": {"angle": 0, "axis": "y", "origin": [7.9, 7.625, 7.95]},
			"faces": {
				"north": {"uv": [0, 0, 16, 16], "texture": "#4"},
				"east": {"uv": [0, 0, 16, 16], "texture": "#4"},
				"south": {"uv": [0, 0, 16, 16], "texture": "#4"},
				"west": {"uv": [0, 0, 16, 16], "texture": "#4"},
				"up": {"uv": [0, 0, 16, 16], "texture": "#4"},
				"down": {"uv": [0, 0, 16, 16], "texture": "#4"}
			}
		},
		{
			"from": [7.7, 3.725, 14.885],
			"to": [8.3, 4.325, 14.985],
			"rotation": {"angle": 0, "axis": "y", "origin": [7.9, 7.625, 7.95]},
			"faces": {
				"north": {"uv": [0, 0, 16, 16], "texture": "#3"},
				"south": {"uv": [0, 0, 16, 16], "texture": "#3"}
			}
		},
		{
			"from": [8.5, 3.76, 15.155],
			"to": [8.7, 4.76, 15.51],
			"rotation": {"angle": -22.5, "axis": "x", "origin": [8.65, 3.675, 15.85]},
			"faces": {
				"north": {"uv": [10, 11, 11, 12], "rotation": 180, "texture": "#1"},
				"east": {"uv": [10, 11, 11, 12], "rotation": 270, "texture": "#1"},
				"south": {"uv": [10, 11, 11, 12], "texture": "#1"},
				"west": {"uv": [10, 11, 11, 12], "rotation": 90, "texture": "#1"},
				"up": {"uv": [10, 11, 11, 12], "rotation": 180, "texture": "#1"},
				"down": {"uv": [10, 11, 11, 12], "texture": "#1"}
			}
		},
		{
			"from": [8.5, 3.625, 14.75],
			"to": [8.7, 4.55, 15.12],
			"rotation": {"angle": 0, "axis": "x", "origin": [8.65, 3.675, 15.85]},
			"faces": {
				"north": {"uv": [10, 11, 11, 12], "rotation": 180, "texture": "#1"},
				"east": {"uv": [10, 11, 11, 12], "rotation": 270, "texture": "#1"},
				"south": {"uv": [10, 11, 11, 12], "texture": "#1"},
				"west": {"uv": [10, 11, 11, 12], "rotation": 90, "texture": "#1"},
				"up": {"uv": [10, 11, 11, 12], "rotation": 180, "texture": "#1"},
				"down": {"uv": [10, 11, 11, 12], "texture": "#1"}
			}
		},
		{
			"from": [7.3, 3.76, 15.155],
			"to": [7.5, 4.76, 15.51],
			"rotation": {"angle": -22.5, "axis": "x", "origin": [7.35, 3.675, 15.85]},
			"faces": {
				"north": {"uv": [11, 11, 10, 12], "rotation": 180, "texture": "#1"},
				"east": {"uv": [10, 12, 11, 11], "rotation": 90, "texture": "#1"},
				"south": {"uv": [11, 11, 10, 12], "texture": "#1"},
				"west": {"uv": [10, 12, 11, 11], "rotation": 270, "texture": "#1"},
				"up": {"uv": [11, 11, 10, 12], "rotation": 180, "texture": "#1"},
				"down": {"uv": [11, 11, 10, 12], "texture": "#1"}
			}
		},
		{
			"from": [7.3, 3.625, 14.75],
			"to": [7.5, 4.55, 15.12],
			"rotation": {"angle": 0, "axis": "x", "origin": [7.35, 3.675, 15.85]},
			"faces": {
				"north": {"uv": [11, 11, 10, 12], "rotation": 180, "texture": "#1"},
				"east": {"uv": [10, 12, 11, 11], "rotation": 90, "texture": "#1"},
				"south": {"uv": [11, 11, 10, 12], "texture": "#1"},
				"west": {"uv": [10, 12, 11, 11], "rotation": 270, "texture": "#1"},
				"up": {"uv": [11, 11, 10, 12], "rotation": 180, "texture": "#1"},
				"down": {"uv": [11, 11, 10, 12], "texture": "#1"}
			}
		},
		{
			"from": [7.5, 4.35, 14.75],
			"to": [8.5, 4.55, 15.12],
			"rotation": {"angle": 0, "axis": "x", "origin": [7.35, 3.675, 15.85]},
			"faces": {
				"north": {"uv": [11, 11, 10, 12], "rotation": 180, "texture": "#1"},
				"east": {"uv": [10, 12, 11, 11], "rotation": 90, "texture": "#1"},
				"south": {"uv": [11, 11, 10, 12], "texture": "#1"},
				"west": {"uv": [10, 12, 11, 11], "rotation": 270, "texture": "#1"},
				"up": {"uv": [11, 11, 10, 12], "rotation": 180, "texture": "#1"},
				"down": {"uv": [11, 11, 10, 12], "texture": "#1"}
			}
		},
		{
			"from": [7.425, 4.35, 14.75],
			"to": [7.79, 4.55, 15.12],
			"rotation": {"angle": 22.5, "axis": "z", "origin": [7.815, 4.45, 14.935]},
			"faces": {
				"north": {"uv": [11, 11, 10, 12], "rotation": 180, "texture": "#1"},
				"east": {"uv": [10, 12, 11, 11], "rotation": 90, "texture": "#1"},
				"south": {"uv": [11, 11, 10, 12], "texture": "#1"},
				"west": {"uv": [10, 12, 11, 11], "rotation": 270, "texture": "#1"},
				"up": {"uv": [11, 11, 10, 12], "rotation": 180, "texture": "#1"},
				"down": {"uv": [11, 11, 10, 12], "texture": "#1"}
			}
		},
		{
			"from": [7.49, 3.91, 14.75],
			"to": [7.69, 4.275, 15.12],
			"rotation": {"angle": -22.5, "axis": "z", "origin": [7.815, 4.45, 14.935]},
			"faces": {
				"north": {"uv": [11, 11, 10, 12], "rotation": 270, "texture": "#1"},
				"east": {"uv": [11, 11, 10, 12], "rotation": 270, "texture": "#1"},
				"south": {"uv": [11, 11, 10, 12], "rotation": 270, "texture": "#1"},
				"west": {"uv": [11, 11, 10, 12], "rotation": 90, "texture": "#1"},
				"up": {"uv": [10, 12, 11, 11], "texture": "#1"},
				"down": {"uv": [10, 12, 11, 11], "rotation": 180, "texture": "#1"}
			}
		},
		{
			"from": [8.31, 3.91, 14.75],
			"to": [8.51, 4.275, 15.12],
			"rotation": {"angle": 22.5, "axis": "z", "origin": [8.185, 4.45, 14.935]},
			"faces": {
				"north": {"uv": [11, 12, 10, 11], "rotation": 270, "texture": "#1"},
				"east": {"uv": [11, 12, 10, 11], "rotation": 90, "texture": "#1"},
				"south": {"uv": [11, 12, 10, 11], "rotation": 270, "texture": "#1"},
				"west": {"uv": [11, 12, 10, 11], "rotation": 270, "texture": "#1"},
				"up": {"uv": [11, 12, 10, 11], "texture": "#1"},
				"down": {"uv": [11, 12, 10, 11], "rotation": 180, "texture": "#1"}
			}
		},
		{
			"from": [8.21, 4.35, 14.75],
			"to": [8.575, 4.55, 15.12],
			"rotation": {"angle": -22.5, "axis": "z", "origin": [8.185, 4.45, 14.935]},
			"faces": {
				"north": {"uv": [10, 11, 11, 12], "rotation": 180, "texture": "#1"},
				"east": {"uv": [10, 11, 11, 12], "rotation": 270, "texture": "#1"},
				"south": {"uv": [10, 11, 11, 12], "texture": "#1"},
				"west": {"uv": [10, 11, 11, 12], "rotation": 90, "texture": "#1"},
				"up": {"uv": [10, 11, 11, 12], "rotation": 180, "texture": "#1"},
				"down": {"uv": [10, 11, 11, 12], "texture": "#1"}
			}
		},
		{
			"from": [7.35, 3.605, 14.75],
			"to": [7.42, 3.745, 16.25],
			"rotation": {"angle": -45, "axis": "z", "origin": [7.35, 3.675, 15.5]},
			"faces": {
				"north": {"uv": [10, 11, 11, 12], "rotation": 90, "texture": "#1"},
				"east": {"uv": [10, 11, 11, 12], "rotation": 270, "texture": "#1"},
				"south": {"uv": [10, 11, 11, 12], "rotation": 270, "texture": "#1"},
				"west": {"uv": [10, 11, 11, 12], "rotation": 270, "texture": "#1"},
				"up": {"uv": [10, 11, 11, 12], "rotation": 270, "texture": "#1"},
				"down": {"uv": [10, 11, 11, 12], "rotation": 270, "texture": "#1"}
			}
		},
		{
			"from": [8.58, 3.605, 14.75],
			"to": [8.65, 3.745, 16.25],
			"rotation": {"angle": 45, "axis": "z", "origin": [8.65, 3.675, 15.5]},
			"faces": {
				"north": {"uv": [10, 12, 11, 11], "rotation": 90, "texture": "#1"},
				"east": {"uv": [10, 12, 11, 11], "rotation": 270, "texture": "#1"},
				"south": {"uv": [10, 12, 11, 11], "rotation": 270, "texture": "#1"},
				"west": {"uv": [10, 12, 11, 11], "rotation": 270, "texture": "#1"},
				"up": {"uv": [10, 12, 11, 11], "rotation": 270, "texture": "#1"},
				"down": {"uv": [10, 12, 11, 11], "rotation": 270, "texture": "#1"}
			}
		},
		{
			"from": [7.9, 3.19, 11.415],
			"to": [8.1, 3.48, 11.7],
			"rotation": {"angle": 45, "axis": "x", "origin": [8, 3.625, 11.7]},
			"faces": {
				"north": {"uv": [4, 15, 5, 16], "texture": "#1"},
				"east": {"uv": [4, 15, 5, 16], "texture": "#1"},
				"south": {"uv": [4, 15, 5, 16], "texture": "#1"},
				"west": {"uv": [4, 15, 5, 16], "texture": "#1"},
				"up": {"uv": [4, 15, 5, 16], "texture": "#1"},
				"down": {"uv": [4, 15, 5, 16], "texture": "#1"}
			}
		},
		{
			"from": [8.3, 3.345, 16.3],
			"to": [8.44, 3.625, 16.65],
			"rotation": {"angle": 45, "axis": "z", "origin": [8.3, 3.625, 16.4]},
			"faces": {
				"north": {"uv": [4, 15, 5, 16], "rotation": 90, "texture": "#1", "tintindex": 0},
				"east": {"uv": [4, 15, 5, 16], "rotation": 90, "texture": "#1", "tintindex": 0},
				"south": {"uv": [4, 15, 5, 16], "rotation": 90, "texture": "#1", "tintindex": 0},
				"west": {"uv": [4, 15, 5, 16], "rotation": 90, "texture": "#1", "tintindex": 0},
				"up": {"uv": [4, 15, 5, 16], "rotation": 90, "texture": "#1", "tintindex": 0},
				"down": {"uv": [4, 15, 5, 16], "rotation": 90, "texture": "#1", "tintindex": 0}
			}
		},
		{
			"from": [8.14, 3.525, 16.3],
			"to": [8.4, 3.725, 16.65],
			"rotation": {"angle": 0, "axis": "y", "origin": [7.9, 7.625, 8.1]},
			"faces": {
				"north": {"uv": [4, 15, 5, 16], "texture": "#1", "tintindex": 0},
				"east": {"uv": [4, 15, 5, 16], "texture": "#1", "tintindex": 0},
				"south": {"uv": [4, 15, 5, 16], "texture": "#1", "tintindex": 0},
				"west": {"uv": [4, 15, 5, 16], "texture": "#1", "tintindex": 0},
				"up": {"uv": [4, 15, 5, 16], "texture": "#1", "tintindex": 0},
				"down": {"uv": [4, 15, 5, 16], "texture": "#1", "tintindex": 0}
			}
		},
		{
			"from": [7.85, 3.525, 16.3],
			"to": [8.14, 3.625, 16.65],
			"rotation": {"angle": 0, "axis": "y", "origin": [7.9, 7.625, 8.1]},
			"faces": {
				"north": {"uv": [4, 15, 5, 16], "texture": "#1", "tintindex": 0},
				"east": {"uv": [4, 15, 5, 16], "texture": "#1", "tintindex": 0},
				"south": {"uv": [4, 15, 5, 16], "texture": "#1", "tintindex": 0},
				"west": {"uv": [4, 15, 5, 16], "texture": "#1", "tintindex": 0},
				"up": {"uv": [4, 15, 5, 16], "texture": "#1", "tintindex": 0},
				"down": {"uv": [4, 15, 5, 16], "texture": "#1", "tintindex": 0}
			}
		},
		{
			"from": [7.6, 3.525, 16.3],
			"to": [7.85, 3.725, 16.65],
			"rotation": {"angle": 0, "axis": "y", "origin": [7.9, 7.625, 8.1]},
			"faces": {
				"north": {"uv": [4, 15, 5, 16], "texture": "#1", "tintindex": 0},
				"east": {"uv": [4, 15, 5, 16], "texture": "#1", "tintindex": 0},
				"south": {"uv": [4, 15, 5, 16], "texture": "#1", "tintindex": 0},
				"west": {"uv": [4, 15, 5, 16], "texture": "#1", "tintindex": 0},
				"up": {"uv": [4, 15, 5, 16], "texture": "#1", "tintindex": 0},
				"down": {"uv": [4, 15, 5, 16], "texture": "#1", "tintindex": 0}
			}
		},
		{
			"from": [7.56, 3.345, 16.3],
			"to": [7.7, 3.625, 16.65],
			"rotation": {"angle": -45, "axis": "z", "origin": [7.7, 3.625, 16.4]},
			"faces": {
				"north": {"uv": [4, 15, 5, 16], "rotation": 270, "texture": "#1", "tintindex": 0},
				"east": {"uv": [4, 15, 5, 16], "rotation": 270, "texture": "#1", "tintindex": 0},
				"south": {"uv": [4, 15, 5, 16], "rotation": 270, "texture": "#1", "tintindex": 0},
				"west": {"uv": [4, 15, 5, 16], "rotation": 270, "texture": "#1", "tintindex": 0},
				"up": {"uv": [4, 15, 5, 16], "rotation": 270, "texture": "#1", "tintindex": 0},
				"down": {"uv": [4, 15, 5, 16], "rotation": 270, "texture": "#1", "tintindex": 0}
			}
		}
	],
	"display": {
		"thirdperson_righthand": {
			"rotation": [22.5, 0, 0],
			"translation": [0, 10, -4],
			"scale": [1.2, 1.2, 1.2]
		},
		"firstperson_righthand": {
			"translation": [-3.5, 8.5, 0],
			"scale": [0.8, 0.8, 0.8]
		},
		"ground": {
			"translation": [0, 5, -5.75]
		},
		"gui": {
			"rotation": [30, 225, 0],
			"translation": [7.5, 5, 0],
			"scale": [1.8, 1.8, 1.8]
		},
		"fixed": {
			"rotation": [0, 90, 0],
			"translation": [-11.5, 12.5, -2],
			"scale": [2, 2, 2]
		}
	},
	"groups": [
		{
			"name": "Chamber",
			"origin": [7.7, 3.625, 16.4],
			"color": 0,
			"children": [0, 1, 2, 3, 4, 5, 6, 7, 8, 9, 10, 11, 12, 13, 14, 15, 16, 17, 18, 19, 20, 21, 22]
		}
	]
}