{
	"credit": "Made with Blockbench",
	"textures": {
		"1": "moguns:items/butterfly_gun",
		"particle": "moguns:items/butterfly_gun"
	},
	"elements": [
		{
			"from": [7.4, 2.275, 11.15],
			"to": [8.6, 2.625, 16.75],
			"rotation": {"angle": 0, "axis": "y", "origin": [8, 7.525, 7.95]},
			"faces": {
				"north": {"uv": [1, 8, 2, 9], "texture": "#1", "tintindex": 0},
				"east": {"uv": [16, 6, 0, 7], "texture": "#1", "tintindex": 0},
				"south": {"uv": [0, 8, 1, 9], "texture": "#1", "tintindex": 0},
				"west": {"uv": [0, 7, 16, 8], "texture": "#1", "tintindex": 0},
				"up": {"uv": [4, 4, 5, 6], "texture": "#1"},
				"down": {"uv": [0, 8, 16, 9], "rotation": 90, "texture": "#1"}
			}
		},
		{
			"from": [7.401, -0.6, 13.7],
			"to": [8.599, 2.625, 15],
			"rotation": {"angle": -22.5, "axis": "x", "origin": [8, 4.5, 15]},
			"faces": {
				"north": {"uv": [0, 9, 2, 14], "texture": "#1"},
				"east": {"uv": [6, 9, 8, 14], "texture": "#1"},
				"south": {"uv": [2, 9, 4, 14], "texture": "#1"},
				"west": {"uv": [4, 9, 6, 14], "texture": "#1"},
				"up": {"uv": [0, 9, 2, 14], "texture": "#1"},
				"down": {"uv": [2, 14, 4, 16], "texture": "#1"}
			}
		},
		{
			"from": [7.8, 1.575, 14.325],
			"to": [8.2, 2.3, 14.65],
			"faces": {
				"north": {"uv": [9, 10, 10, 11], "texture": "#1"},
				"east": {"uv": [9, 10, 10, 11], "texture": "#1"},
				"west": {"uv": [9, 10, 10, 11], "texture": "#1"},
				"down": {"uv": [9, 10, 10, 11], "texture": "#1"}
			}
		},
		{
			"from": [7.75, 1.075, 13.425],
			"to": [8.25, 1.375, 15.125],
			"rotation": {"angle": 0, "axis": "y", "origin": [7.9, 7.3, 8.3]},
			"faces": {
				"north": {"uv": [4, 15, 5, 16], "texture": "#1"},
				"east": {"uv": [4, 15, 5, 16], "texture": "#1"},
				"south": {"uv": [4, 15, 5, 16], "texture": "#1"},
				"west": {"uv": [4, 15, 5, 16], "texture": "#1"},
				"up": {"uv": [4, 15, 5, 16], "texture": "#1"},
				"down": {"uv": [4, 15, 5, 16], "texture": "#1"}
			}
		},
		{
			"from": [7.751, 0.805, 13.2179],
			"to": [8.249, 0.99, 13.375],
			"rotation": {"angle": 45, "axis": "x", "origin": [8, 0.875, 13.725]},
			"faces": {
				"north": {"uv": [4, 15, 5, 16], "texture": "#1"},
				"east": {"uv": [4, 15, 5, 16], "texture": "#1"},
				"south": {"uv": [4, 15, 5, 16], "texture": "#1"},
				"west": {"uv": [4, 15, 5, 16], "texture": "#1"},
				"up": {"uv": [4, 15, 5, 16], "texture": "#1"},
				"down": {"uv": [4, 15, 5, 16], "texture": "#1"}
			}
		},
		{
			"from": [7.75, 1.375, 13.425],
			"to": [8.25, 2.275, 13.725],
			"rotation": {"angle": 0, "axis": "y", "origin": [7.9, 7.3, 7.8]},
			"faces": {
				"north": {"uv": [4, 15, 5, 16], "texture": "#1"},
				"east": {"uv": [4, 15, 5, 16], "texture": "#1"},
				"south": {"uv": [4, 15, 5, 16], "texture": "#1"},
				"west": {"uv": [4, 15, 5, 16], "texture": "#1"},
				"up": {"uv": [4, 15, 5, 16], "texture": "#1"},
				"down": {"uv": [4, 15, 5, 16], "texture": "#1"}
			}
		},
		{
			"from": [7.406, -0.68931, 15.53372],
			"to": [8.594, -0.38931, 15.83372],
			"rotation": {"angle": 22.5, "axis": "x", "origin": [8, -0.48431, 15.74872]},
			"faces": {
				"north": {"uv": [5, 14, 6, 15], "rotation": 270, "texture": "#1"},
				"east": {"uv": [5, 14, 6, 15], "rotation": 270, "texture": "#1"},
				"south": {"uv": [5, 14, 6, 15], "rotation": 270, "texture": "#1"},
				"west": {"uv": [5, 14, 6, 15], "rotation": 270, "texture": "#1"},
				"up": {"uv": [5, 14, 6, 15], "rotation": 270, "texture": "#1"},
				"down": {"uv": [5, 14, 6, 15], "rotation": 270, "texture": "#1"}
			}
		},
		{
			"from": [7.406, -0.18931, 15.13372],
			"to": [8.594, 0.11069, 15.43372],
			"rotation": {"angle": 22.5, "axis": "x", "origin": [8, -0.48431, 15.74872]},
			"faces": {
				"north": {"uv": [5, 14, 6, 15], "rotation": 270, "texture": "#1"},
				"east": {"uv": [5, 14, 6, 15], "rotation": 270, "texture": "#1"},
				"south": {"uv": [5, 14, 6, 15], "rotation": 270, "texture": "#1"},
				"west": {"uv": [5, 14, 6, 15], "rotation": 270, "texture": "#1"},
				"up": {"uv": [5, 14, 6, 15], "rotation": 270, "texture": "#1"},
				"down": {"uv": [5, 14, 6, 15], "rotation": 270, "texture": "#1"}
			}
		},
		{
			"from": [7.406, 0.21069, 14.73372],
			"to": [8.594, 0.51069, 15.03372],
			"rotation": {"angle": 22.5, "axis": "x", "origin": [8, -0.48431, 15.74872]},
			"faces": {
				"north": {"uv": [5, 14, 6, 15], "rotation": 270, "texture": "#1"},
				"east": {"uv": [5, 14, 6, 15], "rotation": 270, "texture": "#1"},
				"south": {"uv": [5, 14, 6, 15], "rotation": 270, "texture": "#1"},
				"west": {"uv": [5, 14, 6, 15], "rotation": 270, "texture": "#1"},
				"up": {"uv": [5, 14, 6, 15], "rotation": 270, "texture": "#1"},
				"down": {"uv": [5, 14, 6, 15], "rotation": 270, "texture": "#1"}
			}
		},
		{
			"from": [7.401, 1.77768, 15.41887],
			"to": [8.599, 2.46768, 15.89387],
			"rotation": {"angle": 22.5, "axis": "x", "origin": [8, 1.01768, 15.73887]},
			"faces": {
				"north": {"uv": [4, 15, 5, 16], "texture": "#1"},
				"east": {"uv": [4, 15, 5, 16], "texture": "#1"},
				"south": {"uv": [4, 15, 5, 16], "texture": "#1"},
				"west": {"uv": [4, 15, 5, 16], "texture": "#1"},
				"up": {"uv": [4, 15, 5, 16], "texture": "#1"},
				"down": {"uv": [4, 15, 5, 16], "texture": "#1"}
			}
		},
		{
			"from": [7.401, 1.98535, 16.07706],
			"to": [8.599, 2.43535, 16.76706],
			"rotation": {"angle": -22.5, "axis": "x", "origin": [8, 2.06535, 16.09706]},
			"faces": {
				"north": {"uv": [4, 15, 5, 16], "rotation": 270, "texture": "#1"},
				"east": {"uv": [4, 15, 5, 16], "rotation": 270, "texture": "#1"},
				"south": {"uv": [4, 15, 5, 16], "rotation": 270, "texture": "#1"},
				"west": {"uv": [4, 15, 5, 16], "rotation": 270, "texture": "#1"},
				"up": {"uv": [4, 15, 5, 16], "rotation": 270, "texture": "#1"},
				"down": {"uv": [4, 15, 5, 16], "rotation": 270, "texture": "#1"}
			}
		},
		{
			"from": [7.751, 1.33499, 14.80854],
			"to": [8.249, 1.54499, 14.96564],
			"rotation": {"angle": 22.5, "axis": "x", "origin": [8, 1.54749, 14.85209]},
			"faces": {
				"north": {"uv": [4, 15, 5, 16], "texture": "#1"},
				"east": {"uv": [4, 15, 5, 16], "texture": "#1"},
				"south": {"uv": [4, 15, 5, 16], "texture": "#1"},
				"west": {"uv": [4, 15, 5, 16], "texture": "#1"},
				"up": {"uv": [4, 15, 5, 16], "texture": "#1"},
				"down": {"uv": [4, 15, 5, 16], "texture": "#1"}
			}
		},
		{
			"from": [7.751, 1.58999, 13.45854],
			"to": [8.249, 1.82499, 13.61564],
			"rotation": {"angle": 22.5, "axis": "x", "origin": [8, 1.54749, 14.85209]},
			"faces": {
				"north": {"uv": [4, 15, 5, 16], "texture": "#1"},
				"east": {"uv": [4, 15, 5, 16], "texture": "#1"},
				"south": {"uv": [4, 15, 5, 16], "texture": "#1"},
				"west": {"uv": [4, 15, 5, 16], "texture": "#1"},
				"up": {"uv": [4, 15, 5, 16], "texture": "#1"},
				"down": {"uv": [4, 15, 5, 16], "texture": "#1"}
			}
		},
		{
			"from": [7.751, 2.17604, 13.39487],
			"to": [8.249, 2.41104, 13.55197],
			"rotation": {"angle": -22.5, "axis": "x", "origin": [8, 2.19854, 13.69842]},
			"faces": {
				"north": {"uv": [4, 15, 5, 16], "texture": "#1"},
				"east": {"uv": [4, 15, 5, 16], "texture": "#1"},
				"south": {"uv": [4, 15, 5, 16], "texture": "#1"},
				"west": {"uv": [4, 15, 5, 16], "texture": "#1"},
				"up": {"uv": [4, 15, 5, 16], "texture": "#1"},
				"down": {"uv": [4, 15, 5, 16], "texture": "#1"}
			}
		},
		{
			"from": [7.751, 0.57894, 14.06959],
			"to": [8.249, 0.73604, 14.30459],
			"rotation": {"angle": 45, "axis": "x", "origin": [8, 1.54749, 14.85209]},
			"faces": {
				"north": {"uv": [4, 15, 5, 16], "rotation": 90, "texture": "#1"},
				"east": {"uv": [4, 15, 5, 16], "rotation": 90, "texture": "#1"},
				"south": {"uv": [4, 15, 5, 16], "rotation": 90, "texture": "#1"},
				"west": {"uv": [4, 15, 5, 16], "rotation": 90, "texture": "#1"},
				"up": {"uv": [4, 15, 5, 16], "rotation": 90, "texture": "#1"},
				"down": {"uv": [4, 15, 5, 16], "rotation": 90, "texture": "#1"}
			}
		},
		{
			"from": [7.501, -0.8, 13.75],
			"to": [8.499, -0.6, 14.8],
			"rotation": {"angle": -22.5, "axis": "x", "origin": [8, 4.5, 15]},
			"faces": {
				"north": {"uv": [2, 15, 3, 16], "texture": "#1"},
				"east": {"uv": [2, 15, 3, 16], "texture": "#1"},
				"south": {"uv": [2, 15, 3, 16], "texture": "#1"},
				"west": {"uv": [2, 15, 3, 16], "texture": "#1"},
				"up": {"uv": [2, 15, 3, 16], "texture": "#1"},
				"down": {"uv": [2, 15, 3, 16], "texture": "#1"}
			}
		},
		{
			"from": [7.5, 2.625, 10.95],
			"to": [7.75, 3.225, 16.4],
			"rotation": {"angle": 0, "axis": "y", "origin": [8, 7.725, 8.85]},
			"faces": {
				"north": {"uv": [0, 8, 1, 9], "texture": "#1"},
				"east": {"uv": [12, 13, 13, 14], "texture": "#1"},
				"west": {"uv": [12, 14, 16, 15], "texture": "#1"}
			}
		},
		{
			"from": [7.71213, 3.31287, 10.951],
			"to": [7.91213, 3.59487, 16.401],
			"rotation": {"angle": -45, "axis": "z", "origin": [7.5, 3.525, 1.85]},
			"faces": {
				"north": {"uv": [0, 8, 1, 9], "texture": "#1"},
				"west": {"uv": [12, 13, 16, 14], "texture": "#1"}
			}
		},
		{
			"from": [7.7, 3.175, 10.95],
			"to": [8.3, 3.425, 16.4],
			"rotation": {"angle": 0, "axis": "y", "origin": [8, 7.725, 8.85]},
			"faces": {
				"north": {"uv": [0, 8, 1, 9], "texture": "#1"},
				"up": {"uv": [12, 13, 16, 14], "rotation": 90, "texture": "#1"},
				"down": {"uv": [12, 14, 13, 15], "texture": "#1"}
			}
		},
		{
			"from": [7.75, 2.675, 11.05],
			"to": [8.25, 3.175, 11.15],
			"rotation": {"angle": 0, "axis": "y", "origin": [8, 7.125, 8.85]},
			"faces": {
				"north": {"uv": [2, 4, 3, 5], "texture": "#1"}
			}
		},
		{
			"from": [8.08787, 3.31287, 10.951],
			"to": [8.28787, 3.59487, 16.401],
			"rotation": {"angle": 45, "axis": "z", "origin": [8.5, 3.525, 1.85]},
			"faces": {
				"north": {"uv": [0, 8, 1, 9], "texture": "#1"},
				"east": {"uv": [12, 13, 16, 14], "rotation": 180, "texture": "#1"}
			}
		},
		{
			"from": [8.25, 2.625, 10.95],
			"to": [8.5, 3.225, 16.4],
			"rotation": {"angle": 0, "axis": "y", "origin": [8, 7.725, 8.85]},
			"faces": {
				"north": {"uv": [0, 8, 1, 9], "texture": "#1"},
				"east": {"uv": [12, 13, 16, 14], "rotation": 180, "texture": "#1"},
				"west": {"uv": [12, 14, 13, 15], "texture": "#1"}
			}
		},
		{
			"from": [8.51213, 2.43087, 10.951],
			"to": [8.71213, 2.71287, 16.401],
			"rotation": {"angle": -45, "axis": "z", "origin": [8.5, 2.925, 1.85]},
			"faces": {
				"north": {"uv": [0, 8, 1, 9], "texture": "#1"},
				"east": {"uv": [12, 13, 16, 14], "rotation": 180, "texture": "#1"}
			}
		},
		{
			"from": [7.7, 2.425, 10.95],
			"to": [8.3, 2.675, 16.4],
			"rotation": {"angle": 0, "axis": "y", "origin": [8, 7.725, 8.85]},
			"faces": {
				"north": {"uv": [0, 8, 1, 9], "texture": "#1"},
				"up": {"uv": [11, 15, 12, 16], "texture": "#1"},
				"down": {"uv": [0, 10, 1, 11], "rotation": 270, "texture": "#1"}
			}
		},
		{
			"from": [7.28787, 2.43087, 10.951],
			"to": [7.48787, 2.71287, 16.401],
			"rotation": {"angle": 45, "axis": "z", "origin": [7.5, 2.925, 1.85]},
			"faces": {
				"north": {"uv": [0, 8, 1, 9], "texture": "#1"},
				"west": {"uv": [12, 14, 16, 15], "texture": "#1"}
			}
		},
		{
			"from": [7.405, 2.625, 13.05],
			"to": [8.575, 3.5, 14.3],
			"rotation": {"angle": 0, "axis": "y", "origin": [7.9, 7.625, 7.95]},
			"faces": {
				"north": {"uv": [4, 15, 5, 14], "texture": "#1"},
				"east": {"uv": [4, 15, 5, 14], "texture": "#1"},
				"south": {"uv": [4, 15, 5, 14], "texture": "#1"},
				"west": {"uv": [4, 15, 5, 14], "texture": "#1"},
				"up": {"uv": [4, 15, 5, 14], "texture": "#1"},
				"down": {"uv": [4, 15, 5, 14], "texture": "#1"}
			}
		}
	],
	"display": {
		"thirdperson_righthand": {
			"rotation": [22.5, 0, 0],
			"translation": [0, 10, -4],
			"scale": [1.2, 1.2, 1.2]
		},
		"firstperson_righthand": {
			"translation": [-3.5, 8.5, 0],
			"scale": [0.8, 0.8, 0.8]
		},
		"ground": {
			"translation": [0, 5, -5.75]
		},
		"gui": {
			"rotation": [30, 225, 0],
			"translation": [7.5, 5, 0],
			"scale": [1.8, 1.8, 1.8]
		},
		"fixed": {
			"rotation": [0, 90, 0],
			"translation": [-11.5, 12.5, -2],
			"scale": [2, 2, 2]
		}
	},
	"groups": [
		{
			"name": "Handle",
			"origin": [8, 4.5, 15],
			"color": 0,
			"children": [0, 1, 2, 3, 4, 5, 6, 7, 8, 9, 10, 11, 12, 13, 14, 15]
		},
		{
			"name": "Barrel",
			"origin": [7.5, 2.925, 1.85],
			"color": 0,
			"children": [16, 17, 18, 19, 20, 21, 22, 23, 24, 25]
		},
		{
			"name": "Chamber",
			"origin": [7.7, 3.625, 16.4],
			"color": 0,
			"children": []
		}
	]
}