{
	"credit": "Made with Blockbench",
	"texture_size": [32, 32],
	"textures": {
		"0": "moguns:items/famas",
		"particle": "moguns:items/famas"
	},
	"elements": [
		{
			"name": "Barrel 1",
			"from": [7.7, 3.55, 3.4],
			"to": [8.3, 3.8, 6.95],
			"rotation": {"angle": 0, "axis": "y", "origin": [0, -0.3, 1.2]},
			"faces": {
				"north": {"uv": [8.5, 14.5, 9, 16], "texture": "#0"},
				"east": {"uv": [8.5, 14.5, 13, 16], "texture": "#0"},
				"south": {"uv": [0, 2.5, 0.5, 3], "texture": "#0"},
				"west": {"uv": [0, 2.5, 0.5, 3], "texture": "#0"},
				"up": {"uv": [8.5, 14.5, 13, 16], "rotation": 90, "texture": "#0"},
				"down": {"uv": [13, 14.5, 8.5, 15], "rotation": 90, "texture": "#0"}
			}
		},
		{
			"name": "Barrel 2",
			"from": [7.42929, 3.57071, 3.401],
			"to": [7.62929, 3.85271, 6.951],
			"rotation": {"angle": -45, "axis": "z", "origin": [7.5, 3.5, 2.2]},
			"faces": {
				"north": {"uv": [8.5, 14.5, 9, 16], "texture": "#0"},
				"east": {"uv": [8.5, 14.5, 13, 16], "texture": "#0"},
				"south": {"uv": [0, 2.5, 0.5, 3], "texture": "#0"},
				"west": {"uv": [8.5, 14.5, 13, 16], "texture": "#0"},
				"up": {"uv": [0, 2.5, 0.5, 3], "texture": "#0"},
				"down": {"uv": [0, 2.5, 0.5, 3], "texture": "#0"}
			}
		},
		{
			"name": "Barrel 3",
			"from": [7.5, 3, 3.4],
			"to": [7.75, 3.6, 6.95],
			"rotation": {"angle": 0, "axis": "y", "origin": [0, -0.3, 1.2]},
			"faces": {
				"north": {"uv": [8.5, 14.5, 9, 16], "texture": "#0"},
				"east": {"uv": [8.5, 15.5, 13, 16], "rotation": 180, "texture": "#0"},
				"south": {"uv": [0, 2.5, 0.5, 3], "texture": "#0"},
				"west": {"uv": [8.5, 14.5, 13, 15.5], "texture": "#0"},
				"up": {"uv": [0, 2.5, 0.5, 3], "texture": "#0"},
				"down": {"uv": [0, 2.5, 0.5, 3], "texture": "#0"}
			}
		},
		{
			"name": "Barrel 4",
			"from": [7.57071, 2.68871, 3.401],
			"to": [7.77071, 2.97071, 6.951],
			"rotation": {"angle": 45, "axis": "z", "origin": [7.5, 2.9, 2.2]},
			"faces": {
				"north": {"uv": [8.5, 14.5, 9, 16], "texture": "#0"},
				"east": {"uv": [8.5, 14.5, 13, 16], "texture": "#0"},
				"south": {"uv": [0, 2.5, 0.5, 3], "texture": "#0"},
				"west": {"uv": [8.5, 14.5, 13, 16], "texture": "#0"},
				"up": {"uv": [0, 2.5, 0.5, 3], "texture": "#0"},
				"down": {"uv": [0, 2.5, 0.5, 3], "texture": "#0"}
			}
		},
		{
			"name": "Barrel 5",
			"from": [7.7, 2.8, 3.4],
			"to": [8.3, 3.05, 6.95],
			"rotation": {"angle": 0, "axis": "y", "origin": [0, -0.3, 1.2]},
			"faces": {
				"north": {"uv": [8.5, 14.5, 9, 16], "texture": "#0"},
				"east": {"uv": [8.5, 14.5, 13, 16], "texture": "#0"},
				"south": {"uv": [0, 2.5, 0.5, 3], "texture": "#0"},
				"west": {"uv": [0, 2.5, 0.5, 3], "texture": "#0"},
				"up": {"uv": [8.5, 15.5, 13, 16], "rotation": 90, "texture": "#0"},
				"down": {"uv": [8.5, 14.5, 13, 16], "rotation": 270, "texture": "#0"}
			}
		},
		{
			"name": "Barrel 6",
			"from": [8.22929, 2.68871, 3.401],
			"to": [8.42929, 2.97071, 6.951],
			"rotation": {"angle": -45, "axis": "z", "origin": [8.5, 2.9, 2.2]},
			"faces": {
				"north": {"uv": [8.5, 14.5, 9, 16], "rotation": 180, "texture": "#0"},
				"east": {"uv": [8.5, 14.5, 13, 16], "rotation": 180, "texture": "#0"},
				"south": {"uv": [0, 2.5, 0.5, 3], "rotation": 180, "texture": "#0"},
				"west": {"uv": [0, 2.5, 0.5, 3], "rotation": 180, "texture": "#0"},
				"up": {"uv": [0, 2.5, 0.5, 3], "rotation": 180, "texture": "#0"},
				"down": {"uv": [0, 2.5, 0.5, 3], "rotation": 180, "texture": "#0"}
			}
		},
		{
			"name": "Barrel 7",
			"from": [8.25, 3, 3.4],
			"to": [8.5, 3.6, 6.95],
			"rotation": {"angle": 0, "axis": "y", "origin": [0, -0.3, 1.2]},
			"faces": {
				"north": {"uv": [8.5, 14.5, 9, 16], "rotation": 180, "texture": "#0"},
				"east": {"uv": [8.5, 14.5, 13, 16], "rotation": 180, "texture": "#0"},
				"south": {"uv": [0, 2.5, 0.5, 3], "rotation": 180, "texture": "#0"},
				"west": {"uv": [8.5, 15.5, 13, 16], "texture": "#0"},
				"up": {"uv": [0, 2.5, 0.5, 3], "rotation": 180, "texture": "#0"},
				"down": {"uv": [0, 2.5, 0.5, 3], "rotation": 180, "texture": "#0"}
			}
		},
		{
			"name": "Barrel 8",
			"from": [8.37071, 3.57071, 3.401],
			"to": [8.57071, 3.85271, 6.951],
			"rotation": {"angle": 45, "axis": "z", "origin": [8.5, 3.5, 2.2]},
			"faces": {
				"north": {"uv": [8.5, 14.5, 9, 16], "rotation": 180, "texture": "#0"},
				"east": {"uv": [8.5, 14.5, 13, 16], "rotation": 180, "texture": "#0"},
				"south": {"uv": [0, 2.5, 0.5, 3], "rotation": 180, "texture": "#0"},
				"west": {"uv": [0, 2.5, 0.5, 3], "rotation": 180, "texture": "#0"},
				"up": {"uv": [0, 2.5, 0.5, 3], "rotation": 180, "texture": "#0"},
				"down": {"uv": [0, 2.5, 0.5, 3], "rotation": 180, "texture": "#0"}
			}
		},
		{
			"name": "Grip 1",
			"from": [7.4, -0.6, 13.7],
			"to": [8.6, 1.95, 15.25],
			"rotation": {"angle": -22.5, "axis": "x", "origin": [8, 4.5, 15]},
			"faces": {
				"north": {"uv": [7.5, 4, 8.5, 7.5], "texture": "#0"},
				"east": {"uv": [6.5, 4, 7.5, 7.5], "texture": "#0"},
				"south": {"uv": [9.5, 4, 10.5, 7.5], "texture": "#0"},
				"west": {"uv": [8.5, 4, 9.5, 7.5], "texture": "#0"},
				"down": {"uv": [6.5, 7.5, 7.5, 8.5], "texture": "#0"}
			}
		},
		{
			"name": "Grip 2",
			"from": [7.4, 1.95, 13.7],
			"to": [8.6, 2.65, 14.95],
			"rotation": {"angle": -22.5, "axis": "x", "origin": [8, 4.5, 15]},
			"faces": {
				"north": {"uv": [6.5, 4, 7.5, 5], "texture": "#0"},
				"east": {"uv": [6.5, 4, 7.5, 5], "texture": "#0"},
				"south": {"uv": [6.5, 4, 7.5, 5], "texture": "#0"},
				"west": {"uv": [6.5, 4, 7.5, 5], "texture": "#0"},
				"up": {"uv": [6.5, 4, 7.5, 5], "texture": "#0"},
				"down": {"uv": [6.5, 4, 7.5, 5], "texture": "#0"}
			}
		},
		{
			"name": "Grip 2",
			"from": [7.4, 1.23107, 15.1097],
			"to": [8.6, 2.78107, 15.9097],
			"rotation": {"angle": 45, "axis": "x", "origin": [8, 2.15107, 15.4047]},
			"faces": {
				"north": {"uv": [6, 4, 7, 5], "rotation": 90, "texture": "#0"},
				"east": {"uv": [6.5, 4, 7.5, 5], "rotation": 90, "texture": "#0"},
				"south": {"uv": [6, 4, 7, 5], "rotation": 90, "texture": "#0"},
				"west": {"uv": [6, 4, 7, 5], "rotation": 90, "texture": "#0"},
				"up": {"uv": [6, 4, 7, 5], "rotation": 90, "texture": "#0"},
				"down": {"uv": [6, 4, 7, 5], "rotation": 90, "texture": "#0"}
			}
		},
		{
			"name": "Grip 2",
			"from": [7.6, 1.00032, 12.90977],
			"to": [8.45, 1.25032, 14.32477],
			"rotation": {"angle": 0, "axis": "y", "origin": [8.025, 1.07532, 13.76977]},
			"faces": {
				"north": {"uv": [0, 2.5, 0.5, 3], "texture": "#0"},
				"east": {"uv": [0, 2.5, 0.5, 3], "texture": "#0"},
				"south": {"uv": [0, 2.5, 0.5, 3], "texture": "#0"},
				"west": {"uv": [0, 2.5, 0.5, 3], "texture": "#0"},
				"up": {"uv": [0, 2.5, 0.5, 3], "texture": "#0"},
				"down": {"uv": [0, 2.5, 0.5, 3], "texture": "#0"}
			}
		},
		{
			"name": "Grip 3",
			"from": [7.6, 0.63032, 14.10977],
			"to": [8.45, 0.88032, 14.52477],
			"rotation": {"angle": -45, "axis": "x", "origin": [8.025, 1.07532, 13.76977]},
			"faces": {
				"north": {"uv": [0, 2.5, 0.5, 3], "texture": "#0"},
				"east": {"uv": [0, 2.5, 0.5, 3], "texture": "#0"},
				"south": {"uv": [0, 2.5, 0.5, 3], "texture": "#0"},
				"west": {"uv": [0, 2.5, 0.5, 3], "texture": "#0"},
				"up": {"uv": [0, 2.5, 0.5, 3], "texture": "#0"},
				"down": {"uv": [0, 2.5, 0.5, 3], "texture": "#0"}
			}
		},
		{
			"name": "Grip 3",
			"from": [7.6, 1.63032, 13.10977],
			"to": [8.45, 2.32032, 13.35977],
			"rotation": {"angle": -45, "axis": "x", "origin": [8.025, 1.07532, 13.76977]},
			"faces": {
				"north": {"uv": [0, 2.5, 0.5, 3], "rotation": 270, "texture": "#0"},
				"east": {"uv": [0, 2.5, 0.5, 3], "rotation": 270, "texture": "#0"},
				"south": {"uv": [0, 2.5, 0.5, 3], "rotation": 270, "texture": "#0"},
				"west": {"uv": [0, 2.5, 0.5, 3], "rotation": 270, "texture": "#0"},
				"up": {"uv": [0, 2.5, 0.5, 3], "rotation": 270, "texture": "#0"},
				"down": {"uv": [0, 2.5, 0.5, 3], "rotation": 270, "texture": "#0"}
			}
		},
		{
			"name": "Grip 4",
			"from": [7.6, 1.36867, 12.37411],
			"to": [8.45, 2.63367, 12.62411],
			"rotation": {"angle": 22.5, "axis": "x", "origin": [8.025, 1.30867, 12.70911]},
			"faces": {
				"north": {"uv": [0, 2.5, 0.5, 3], "rotation": 270, "texture": "#0"},
				"east": {"uv": [0, 2.5, 0.5, 3], "rotation": 270, "texture": "#0"},
				"south": {"uv": [0, 2.5, 0.5, 3], "rotation": 270, "texture": "#0"},
				"west": {"uv": [0, 2.5, 0.5, 3], "rotation": 270, "texture": "#0"},
				"up": {"uv": [0, 2.5, 0.5, 3], "rotation": 270, "texture": "#0"},
				"down": {"uv": [0, 2.5, 0.5, 3], "rotation": 270, "texture": "#0"}
			}
		},
		{
			"name": "Grip 5",
			"from": [7.6, 1.29367, 14.36911],
			"to": [8.45, 2.63367, 14.61911],
			"rotation": {"angle": 0, "axis": "x", "origin": [8.025, 1.30867, 12.70911]},
			"faces": {
				"north": {"uv": [0, 2.5, 0.5, 3], "rotation": 270, "texture": "#0"},
				"east": {"uv": [0, 2.5, 0.5, 3], "rotation": 270, "texture": "#0"},
				"south": {"uv": [0, 2.5, 0.5, 3], "rotation": 270, "texture": "#0"},
				"west": {"uv": [0, 2.5, 0.5, 3], "rotation": 270, "texture": "#0"},
				"up": {"uv": [0, 2.5, 0.5, 3], "rotation": 270, "texture": "#0"},
				"down": {"uv": [0, 2.5, 0.5, 3], "rotation": 270, "texture": "#0"}
			}
		},
		{
			"name": "Trigger",
			"from": [7.8, 1.425, 13.825],
			"to": [8.2, 2.25, 14.15],
			"faces": {
				"north": {"uv": [0, 2.5, 0.5, 3], "texture": "#0"},
				"east": {"uv": [0, 2.5, 0.5, 3], "texture": "#0"},
				"south": {"uv": [0, 2.5, 0.5, 3], "texture": "#0"},
				"west": {"uv": [0, 2.5, 0.5, 3], "texture": "#0"},
				"up": {"uv": [0, 2.5, 0.5, 3], "texture": "#0"},
				"down": {"uv": [0, 2.5, 0.5, 3], "texture": "#0"}
			}
		},
		{
			"name": "Trigger",
			"from": [7.8, 1.975, 13.225],
			"to": [8.2, 2.8, 13.55],
			"rotation": {"angle": -22.5, "axis": "x", "origin": [8, 1.8375, 13.9875]},
			"faces": {
				"north": {"uv": [0, 2.5, 0.5, 3], "texture": "#0"},
				"east": {"uv": [0, 2.5, 0.5, 3], "texture": "#0"},
				"south": {"uv": [0, 2.5, 0.5, 3], "texture": "#0"},
				"west": {"uv": [0, 2.5, 0.5, 3], "texture": "#0"},
				"up": {"uv": [0, 2.5, 0.5, 3], "texture": "#0"},
				"down": {"uv": [0, 2.5, 0.5, 3], "texture": "#0"}
			}
		},
		{
			"name": "Receiver 12",
			"from": [7.2, 2.54004, 17.07502],
			"to": [8.8, 2.74004, 17.91002],
			"rotation": {"angle": 22.5, "axis": "x", "origin": [8, 3.62754, 17.23002]},
			"faces": {
				"north": {"uv": [0, 2, 0.5, 2.5], "texture": "#0", "tintindex": 0},
				"east": {"uv": [0, 2, 0.5, 2.5], "texture": "#0", "tintindex": 0},
				"south": {"uv": [0, 2, 0.5, 2.5], "texture": "#0", "tintindex": 0},
				"west": {"uv": [0, 2, 0.5, 2.5], "texture": "#0", "tintindex": 0},
				"up": {"uv": [0, 2, 0.5, 2.5], "texture": "#0", "tintindex": 0},
				"down": {"uv": [0, 2, 0.5, 2.5], "texture": "#0", "tintindex": 0}
			}
		},
		{
			"name": "Receiver 10",
			"from": [7.2, 2.495, 16.875],
			"to": [8.8, 2.985, 17.22],
			"rotation": {"angle": -45, "axis": "x", "origin": [8.35, 3.35, 17.9]},
			"faces": {
				"north": {"uv": [0, 2, 0.5, 2.5], "rotation": 90, "texture": "#0", "tintindex": 0},
				"east": {"uv": [0, 2, 0.5, 2.5], "rotation": 90, "texture": "#0", "tintindex": 0},
				"south": {"uv": [0, 2, 0.5, 2.5], "rotation": 90, "texture": "#0", "tintindex": 0},
				"west": {"uv": [0, 2, 0.5, 2.5], "rotation": 90, "texture": "#0", "tintindex": 0},
				"up": {"uv": [0, 2, 0.5, 2.5], "rotation": 90, "texture": "#0", "tintindex": 0},
				"down": {"uv": [0, 2, 0.5, 2.5], "rotation": 90, "texture": "#0", "tintindex": 0}
			}
		},
		{
			"name": "Receiver 13",
			"from": [7.2, 1.3073, 17.52477],
			"to": [8.8, 1.8073, 17.62477],
			"rotation": {"angle": -22.5, "axis": "x", "origin": [8, 2.5523, 17.11477]},
			"faces": {
				"north": {"uv": [0, 2, 0.5, 2.5], "rotation": 90, "texture": "#0", "tintindex": 0},
				"east": {"uv": [0, 2, 0.5, 2.5], "rotation": 90, "texture": "#0", "tintindex": 0},
				"south": {"uv": [0, 2, 0.5, 2.5], "rotation": 90, "texture": "#0", "tintindex": 0},
				"west": {"uv": [0, 2, 0.5, 2.5], "rotation": 90, "texture": "#0", "tintindex": 0},
				"up": {"uv": [0, 2, 0.5, 2.5], "rotation": 90, "texture": "#0", "tintindex": 0},
				"down": {"uv": [0, 2, 0.5, 2.5], "rotation": 90, "texture": "#0", "tintindex": 0}
			}
		},
		{
			"name": "Receiver 6",
			"from": [7.301, 2.65, 16.75],
			"to": [8.699, 3.1, 23.795],
			"faces": {
				"north": {"uv": [0, 2.5, 0.5, 3], "texture": "#0", "tintindex": 0},
				"east": {"uv": [1, 15, 8.5, 16], "texture": "#0", "tintindex": 0},
				"south": {"uv": [0, 13, 1, 16], "texture": "#0", "tintindex": 0},
				"west": {"uv": [8.5, 15, 1, 16], "texture": "#0", "tintindex": 0},
				"up": {"uv": [0, 2.5, 0.5, 3], "texture": "#0", "tintindex": 0},
				"down": {"uv": [1, 13, 7, 16], "texture": "#0", "tintindex": 0}
			}
		},
		{
			"name": "Receiver 7",
			"from": [7.201, 1.56, 17.97],
			"to": [8.799, 2.65, 18.095],
			"faces": {
				"north": {"uv": [0, 2, 0.5, 2.5], "texture": "#0", "tintindex": 0},
				"east": {"uv": [0, 2, 0.5, 2.5], "texture": "#0", "tintindex": 0},
				"south": {"uv": [0, 2, 0.5, 2.5], "texture": "#0", "tintindex": 0},
				"west": {"uv": [0, 2, 0.5, 2.5], "texture": "#0", "tintindex": 0},
				"up": {"uv": [0, 2, 0.5, 2.5], "texture": "#0", "tintindex": 0},
				"down": {"uv": [0, 2, 0.5, 2.5], "texture": "#0", "tintindex": 0}
			}
		},
		{
			"name": "Receiver 8",
			"from": [7.201, 2.56, 16.97],
			"to": [8.799, 2.65, 17.97],
			"faces": {
				"north": {"uv": [0, 2, 0.5, 2.5], "texture": "#0", "tintindex": 0},
				"east": {"uv": [0, 2, 0.5, 2.5], "texture": "#0", "tintindex": 0},
				"south": {"uv": [0, 2, 0.5, 2.5], "texture": "#0", "tintindex": 0},
				"west": {"uv": [0, 2, 0.5, 2.5], "texture": "#0", "tintindex": 0},
				"up": {"uv": [0, 2, 0.5, 2.5], "texture": "#0", "tintindex": 0},
				"down": {"uv": [0, 2, 0.5, 2.5], "texture": "#0", "tintindex": 0}
			}
		},
		{
			"name": "Receiver 9",
			"from": [7.201, 2.47, 17.225],
			"to": [8.799, 2.56, 17.97],
			"faces": {
				"north": {"uv": [0, 2, 0.5, 2.5], "texture": "#0", "tintindex": 0},
				"east": {"uv": [0, 2, 0.5, 2.5], "texture": "#0", "tintindex": 0},
				"south": {"uv": [0, 2, 0.5, 2.5], "texture": "#0", "tintindex": 0},
				"west": {"uv": [0, 2, 0.5, 2.5], "texture": "#0", "tintindex": 0},
				"up": {"uv": [0, 2, 0.5, 2.5], "texture": "#0", "tintindex": 0},
				"down": {"uv": [0, 2, 0.5, 2.5], "texture": "#0", "tintindex": 0}
			}
		},
		{
			"name": "Receiver 10",
			"from": [7.201, 2.315, 17.815],
			"to": [8.799, 2.47, 17.97],
			"faces": {
				"north": {"uv": [0, 2, 0.5, 2.5], "texture": "#0", "tintindex": 0},
				"east": {"uv": [0, 2, 0.5, 2.5], "texture": "#0", "tintindex": 0},
				"south": {"uv": [0, 2, 0.5, 2.5], "texture": "#0", "tintindex": 0},
				"west": {"uv": [0, 2, 0.5, 2.5], "texture": "#0", "tintindex": 0},
				"up": {"uv": [0, 2, 0.5, 2.5], "texture": "#0", "tintindex": 0},
				"down": {"uv": [0, 2, 0.5, 2.5], "texture": "#0", "tintindex": 0}
			}
		},
		{
			"name": "Receiver 11",
			"from": [7.201, 1.82, 17.885],
			"to": [8.799, 2.215, 17.97],
			"faces": {
				"north": {"uv": [0, 2, 0.5, 2.5], "texture": "#0", "tintindex": 0},
				"east": {"uv": [0, 2, 0.5, 2.5], "texture": "#0", "tintindex": 0},
				"south": {"uv": [0, 2, 0.5, 2.5], "texture": "#0", "tintindex": 0},
				"west": {"uv": [0, 2, 0.5, 2.5], "texture": "#0", "tintindex": 0},
				"up": {"uv": [0, 2, 0.5, 2.5], "texture": "#0", "tintindex": 0},
				"down": {"uv": [0, 2, 0.5, 2.5], "texture": "#0", "tintindex": 0}
			}
		},
		{
			"name": "Receiver 12",
			"from": [7.201, 2.015, 17.78],
			"to": [8.799, 2.125, 17.885],
			"faces": {
				"north": {"uv": [0, 2, 0.5, 2.5], "texture": "#0", "tintindex": 0},
				"east": {"uv": [0, 2, 0.5, 2.5], "texture": "#0", "tintindex": 0},
				"south": {"uv": [0, 2, 0.5, 2.5], "texture": "#0", "tintindex": 0},
				"west": {"uv": [0, 2, 0.5, 2.5], "texture": "#0", "tintindex": 0},
				"up": {"uv": [0, 2, 0.5, 2.5], "texture": "#0", "tintindex": 0},
				"down": {"uv": [0, 2, 0.5, 2.5], "texture": "#0", "tintindex": 0}
			}
		},
		{
			"name": "Receiver 10",
			"from": [7.201, 2.385, 17.44],
			"to": [8.799, 2.47, 17.535],
			"faces": {
				"north": {"uv": [0, 2, 0.5, 2.5], "texture": "#0", "tintindex": 0},
				"east": {"uv": [0, 2, 0.5, 2.5], "texture": "#0", "tintindex": 0},
				"south": {"uv": [0, 2, 0.5, 2.5], "texture": "#0", "tintindex": 0},
				"west": {"uv": [0, 2, 0.5, 2.5], "texture": "#0", "tintindex": 0},
				"up": {"uv": [0, 2, 0.5, 2.5], "texture": "#0", "tintindex": 0},
				"down": {"uv": [0, 2, 0.5, 2.5], "texture": "#0", "tintindex": 0}
			}
		},
		{
			"name": "Receiver 7",
			"from": [7.301, 2.25, 18.095],
			"to": [8.699, 2.65, 23.795],
			"faces": {
				"north": {"uv": [0, 2.5, 0.5, 3], "texture": "#0", "tintindex": 0},
				"east": {"uv": [1, 15, 7, 16], "texture": "#0", "tintindex": 0},
				"south": {"uv": [0, 13, 1, 16], "texture": "#0", "tintindex": 0},
				"west": {"uv": [7, 15, 1, 16], "texture": "#0", "tintindex": 0},
				"up": {"uv": [0, 2.5, 0.5, 3], "texture": "#0", "tintindex": 0},
				"down": {"uv": [1, 13, 7, 16], "texture": "#0", "tintindex": 0}
			}
		},
		{
			"name": "Receiver 8",
			"from": [7.301, 2.05, 19.695],
			"to": [8.699, 2.25, 23.795],
			"faces": {
				"north": {"uv": [2.5, 15, 3, 15.5], "texture": "#0", "tintindex": 0},
				"east": {"uv": [1, 15, 5, 16], "texture": "#0", "tintindex": 0},
				"south": {"uv": [0, 13, 1, 16], "texture": "#0", "tintindex": 0},
				"west": {"uv": [5, 15, 1, 16], "texture": "#0", "tintindex": 0},
				"up": {"uv": [0, 2.5, 0.5, 3], "texture": "#0", "tintindex": 0},
				"down": {"uv": [5, 15.5, 5.5, 16], "texture": "#0", "tintindex": 0}
			}
		},
		{
			"name": "Receiver 9",
			"from": [7.796, 1.555, 20.915],
			"to": [8.204, 2.05, 23.795],
			"faces": {
				"north": {"uv": [2, 15.5, 2.5, 16], "texture": "#0", "tintindex": 0},
				"east": {"uv": [1, 13, 7, 16], "texture": "#0", "tintindex": 0},
				"south": {"uv": [0, 13, 1, 16], "texture": "#0", "tintindex": 0},
				"west": {"uv": [0, 2.5, 0.5, 3], "texture": "#0", "tintindex": 0},
				"up": {"uv": [0, 2.5, 0.5, 3], "texture": "#0", "tintindex": 0},
				"down": {"uv": [1, 15, 3.5, 16], "rotation": 90, "texture": "#0", "tintindex": 0}
			}
		},
		{
			"name": "Receiver 10",
			"from": [7.801, 1.515, 19.81],
			"to": [8.199, 1.86, 21.04],
			"rotation": {"angle": 22.5, "axis": "x", "origin": [8, 1.8025, 21.395]},
			"faces": {
				"north": {"uv": [4.5, 15.5, 5, 16], "texture": "#0", "tintindex": 0},
				"east": {"uv": [4.5, 15.5, 5, 16], "texture": "#0", "tintindex": 0},
				"south": {"uv": [4.5, 15.5, 5, 16], "texture": "#0", "tintindex": 0},
				"west": {"uv": [4.5, 15.5, 5, 16], "texture": "#0", "tintindex": 0},
				"up": {"uv": [4.5, 15.5, 5, 16], "texture": "#0", "tintindex": 0},
				"down": {"uv": [4.5, 15.5, 5, 16], "texture": "#0", "tintindex": 0}
			}
		},
		{
			"name": "Receiver 7",
			"from": [7.326, 2.825, 16.75],
			"to": [7.724, 3.525, 20.05],
			"rotation": {"angle": -22.5, "axis": "z", "origin": [8, 3.025, 19.3975]},
			"faces": {
				"north": {"uv": [0, 2.5, 0.5, 3], "texture": "#0", "tintindex": 0},
				"east": {"uv": [0, 2.5, 0.5, 3], "texture": "#0", "tintindex": 0},
				"south": {"uv": [0, 2.5, 0.5, 3], "texture": "#0", "tintindex": 0},
				"west": {"uv": [6.5, 13, 8.5, 14], "texture": "#0", "tintindex": 0},
				"up": {"uv": [0, 2.5, 0.5, 3], "texture": "#0", "tintindex": 0},
				"down": {"uv": [0, 2.5, 0.5, 3], "texture": "#0", "tintindex": 0}
			}
		},
		{
			"name": "Receiver 8",
			"from": [7.56999, 3.09726, 16.75],
			"to": [8.43299, 3.74726, 20.05],
			"rotation": {"angle": 0, "axis": "z", "origin": [7.60899, 3.32226, 19.3975]},
			"faces": {
				"north": {"uv": [0, 2.5, 0.5, 3], "texture": "#0", "tintindex": 0},
				"east": {"uv": [1, 13.5, 1.5, 14], "texture": "#0", "tintindex": 0},
				"south": {"uv": [0, 2.5, 0.5, 3], "texture": "#0", "tintindex": 0},
				"west": {"uv": [1, 13, 1.5, 13.5], "texture": "#0", "tintindex": 0},
				"up": {"uv": [6, 13, 8.5, 14], "texture": "#0", "tintindex": 0},
				"down": {"uv": [0, 2.5, 0.5, 3], "texture": "#0", "tintindex": 0}
			}
		},
		{
			"name": "Receiver 8",
			"from": [7.201, 2.16, 18.095],
			"to": [7.399, 2.35, 18.795],
			"faces": {
				"north": {"uv": [0, 2, 0.5, 2.5], "texture": "#0", "tintindex": 0},
				"east": {"uv": [0, 2, 0.5, 2.5], "texture": "#0", "tintindex": 0},
				"south": {"uv": [0, 2, 0.5, 2.5], "texture": "#0", "tintindex": 0},
				"west": {"uv": [0, 2, 0.5, 2.5], "texture": "#0", "tintindex": 0},
				"up": {"uv": [0, 2, 0.5, 2.5], "texture": "#0", "tintindex": 0},
				"down": {"uv": [0, 2, 0.5, 2.5], "texture": "#0", "tintindex": 0}
			}
		},
		{
			"name": "Receiver 8",
			"from": [8.19456, 3.05036, 16.75],
			"to": [8.59256, 3.75036, 20.05],
			"rotation": {"angle": 22.5, "axis": "z", "origin": [8.51856, 3.34536, 19.3975]},
			"faces": {
				"north": {"uv": [0, 2.5, 0.5, 3], "rotation": 180, "texture": "#0", "tintindex": 0},
				"east": {"uv": [1.5, 12, 5, 13], "texture": "#0", "tintindex": 0},
				"south": {"uv": [0, 2.5, 0.5, 3], "rotation": 180, "texture": "#0", "tintindex": 0},
				"west": {"uv": [0, 2.5, 0.5, 3], "rotation": 180, "texture": "#0", "tintindex": 0},
				"up": {"uv": [0, 2.5, 0.5, 3], "rotation": 180, "texture": "#0", "tintindex": 0},
				"down": {"uv": [0, 2.5, 0.5, 3], "rotation": 180, "texture": "#0", "tintindex": 0}
			}
		},
		{
			"name": "Receiver 10",
			"from": [7.681, 1.77, 20.915],
			"to": [8.039, 2.47, 23.795],
			"rotation": {"angle": 45, "axis": "z", "origin": [8, 1.8025, 21.355]},
			"faces": {
				"north": {"uv": [2.5, 15.5, 3, 16], "texture": "#0", "tintindex": 0},
				"east": {"uv": [1, 13, 7, 16], "texture": "#0", "tintindex": 0},
				"south": {"uv": [0, 13, 1, 16], "texture": "#0", "tintindex": 0},
				"west": {"uv": [3.5, 16, 1, 15], "texture": "#0", "tintindex": 0},
				"up": {"uv": [0, 2.5, 0.5, 3], "texture": "#0", "tintindex": 0},
				"down": {"uv": [1, 13, 7, 16], "texture": "#0", "tintindex": 0}
			}
		},
		{
			"name": "Receiver 11",
			"from": [7.97664, 2.03215, 20.915],
			"to": [8.32964, 2.73215, 23.795],
			"rotation": {"angle": -45, "axis": "z", "origin": [7.69064, 1.94215, 21.355]},
			"faces": {
				"north": {"uv": [1.5, 15.5, 2, 16], "rotation": 180, "texture": "#0", "tintindex": 0},
				"east": {"uv": [1, 15, 3.5, 16], "texture": "#0", "tintindex": 0},
				"south": {"uv": [0, 13, 1, 16], "rotation": 180, "texture": "#0", "tintindex": 0},
				"west": {"uv": [0, 2.5, 0.5, 3], "rotation": 180, "texture": "#0", "tintindex": 0},
				"up": {"uv": [0, 2.5, 0.5, 3], "rotation": 180, "texture": "#0", "tintindex": 0},
				"down": {"uv": [1, 13, 7, 16], "rotation": 180, "texture": "#0", "tintindex": 0}
			}
		},
		{
			"name": "Receiver 8",
			"from": [7.191, 3.4, 20.05],
			"to": [7.444, 4.1, 23.795],
			"rotation": {"angle": -22.5, "axis": "z", "origin": [8, 3.275, 19.3975]},
			"faces": {
				"north": {"uv": [5.5, 13, 6, 13.5], "texture": "#0", "tintindex": 0},
				"east": {"uv": [1, 13, 7, 16], "texture": "#0", "tintindex": 0},
				"south": {"uv": [0, 13, 1, 16], "texture": "#0", "tintindex": 0},
				"west": {"uv": [1, 13, 4.5, 15], "rotation": 180, "texture": "#0", "tintindex": 0},
				"up": {"uv": [0, 2.5, 0.5, 3], "texture": "#0", "tintindex": 0},
				"down": {"uv": [1, 13, 7, 16], "texture": "#0", "tintindex": 0}
			}
		},
		{
			"name": "Receiver 11",
			"from": [7.56999, 3.70226, 20.05],
			"to": [8.43299, 4.34726, 23.795],
			"rotation": {"angle": 0, "axis": "z", "origin": [7.60899, 3.57226, 19.3975]},
			"faces": {
				"north": {"uv": [4.5, 13.5, 5, 14], "texture": "#0", "tintindex": 0},
				"east": {"uv": [1, 13, 7, 16], "texture": "#0", "tintindex": 0},
				"south": {"uv": [0, 13, 1, 16], "texture": "#0", "tintindex": 0},
				"west": {"uv": [0, 2.5, 0.5, 3], "texture": "#0", "tintindex": 0},
				"up": {"uv": [1, 13, 4.5, 13.5], "rotation": 270, "texture": "#0", "tintindex": 0},
				"down": {"uv": [1, 13, 7, 16], "texture": "#0", "tintindex": 0}
			}
		},
		{
			"name": "Receiver 10",
			"from": [7.29999, 3.09726, 20.05],
			"to": [8.69799, 3.70226, 23.795],
			"rotation": {"angle": 0, "axis": "z", "origin": [7.60899, 3.32226, 19.3975]},
			"faces": {
				"north": {"uv": [7, 15, 7.5, 15.5], "texture": "#0", "tintindex": 0},
				"east": {"uv": [1, 13, 4.5, 15], "texture": "#0", "tintindex": 0},
				"south": {"uv": [0, 13, 1, 16], "texture": "#0", "tintindex": 0},
				"west": {"uv": [4.5, 13, 1, 15], "texture": "#0", "tintindex": 0},
				"up": {"uv": [0, 2.5, 0.5, 3], "texture": "#0", "tintindex": 0},
				"down": {"uv": [1, 13, 7, 16], "texture": "#0", "tintindex": 0}
			}
		},
		{
			"name": "Receiver 9",
			"from": [8.32956, 3.62036, 20.05],
			"to": [8.72756, 4.32036, 23.795],
			"rotation": {"angle": 22.5, "axis": "z", "origin": [8.51856, 3.59536, 19.3975]},
			"faces": {
				"north": {"uv": [4.5, 13, 5, 13.5], "rotation": 180, "texture": "#0", "tintindex": 0},
				"east": {"uv": [1, 13, 4.5, 14.5], "texture": "#0", "tintindex": 0},
				"south": {"uv": [0, 13, 1, 16], "rotation": 180, "texture": "#0", "tintindex": 0},
				"west": {"uv": [0, 2.5, 0.5, 3], "rotation": 180, "texture": "#0", "tintindex": 0},
				"up": {"uv": [0, 2.5, 0.5, 3], "rotation": 180, "texture": "#0", "tintindex": 0},
				"down": {"uv": [1, 13, 7, 16], "rotation": 180, "texture": "#0", "tintindex": 0}
			}
		},
		{
			"name": "Receiver 3",
			"from": [7.2, 2.25, 6.2],
			"to": [8.8, 3.1, 14.7],
			"faces": {
				"north": {"uv": [6.5, 3, 7, 3.5], "texture": "#0", "tintindex": 0},
				"east": {"uv": [6.5, 1, 16, 2], "texture": "#0", "tintindex": 0},
				"south": {"uv": [0, 2.5, 0.5, 3], "texture": "#0", "tintindex": 0},
				"west": {"uv": [16, 3, 6.5, 2], "texture": "#0", "tintindex": 0},
				"up": {"uv": [0, 2, 0.5, 2.5], "texture": "#0", "tintindex": 0},
				"down": {"uv": [6.5, 2, 16, 3], "rotation": 90, "texture": "#0", "tintindex": 0}
			}
		},
		{
			"name": "Receiver 4",
			"from": [7.2, 2, 6.095],
			"to": [8.8, 2.5, 6.595],
			"rotation": {"angle": -45, "axis": "x", "origin": [8, 2.5, 6.45]},
			"faces": {
				"north": {"uv": [15.5, 3.5, 16, 4], "texture": "#0", "tintindex": 0},
				"east": {"uv": [15.5, 3.5, 16, 4], "texture": "#0", "tintindex": 0},
				"south": {"uv": [15.5, 3.5, 16, 4], "texture": "#0", "tintindex": 0},
				"west": {"uv": [15.5, 3.5, 16, 4], "texture": "#0", "tintindex": 0},
				"up": {"uv": [15.5, 3.5, 16, 4], "texture": "#0", "tintindex": 0},
				"down": {"uv": [15.5, 3.5, 16, 4], "texture": "#0", "tintindex": 0}
			}
		},
		{
			"name": "Receiver 4",
			"from": [7.201, 2.55, 14.7],
			"to": [8.799, 3.1, 15.4],
			"faces": {
				"north": {"uv": [0, 2, 0.5, 2.5], "texture": "#0", "tintindex": 0},
				"east": {"uv": [0, 2, 0.5, 2.5], "texture": "#0", "tintindex": 0},
				"south": {"uv": [0, 2, 0.5, 2.5], "texture": "#0", "tintindex": 0},
				"west": {"uv": [0, 2, 0.5, 2.5], "texture": "#0", "tintindex": 0},
				"up": {"uv": [0, 2, 0.5, 2.5], "texture": "#0", "tintindex": 0},
				"down": {"uv": [0, 2, 0.5, 2.5], "texture": "#0", "tintindex": 0}
			}
		},
		{
			"name": "Receiver 5",
			"from": [7.201, 2.65, 15.4],
			"to": [8.799, 3.1, 16.75],
			"faces": {
				"north": {"uv": [0, 2, 0.5, 2.5], "texture": "#0", "tintindex": 0},
				"east": {"uv": [0, 2, 0.5, 2.5], "texture": "#0", "tintindex": 0},
				"south": {"uv": [0, 2, 0.5, 2.5], "texture": "#0", "tintindex": 0},
				"west": {"uv": [0, 2, 0.5, 2.5], "texture": "#0", "tintindex": 0},
				"up": {"uv": [0, 2, 0.5, 2.5], "texture": "#0", "tintindex": 0},
				"down": {"uv": [0, 2, 0.5, 2.5], "texture": "#0", "tintindex": 0}
			}
		},
		{
			"name": "Receiver 4",
			"from": [7.2, 2.57, 14.59],
			"to": [8.8, 2.865, 16.09],
			"rotation": {"angle": -22.5, "axis": "x", "origin": [8, 2.675, 15.45]},
			"faces": {
				"north": {"uv": [0, 2, 0.5, 2.5], "texture": "#0", "tintindex": 0},
				"east": {"uv": [0, 2, 0.5, 2.5], "texture": "#0", "tintindex": 0},
				"south": {"uv": [0, 2, 0.5, 2.5], "texture": "#0", "tintindex": 0},
				"west": {"uv": [0, 2, 0.5, 2.5], "texture": "#0", "tintindex": 0},
				"up": {"uv": [0, 2, 0.5, 2.5], "texture": "#0", "tintindex": 0},
				"down": {"uv": [0, 2, 0.5, 2.5], "texture": "#0", "tintindex": 0}
			}
		},
		{
			"name": "Receiver 4",
			"from": [7.3, 3.1, 6.2],
			"to": [8.7, 3.6, 16.75],
			"faces": {
				"north": {"uv": [0, 13, 1, 14], "texture": "#0", "tintindex": 0},
				"east": {"uv": [0, 1.5, 6.5, 2], "texture": "#0", "tintindex": 0},
				"south": {"uv": [6.5, 4, 7.5, 5], "texture": "#0", "tintindex": 0},
				"west": {"uv": [6.5, 1.5, 0, 2], "texture": "#0", "tintindex": 0},
				"up": {"uv": [6, 4, 7, 5], "texture": "#0", "tintindex": 0},
				"down": {"uv": [6, 4, 7, 5], "texture": "#0", "tintindex": 0}
			}
		},
		{
			"name": "Receiver 4",
			"from": [7.015, 3.3172, 6.2],
			"to": [7.581, 3.7172, 16.749],
			"rotation": {"angle": 45, "axis": "z", "origin": [7.3, 4, 10.5]},
			"faces": {
				"north": {"uv": [0, 2, 0.5, 2.5], "texture": "#0"},
				"east": {"uv": [0, 2, 0.5, 2.5], "texture": "#0"},
				"south": {"uv": [0, 2, 0.5, 2.5], "texture": "#0"},
				"west": {"uv": [0, 2, 0.5, 2.5], "texture": "#0"},
				"up": {"uv": [0, 2, 0.5, 2.5], "texture": "#0"},
				"down": {"uv": [0, 2, 0.5, 2.5], "texture": "#0"}
			}
		},
		{
			"name": "Receiver 6",
			"from": [7.6, 3.6, 7.3],
			"to": [8.4, 4, 16.75],
			"rotation": {"angle": 0, "axis": "y", "origin": [8.4, 7.4, 6]},
			"faces": {
				"north": {"uv": [0, 2, 0.5, 2.5], "rotation": 270, "texture": "#0", "tintindex": 0},
				"east": {"uv": [0, 2, 0.5, 2.5], "rotation": 270, "texture": "#0", "tintindex": 0},
				"south": {"uv": [0, 2, 0.5, 2.5], "rotation": 270, "texture": "#0", "tintindex": 0},
				"west": {"uv": [0, 2, 0.5, 2.5], "rotation": 270, "texture": "#0", "tintindex": 0},
				"up": {"uv": [10.5, 4, 16, 5.5], "rotation": 270, "texture": "#0", "tintindex": 0},
				"down": {"uv": [0, 2, 0.5, 2.5], "rotation": 270, "texture": "#0", "tintindex": 0}
			}
		},
		{
			"name": "Receiver 7",
			"from": [8.417, 3.318, 6.2],
			"to": [8.983, 3.718, 16.749],
			"rotation": {"angle": -45, "axis": "z", "origin": [8.7, 4, 10.5]},
			"faces": {
				"north": {"uv": [0, 2, 0.5, 2.5], "texture": "#0"},
				"east": {"uv": [0, 2, 0.5, 2.5], "texture": "#0"},
				"south": {"uv": [0, 2, 0.5, 2.5], "texture": "#0"},
				"west": {"uv": [0, 2, 0.5, 2.5], "texture": "#0"},
				"up": {"uv": [0, 2, 0.5, 2.5], "texture": "#0"},
				"down": {"uv": [0, 2, 0.5, 2.5], "texture": "#0"}
			}
		},
		{
			"name": "Receiver 7",
			"from": [8.2, 5.35, 14.25],
			"to": [8.4, 5.88, 15.65],
			"rotation": {"angle": 0, "axis": "y", "origin": [8.4, 7.4, 6]},
			"faces": {
				"north": {"uv": [8, 13, 8.5, 13.5], "rotation": 270, "texture": "#0", "tintindex": 0},
				"east": {"uv": [8, 13, 8.5, 13.5], "rotation": 270, "texture": "#0", "tintindex": 0},
				"south": {"uv": [8, 13, 8.5, 13.5], "rotation": 270, "texture": "#0", "tintindex": 0},
				"west": {"uv": [8, 13, 8.5, 13.5], "rotation": 270, "texture": "#0", "tintindex": 0},
				"up": {"uv": [8, 13, 8.5, 13.5], "rotation": 270, "texture": "#0", "tintindex": 0},
				"down": {"uv": [8, 13, 8.5, 13.5], "rotation": 270, "texture": "#0", "tintindex": 0}
			}
		},
		{
			"name": "Receiver 9",
			"from": [7.7, 4, 15.65],
			"to": [8.3, 5.55, 16.45],
			"rotation": {"angle": 0, "axis": "y", "origin": [8.4, 7.4, 6]},
			"faces": {
				"north": {"uv": [8, 13, 8.5, 13.5], "rotation": 270, "texture": "#0", "tintindex": 0},
				"east": {"uv": [8, 13, 8.5, 13.5], "rotation": 270, "texture": "#0", "tintindex": 0},
				"south": {"uv": [8, 13, 8.5, 13.5], "rotation": 270, "texture": "#0", "tintindex": 0},
				"west": {"uv": [8, 13, 8.5, 13.5], "rotation": 270, "texture": "#0", "tintindex": 0},
				"up": {"uv": [8, 13, 8.5, 13.5], "rotation": 270, "texture": "#0", "tintindex": 0},
				"down": {"uv": [8, 13, 8.5, 13.5], "rotation": 270, "texture": "#0", "tintindex": 0}
			}
		},
		{
			"name": "Receiver 10",
			"from": [7.7, 5.35, 7.3],
			"to": [8.3, 5.55, 15.65],
			"rotation": {"angle": 0, "axis": "y", "origin": [8.4, 7.4, 6]},
			"faces": {
				"north": {"uv": [8, 13, 8.5, 13.5], "rotation": 270, "texture": "#0", "tintindex": 0},
				"east": {"uv": [8, 13, 8.5, 13.5], "rotation": 270, "texture": "#0", "tintindex": 0},
				"south": {"uv": [8, 13, 8.5, 13.5], "rotation": 270, "texture": "#0", "tintindex": 0},
				"west": {"uv": [8, 13, 8.5, 13.5], "rotation": 270, "texture": "#0", "tintindex": 0},
				"up": {"uv": [8, 13, 8.5, 13.5], "rotation": 270, "texture": "#0", "tintindex": 0},
				"down": {"uv": [8, 13, 8.5, 13.5], "rotation": 270, "texture": "#0", "tintindex": 0}
			}
		},
		{
			"name": "Receiver 9",
			"from": [8.2, 3.75, 6.2],
			"to": [8.4, 5.26, 7.3],
			"rotation": {"angle": 0, "axis": "y", "origin": [8, 4.88333, 16.15]},
			"faces": {
				"north": {"uv": [8, 13, 8.5, 13.5], "rotation": 90, "texture": "#0", "tintindex": 0},
				"east": {"uv": [8, 13, 8.5, 13.5], "rotation": 90, "texture": "#0", "tintindex": 0},
				"south": {"uv": [8, 13, 8.5, 13.5], "rotation": 90, "texture": "#0", "tintindex": 0},
				"west": {"uv": [8, 13, 8.5, 13.5], "rotation": 90, "texture": "#0", "tintindex": 0},
				"up": {"uv": [8, 13, 8.5, 13.5], "rotation": 90, "texture": "#0", "tintindex": 0},
				"down": {"uv": [8, 13, 8.5, 13.5], "rotation": 90, "texture": "#0", "tintindex": 0}
			}
		},
		{
			"name": "Receiver 10",
			"from": [7.7, 3.5, 6.5],
			"to": [8.3, 5.55, 7.3],
			"rotation": {"angle": 0, "axis": "y", "origin": [8, 4.88333, 16.15]},
			"faces": {
				"north": {"uv": [8, 13, 8.5, 13.5], "rotation": 90, "texture": "#0", "tintindex": 0},
				"east": {"uv": [8, 13, 8.5, 13.5], "rotation": 90, "texture": "#0", "tintindex": 0},
				"south": {"uv": [8, 13, 8.5, 13.5], "rotation": 90, "texture": "#0", "tintindex": 0},
				"west": {"uv": [8, 13, 8.5, 13.5], "rotation": 90, "texture": "#0", "tintindex": 0},
				"up": {"uv": [8, 13, 8.5, 13.5], "rotation": 90, "texture": "#0", "tintindex": 0},
				"down": {"uv": [8, 13, 8.5, 13.5], "rotation": 90, "texture": "#0", "tintindex": 0}
			}
		},
		{
			"name": "Receiver 8",
			"from": [8.2, 4, 15.65],
			"to": [8.4, 5.4, 16.75],
			"rotation": {"angle": 0, "axis": "y", "origin": [8.4, 7.4, 6]},
			"faces": {
				"north": {"uv": [8, 13, 8.5, 13.5], "rotation": 270, "texture": "#0", "tintindex": 0},
				"east": {"uv": [8, 13, 8.5, 13.5], "rotation": 270, "texture": "#0", "tintindex": 0},
				"south": {"uv": [8, 13, 8.5, 13.5], "rotation": 270, "texture": "#0", "tintindex": 0},
				"west": {"uv": [8, 13, 8.5, 13.5], "rotation": 270, "texture": "#0", "tintindex": 0},
				"up": {"uv": [8, 13, 8.5, 13.5], "rotation": 270, "texture": "#0", "tintindex": 0},
				"down": {"uv": [8, 13, 8.5, 13.5], "rotation": 270, "texture": "#0", "tintindex": 0}
			}
		},
		{
			"name": "Receiver 8",
			"from": [8.2, 5.35, 12.85],
			"to": [8.4, 5.86, 14.25],
			"rotation": {"angle": 0, "axis": "y", "origin": [8.4, 7.4, 6]},
			"faces": {
				"north": {"uv": [8, 13, 8.5, 13.5], "rotation": 270, "texture": "#0", "tintindex": 0},
				"east": {"uv": [8, 13, 8.5, 13.5], "rotation": 270, "texture": "#0", "tintindex": 0},
				"south": {"uv": [8, 13, 8.5, 13.5], "rotation": 270, "texture": "#0", "tintindex": 0},
				"west": {"uv": [8, 13, 8.5, 13.5], "rotation": 270, "texture": "#0", "tintindex": 0},
				"up": {"uv": [8, 13, 8.5, 13.5], "rotation": 270, "texture": "#0", "tintindex": 0},
				"down": {"uv": [8, 13, 8.5, 13.5], "rotation": 270, "texture": "#0", "tintindex": 0}
			}
		},
		{
			"name": "Receiver 9",
			"from": [8.2, 5.35, 11.45],
			"to": [8.4, 5.84, 12.85],
			"rotation": {"angle": 0, "axis": "y", "origin": [8.4, 7.4, 6]},
			"faces": {
				"north": {"uv": [8, 13, 8.5, 13.5], "rotation": 270, "texture": "#0", "tintindex": 0},
				"east": {"uv": [8, 13, 8.5, 13.5], "rotation": 270, "texture": "#0", "tintindex": 0},
				"south": {"uv": [8, 13, 8.5, 13.5], "rotation": 270, "texture": "#0", "tintindex": 0},
				"west": {"uv": [8, 13, 8.5, 13.5], "rotation": 270, "texture": "#0", "tintindex": 0},
				"up": {"uv": [8, 13, 8.5, 13.5], "rotation": 270, "texture": "#0", "tintindex": 0},
				"down": {"uv": [8, 13, 8.5, 13.5], "rotation": 270, "texture": "#0", "tintindex": 0}
			}
		},
		{
			"name": "Receiver 10",
			"from": [8.2, 5.35, 10.05],
			"to": [8.4, 5.82, 11.45],
			"rotation": {"angle": 0, "axis": "y", "origin": [8.4, 7.4, 6]},
			"faces": {
				"north": {"uv": [8, 13, 8.5, 13.5], "rotation": 270, "texture": "#0", "tintindex": 0},
				"east": {"uv": [8, 13, 8.5, 13.5], "rotation": 270, "texture": "#0", "tintindex": 0},
				"south": {"uv": [8, 13, 8.5, 13.5], "rotation": 270, "texture": "#0", "tintindex": 0},
				"west": {"uv": [8, 13, 8.5, 13.5], "rotation": 270, "texture": "#0", "tintindex": 0},
				"up": {"uv": [8, 13, 8.5, 13.5], "rotation": 270, "texture": "#0", "tintindex": 0},
				"down": {"uv": [8, 13, 8.5, 13.5], "rotation": 270, "texture": "#0", "tintindex": 0}
			}
		},
		{
			"name": "Receiver 11",
			"from": [8.2, 5.35, 8.65],
			"to": [8.4, 5.8, 10.05],
			"rotation": {"angle": 0, "axis": "y", "origin": [8.4, 7.4, 6]},
			"faces": {
				"north": {"uv": [8, 13, 8.5, 13.5], "rotation": 270, "texture": "#0", "tintindex": 0},
				"east": {"uv": [8, 13, 8.5, 13.5], "rotation": 270, "texture": "#0", "tintindex": 0},
				"south": {"uv": [8, 13, 8.5, 13.5], "rotation": 270, "texture": "#0", "tintindex": 0},
				"west": {"uv": [8, 13, 8.5, 13.5], "rotation": 270, "texture": "#0", "tintindex": 0},
				"up": {"uv": [8, 13, 8.5, 13.5], "rotation": 270, "texture": "#0", "tintindex": 0},
				"down": {"uv": [8, 13, 8.5, 13.5], "rotation": 270, "texture": "#0", "tintindex": 0}
			}
		},
		{
			"name": "Receiver 12",
			"from": [8.2, 5.35, 7.3],
			"to": [8.4, 5.78, 8.65],
			"rotation": {"angle": 0, "axis": "y", "origin": [8.4, 7.4, 6]},
			"faces": {
				"north": {"uv": [8, 13, 8.5, 13.5], "rotation": 270, "texture": "#0", "tintindex": 0},
				"east": {"uv": [8, 13, 8.5, 13.5], "rotation": 270, "texture": "#0", "tintindex": 0},
				"south": {"uv": [8, 13, 8.5, 13.5], "rotation": 270, "texture": "#0", "tintindex": 0},
				"west": {"uv": [8, 13, 8.5, 13.5], "rotation": 270, "texture": "#0", "tintindex": 0},
				"up": {"uv": [8, 13, 8.5, 13.5], "rotation": 270, "texture": "#0", "tintindex": 0},
				"down": {"uv": [8, 13, 8.5, 13.5], "rotation": 270, "texture": "#0", "tintindex": 0}
			}
		},
		{
			"name": "Receiver 13",
			"from": [7.6, 5.35, 7.3],
			"to": [7.8, 5.78, 8.65],
			"rotation": {"angle": 0, "axis": "y", "origin": [8.4, 7.4, 6]},
			"faces": {
				"north": {"uv": [8, 13, 8.5, 13.5], "rotation": 270, "texture": "#0", "tintindex": 0},
				"east": {"uv": [8, 13, 8.5, 13.5], "rotation": 270, "texture": "#0", "tintindex": 0},
				"south": {"uv": [8, 13, 8.5, 13.5], "rotation": 270, "texture": "#0", "tintindex": 0},
				"west": {"uv": [8, 13, 8.5, 13.5], "rotation": 270, "texture": "#0", "tintindex": 0},
				"up": {"uv": [8, 13, 8.5, 13.5], "rotation": 270, "texture": "#0", "tintindex": 0},
				"down": {"uv": [8, 13, 8.5, 13.5], "rotation": 270, "texture": "#0", "tintindex": 0}
			}
		},
		{
			"name": "Receiver 12",
			"from": [7.6, 5.35, 8.65],
			"to": [7.8, 5.8, 10.05],
			"rotation": {"angle": 0, "axis": "y", "origin": [8.4, 7.4, 6]},
			"faces": {
				"north": {"uv": [8, 13, 8.5, 13.5], "rotation": 270, "texture": "#0", "tintindex": 0},
				"east": {"uv": [8, 13, 8.5, 13.5], "rotation": 270, "texture": "#0", "tintindex": 0},
				"south": {"uv": [8, 13, 8.5, 13.5], "rotation": 270, "texture": "#0", "tintindex": 0},
				"west": {"uv": [8, 13, 8.5, 13.5], "rotation": 270, "texture": "#0", "tintindex": 0},
				"up": {"uv": [8, 13, 8.5, 13.5], "rotation": 270, "texture": "#0", "tintindex": 0},
				"down": {"uv": [8, 13, 8.5, 13.5], "rotation": 270, "texture": "#0", "tintindex": 0}
			}
		},
		{
			"name": "Receiver 11",
			"from": [7.6, 5.35, 10.05],
			"to": [7.8, 5.82, 11.45],
			"rotation": {"angle": 0, "axis": "y", "origin": [8.4, 7.4, 6]},
			"faces": {
				"north": {"uv": [8, 13, 8.5, 13.5], "rotation": 270, "texture": "#0", "tintindex": 0},
				"east": {"uv": [8, 13, 8.5, 13.5], "rotation": 270, "texture": "#0", "tintindex": 0},
				"south": {"uv": [8, 13, 8.5, 13.5], "rotation": 270, "texture": "#0", "tintindex": 0},
				"west": {"uv": [8, 13, 8.5, 13.5], "rotation": 270, "texture": "#0", "tintindex": 0},
				"up": {"uv": [8, 13, 8.5, 13.5], "rotation": 270, "texture": "#0", "tintindex": 0},
				"down": {"uv": [8, 13, 8.5, 13.5], "rotation": 270, "texture": "#0", "tintindex": 0}
			}
		},
		{
			"name": "Receiver 10",
			"from": [7.6, 5.35, 11.45],
			"to": [7.8, 5.84, 12.85],
			"rotation": {"angle": 0, "axis": "y", "origin": [8.4, 7.4, 6]},
			"faces": {
				"north": {"uv": [8, 13, 8.5, 13.5], "rotation": 270, "texture": "#0", "tintindex": 0},
				"east": {"uv": [8, 13, 8.5, 13.5], "rotation": 270, "texture": "#0", "tintindex": 0},
				"south": {"uv": [8, 13, 8.5, 13.5], "rotation": 270, "texture": "#0", "tintindex": 0},
				"west": {"uv": [8, 13, 8.5, 13.5], "rotation": 270, "texture": "#0", "tintindex": 0},
				"up": {"uv": [8, 13, 8.5, 13.5], "rotation": 270, "texture": "#0", "tintindex": 0},
				"down": {"uv": [8, 13, 8.5, 13.5], "rotation": 270, "texture": "#0", "tintindex": 0}
			}
		},
		{
			"name": "Receiver 9",
			"from": [7.6, 5.35, 12.85],
			"to": [7.8, 5.86, 14.25],
			"rotation": {"angle": 0, "axis": "y", "origin": [8.4, 7.4, 6]},
			"faces": {
				"north": {"uv": [8, 13, 8.5, 13.5], "rotation": 270, "texture": "#0", "tintindex": 0},
				"east": {"uv": [8, 13, 8.5, 13.5], "rotation": 270, "texture": "#0", "tintindex": 0},
				"south": {"uv": [8, 13, 8.5, 13.5], "rotation": 270, "texture": "#0", "tintindex": 0},
				"west": {"uv": [8, 13, 8.5, 13.5], "rotation": 270, "texture": "#0", "tintindex": 0},
				"up": {"uv": [8, 13, 8.5, 13.5], "rotation": 270, "texture": "#0", "tintindex": 0},
				"down": {"uv": [8, 13, 8.5, 13.5], "rotation": 270, "texture": "#0", "tintindex": 0}
			}
		},
		{
			"name": "Receiver 8",
			"from": [7.6, 5.35, 14.25],
			"to": [7.8, 5.88, 15.65],
			"rotation": {"angle": 0, "axis": "y", "origin": [8.4, 7.4, 6]},
			"faces": {
				"north": {"uv": [8, 13, 8.5, 13.5], "rotation": 270, "texture": "#0", "tintindex": 0},
				"east": {"uv": [8, 13, 8.5, 13.5], "rotation": 270, "texture": "#0", "tintindex": 0},
				"south": {"uv": [8, 13, 8.5, 13.5], "rotation": 270, "texture": "#0", "tintindex": 0},
				"west": {"uv": [8, 13, 8.5, 13.5], "rotation": 270, "texture": "#0", "tintindex": 0},
				"up": {"uv": [8, 13, 8.5, 13.5], "rotation": 270, "texture": "#0", "tintindex": 0},
				"down": {"uv": [8, 13, 8.5, 13.5], "rotation": 270, "texture": "#0", "tintindex": 0}
			}
		},
		{
			"name": "Barrel 2",
			"from": [7.9, 3.65, 6.2],
			"to": [8.1, 4.6, 6.45],
			"rotation": {"angle": 0, "axis": "y", "origin": [0, -0.3, 1.2]},
			"faces": {
				"north": {"uv": [8, 13, 8.5, 13.5], "texture": "#0"},
				"east": {"uv": [8, 13, 8.5, 13.5], "texture": "#0"},
				"south": {"uv": [8, 13, 8.5, 13.5], "texture": "#0"},
				"west": {"uv": [8, 13, 8.5, 13.5], "texture": "#0"},
				"up": {"uv": [8, 13, 8.5, 13.5], "texture": "#0"},
				"down": {"uv": [8, 13, 8.5, 13.5], "texture": "#0"}
			}
		},
		{
			"name": "Barrel 3",
			"from": [7.955, 4.6, 6.2],
			"to": [8.05, 5.8, 6.45],
			"rotation": {"angle": 0, "axis": "y", "origin": [0, -0.3, 1.2]},
			"faces": {
				"north": {"uv": [8, 13, 8.5, 13.5], "texture": "#0"},
				"east": {"uv": [8, 13, 8.5, 13.5], "texture": "#0"},
				"south": {"uv": [8, 13, 8.5, 13.5], "texture": "#0"},
				"west": {"uv": [8, 13, 8.5, 13.5], "texture": "#0"},
				"up": {"uv": [8, 13, 8.5, 13.5], "texture": "#0"},
				"down": {"uv": [8, 13, 8.5, 13.5], "texture": "#0"}
			}
		},
		{
			"name": "Receiver 9",
			"from": [7.6, 5.375, 15.75],
			"to": [8.4, 5.865, 16.095],
			"rotation": {"angle": -45, "axis": "x", "origin": [8.35, 4.95, 16.2]},
			"faces": {
				"north": {"uv": [8, 13, 8.5, 13.5], "rotation": 270, "texture": "#0", "tintindex": 0},
				"east": {"uv": [8, 13, 8.5, 13.5], "rotation": 270, "texture": "#0", "tintindex": 0},
				"south": {"uv": [8, 13, 8.5, 13.5], "rotation": 270, "texture": "#0", "tintindex": 0},
				"west": {"uv": [8, 13, 8.5, 13.5], "rotation": 270, "texture": "#0", "tintindex": 0},
				"up": {"uv": [8, 13, 8.5, 13.5], "rotation": 270, "texture": "#0", "tintindex": 0},
				"down": {"uv": [8, 13, 8.5, 13.5], "rotation": 270, "texture": "#0", "tintindex": 0}
			}
		},
		{
			"name": "Receiver 10",
			"from": [7.6, 4.73754, 15.45752],
			"to": [8.4, 4.97254, 15.55752],
			"rotation": {"angle": -22.5, "axis": "x", "origin": [8, 5.22754, 15.53002]},
			"faces": {
				"north": {"uv": [8, 13, 8.5, 13.5], "rotation": 270, "texture": "#0", "tintindex": 0},
				"east": {"uv": [8, 13, 8.5, 13.5], "rotation": 270, "texture": "#0", "tintindex": 0},
				"south": {"uv": [8, 13, 8.5, 13.5], "rotation": 270, "texture": "#0", "tintindex": 0},
				"west": {"uv": [8, 13, 8.5, 13.5], "rotation": 270, "texture": "#0", "tintindex": 0},
				"up": {"uv": [8, 13, 8.5, 13.5], "rotation": 270, "texture": "#0", "tintindex": 0},
				"down": {"uv": [8, 13, 8.5, 13.5], "rotation": 270, "texture": "#0", "tintindex": 0}
			}
		},
		{
			"name": "Receiver 11",
			"from": [7.6, 5.15504, 15.03002],
			"to": [8.4, 5.25504, 15.28002],
			"rotation": {"angle": 22.5, "axis": "x", "origin": [8, 5.22754, 15.53002]},
			"faces": {
				"north": {"uv": [8, 13, 8.5, 13.5], "texture": "#0", "tintindex": 0},
				"east": {"uv": [8, 13, 8.5, 13.5], "texture": "#0", "tintindex": 0},
				"south": {"uv": [8, 13, 8.5, 13.5], "texture": "#0", "tintindex": 0},
				"west": {"uv": [8, 13, 8.5, 13.5], "texture": "#0", "tintindex": 0},
				"up": {"uv": [8, 13, 8.5, 13.5], "texture": "#0", "tintindex": 0},
				"down": {"uv": [8, 13, 8.5, 13.5], "texture": "#0", "tintindex": 0}
			}
		},
		{
			"name": "Receiver 10",
			"from": [7.6, 5.08757, 7.25302],
			"to": [8.4, 5.43257, 7.74302],
			"rotation": {"angle": -45, "axis": "x", "origin": [8, 5.15086, 7.49725]},
			"faces": {
				"north": {"uv": [8, 13, 8.5, 13.5], "texture": "#0", "tintindex": 0},
				"east": {"uv": [8, 13, 8.5, 13.5], "texture": "#0", "tintindex": 0},
				"south": {"uv": [8, 13, 8.5, 13.5], "texture": "#0", "tintindex": 0},
				"west": {"uv": [8, 13, 8.5, 13.5], "texture": "#0", "tintindex": 0},
				"up": {"uv": [8, 13, 8.5, 13.5], "texture": "#0", "tintindex": 0},
				"down": {"uv": [8, 13, 8.5, 13.5], "texture": "#0", "tintindex": 0}
			}
		},
		{
			"name": "Receiver 12",
			"from": [7.6, 4.69336, 7.36915],
			"to": [8.4, 4.94336, 7.46915],
			"rotation": {"angle": 22.5, "axis": "x", "origin": [8, 5.15086, 7.49725]},
			"faces": {
				"north": {"uv": [8, 13, 8.5, 13.5], "rotation": 90, "texture": "#0", "tintindex": 0},
				"east": {"uv": [8, 13, 8.5, 13.5], "rotation": 90, "texture": "#0", "tintindex": 0},
				"south": {"uv": [8, 13, 8.5, 13.5], "rotation": 90, "texture": "#0", "tintindex": 0},
				"west": {"uv": [8, 13, 8.5, 13.5], "rotation": 90, "texture": "#0", "tintindex": 0},
				"up": {"uv": [8, 13, 8.5, 13.5], "rotation": 90, "texture": "#0", "tintindex": 0},
				"down": {"uv": [8, 13, 8.5, 13.5], "rotation": 90, "texture": "#0", "tintindex": 0}
			}
		},
		{
			"name": "Receiver 11",
			"from": [7.6, 5.17955, 7.71117],
			"to": [8.4, 5.27955, 7.94617],
			"rotation": {"angle": -22.5, "axis": "x", "origin": [8, 5.15086, 7.49725]},
			"faces": {
				"north": {"uv": [8, 13, 8.5, 13.5], "texture": "#0", "tintindex": 0},
				"east": {"uv": [8, 13, 8.5, 13.5], "texture": "#0", "tintindex": 0},
				"south": {"uv": [8, 13, 8.5, 13.5], "texture": "#0", "tintindex": 0},
				"west": {"uv": [8, 13, 8.5, 13.5], "texture": "#0", "tintindex": 0},
				"up": {"uv": [8, 13, 8.5, 13.5], "texture": "#0", "tintindex": 0},
				"down": {"uv": [8, 13, 8.5, 13.5], "texture": "#0", "tintindex": 0}
			}
		},
		{
			"name": "Receiver 9",
			"from": [8.2, 5.4, 15.65],
			"to": [8.4, 5.9, 16.25],
			"rotation": {"angle": 0, "axis": "y", "origin": [8.4, 7.4, 6]},
			"faces": {
				"north": {"uv": [8, 13, 8.5, 13.5], "rotation": 270, "texture": "#0", "tintindex": 0},
				"east": {"uv": [8, 13, 8.5, 13.5], "rotation": 270, "texture": "#0", "tintindex": 0},
				"south": {"uv": [8, 13, 8.5, 13.5], "rotation": 270, "texture": "#0", "tintindex": 0},
				"west": {"uv": [8, 13, 8.5, 13.5], "rotation": 270, "texture": "#0", "tintindex": 0},
				"up": {"uv": [8, 13, 8.5, 13.5], "rotation": 270, "texture": "#0", "tintindex": 0},
				"down": {"uv": [8, 13, 8.5, 13.5], "rotation": 270, "texture": "#0", "tintindex": 0}
			}
		},
		{
			"name": "Receiver 10",
			"from": [8.2, 5.64, 15.985],
			"to": [8.4, 6.04, 16.69],
			"rotation": {"angle": 45, "axis": "x", "origin": [8.35, 5.65, 15.95]},
			"faces": {
				"north": {"uv": [8, 13, 8.5, 13.5], "texture": "#0", "tintindex": 0},
				"east": {"uv": [8, 13, 8.5, 13.5], "texture": "#0", "tintindex": 0},
				"south": {"uv": [8, 13, 8.5, 13.5], "texture": "#0", "tintindex": 0},
				"west": {"uv": [8, 13, 8.5, 13.5], "texture": "#0", "tintindex": 0},
				"up": {"uv": [8, 13, 8.5, 13.5], "texture": "#0", "tintindex": 0},
				"down": {"uv": [8, 13, 8.5, 13.5], "texture": "#0", "tintindex": 0}
			}
		},
		{
			"name": "Receiver 9",
			"from": [7.6, 4, 15.65],
			"to": [7.8, 5.4, 16.75],
			"rotation": {"angle": 0, "axis": "y", "origin": [7.7, 7.4, 6]},
			"faces": {
				"north": {"uv": [8, 13, 8.5, 13.5], "rotation": 270, "texture": "#0", "tintindex": 0},
				"east": {"uv": [8, 13, 8.5, 13.5], "rotation": 270, "texture": "#0", "tintindex": 0},
				"south": {"uv": [8, 13, 8.5, 13.5], "rotation": 270, "texture": "#0", "tintindex": 0},
				"west": {"uv": [8, 13, 8.5, 13.5], "rotation": 270, "texture": "#0", "tintindex": 0},
				"up": {"uv": [8, 13, 8.5, 13.5], "rotation": 270, "texture": "#0", "tintindex": 0},
				"down": {"uv": [8, 13, 8.5, 13.5], "rotation": 270, "texture": "#0", "tintindex": 0}
			}
		},
		{
			"name": "Receiver 10",
			"from": [7.6, 5.4, 15.65],
			"to": [7.8, 5.9, 16.25],
			"rotation": {"angle": 0, "axis": "y", "origin": [7.7, 7.4, 6]},
			"faces": {
				"north": {"uv": [8, 13, 8.5, 13.5], "rotation": 270, "texture": "#0", "tintindex": 0},
				"east": {"uv": [8, 13, 8.5, 13.5], "rotation": 270, "texture": "#0", "tintindex": 0},
				"south": {"uv": [8, 13, 8.5, 13.5], "rotation": 270, "texture": "#0", "tintindex": 0},
				"west": {"uv": [8, 13, 8.5, 13.5], "rotation": 270, "texture": "#0", "tintindex": 0},
				"up": {"uv": [8, 13, 8.5, 13.5], "rotation": 270, "texture": "#0", "tintindex": 0},
				"down": {"uv": [8, 13, 8.5, 13.5], "rotation": 270, "texture": "#0", "tintindex": 0}
			}
		},
		{
			"name": "Receiver 11",
			"from": [7.6, 5.64, 15.985],
			"to": [7.8, 6.04, 16.69],
			"rotation": {"angle": 45, "axis": "x", "origin": [7.65, 5.65, 15.95]},
			"faces": {
				"north": {"uv": [8, 13, 8.5, 13.5], "texture": "#0", "tintindex": 0},
				"east": {"uv": [8, 13, 8.5, 13.5], "texture": "#0", "tintindex": 0},
				"south": {"uv": [8, 13, 8.5, 13.5], "texture": "#0", "tintindex": 0},
				"west": {"uv": [8, 13, 8.5, 13.5], "texture": "#0", "tintindex": 0},
				"up": {"uv": [8, 13, 8.5, 13.5], "texture": "#0", "tintindex": 0},
				"down": {"uv": [8, 13, 8.5, 13.5], "texture": "#0", "tintindex": 0}
			}
		},
		{
			"name": "Receiver 10",
			"from": [8.2, 5.26, 6.7],
			"to": [8.4, 5.76, 7.3],
			"rotation": {"angle": 0, "axis": "y", "origin": [8, 4.88333, 16.15]},
			"faces": {
				"north": {"uv": [8, 13, 8.5, 13.5], "rotation": 90, "texture": "#0", "tintindex": 0},
				"east": {"uv": [8, 13, 8.5, 13.5], "rotation": 90, "texture": "#0", "tintindex": 0},
				"south": {"uv": [8, 13, 8.5, 13.5], "rotation": 90, "texture": "#0", "tintindex": 0},
				"west": {"uv": [8, 13, 8.5, 13.5], "rotation": 90, "texture": "#0", "tintindex": 0},
				"up": {"uv": [8, 13, 8.5, 13.5], "rotation": 90, "texture": "#0", "tintindex": 0},
				"down": {"uv": [8, 13, 8.5, 13.5], "rotation": 90, "texture": "#0", "tintindex": 0}
			}
		},
		{
			"name": "Receiver 11",
			"from": [8.2, 4.77, 6.61],
			"to": [8.4, 5.475, 6.965],
			"rotation": {"angle": 45, "axis": "x", "origin": [8.35, 5.51, 7]},
			"faces": {
				"north": {"uv": [8, 13, 8.5, 13.5], "rotation": 180, "texture": "#0", "tintindex": 0},
				"east": {"uv": [8, 13, 8.5, 13.5], "rotation": 180, "texture": "#0", "tintindex": 0},
				"south": {"uv": [8, 13, 8.5, 13.5], "rotation": 180, "texture": "#0", "tintindex": 0},
				"west": {"uv": [8, 13, 8.5, 13.5], "rotation": 180, "texture": "#0", "tintindex": 0},
				"up": {"uv": [8, 13, 8.5, 13.5], "rotation": 180, "texture": "#0", "tintindex": 0},
				"down": {"uv": [8, 13, 8.5, 13.5], "rotation": 180, "texture": "#0", "tintindex": 0}
			}
		},
		{
			"name": "Receiver 12",
			"from": [7.6, 4.77, 6.61],
			"to": [7.8, 5.475, 6.965],
			"rotation": {"angle": 45, "axis": "x", "origin": [7.65, 5.51, 7]},
			"faces": {
				"north": {"uv": [8, 13, 8.5, 13.5], "rotation": 180, "texture": "#0", "tintindex": 0},
				"east": {"uv": [8, 13, 8.5, 13.5], "rotation": 180, "texture": "#0", "tintindex": 0},
				"south": {"uv": [8, 13, 8.5, 13.5], "rotation": 180, "texture": "#0", "tintindex": 0},
				"west": {"uv": [8, 13, 8.5, 13.5], "rotation": 180, "texture": "#0", "tintindex": 0},
				"up": {"uv": [8, 13, 8.5, 13.5], "rotation": 180, "texture": "#0", "tintindex": 0},
				"down": {"uv": [8, 13, 8.5, 13.5], "rotation": 180, "texture": "#0", "tintindex": 0}
			}
		},
		{
			"name": "Receiver 10",
			"from": [7.6, 3.75, 6.2],
			"to": [7.8, 5.26, 7.3],
			"rotation": {"angle": 0, "axis": "y", "origin": [7.3, 4.88333, 16.15]},
			"faces": {
				"north": {"uv": [8, 13, 8.5, 13.5], "rotation": 90, "texture": "#0", "tintindex": 0},
				"east": {"uv": [8, 13, 8.5, 13.5], "rotation": 90, "texture": "#0", "tintindex": 0},
				"south": {"uv": [8, 13, 8.5, 13.5], "rotation": 90, "texture": "#0", "tintindex": 0},
				"west": {"uv": [8, 13, 8.5, 13.5], "rotation": 90, "texture": "#0", "tintindex": 0},
				"up": {"uv": [8, 13, 8.5, 13.5], "rotation": 90, "texture": "#0", "tintindex": 0},
				"down": {"uv": [8, 13, 8.5, 13.5], "rotation": 90, "texture": "#0", "tintindex": 0}
			}
		},
		{
			"name": "Receiver 11",
			"from": [7.6, 5.26, 6.7],
			"to": [7.8, 5.76, 7.3],
			"rotation": {"angle": 0, "axis": "y", "origin": [7.3, 4.88333, 16.15]},
			"faces": {
				"north": {"uv": [8, 13, 8.5, 13.5], "rotation": 90, "texture": "#0", "tintindex": 0},
				"east": {"uv": [8, 13, 8.5, 13.5], "rotation": 90, "texture": "#0", "tintindex": 0},
				"south": {"uv": [8, 13, 8.5, 13.5], "rotation": 90, "texture": "#0", "tintindex": 0},
				"west": {"uv": [8, 13, 8.5, 13.5], "rotation": 90, "texture": "#0", "tintindex": 0},
				"up": {"uv": [8, 13, 8.5, 13.5], "rotation": 90, "texture": "#0", "tintindex": 0},
				"down": {"uv": [8, 13, 8.5, 13.5], "rotation": 90, "texture": "#0", "tintindex": 0}
			}
		},
		{
			"name": "Receiver 8",
			"from": [7.775, 4, 8.925],
			"to": [8.175, 4.5, 9.325],
			"rotation": {"angle": 45, "axis": "y", "origin": [8, 4.2, 9.125]},
			"faces": {
				"north": {"uv": [0, 2, 0.5, 2.5], "texture": "#0"},
				"east": {"uv": [0, 2, 0.5, 2.5], "texture": "#0"},
				"south": {"uv": [0, 2, 0.5, 2.5], "texture": "#0"},
				"west": {"uv": [0, 2, 0.5, 2.5], "texture": "#0"},
				"up": {"uv": [0, 2, 0.5, 2.5], "texture": "#0"},
				"down": {"uv": [0, 2, 0.5, 2.5], "texture": "#0"}
			}
		},
		{
			"name": "Receiver 9",
			"from": [7.8, 4.2, 7.3],
			"to": [8.2, 4.4, 9.15],
			"rotation": {"angle": 0, "axis": "y", "origin": [8.4, 7.4, 6]},
			"faces": {
				"north": {"uv": [0, 2.5, 0.5, 3], "rotation": 270, "texture": "#0", "tintindex": 0},
				"east": {"uv": [0, 2.5, 0.5, 3], "rotation": 270, "texture": "#0", "tintindex": 0},
				"south": {"uv": [0, 2.5, 0.5, 3], "rotation": 270, "texture": "#0", "tintindex": 0},
				"west": {"uv": [0, 2.5, 0.5, 3], "rotation": 270, "texture": "#0", "tintindex": 0},
				"up": {"uv": [0, 2.5, 0.5, 3], "rotation": 270, "texture": "#0", "tintindex": 0},
				"down": {"uv": [0, 2.5, 0.5, 3], "rotation": 270, "texture": "#0", "tintindex": 0}
			}
		},
		{
			"name": "Receiver 10",
			"from": [7.5, 4.85, 6.3],
			"to": [7.9, 5.05, 6.5],
			"rotation": {"angle": 0, "axis": "y", "origin": [8, 4.88333, 16.15]},
			"faces": {
				"north": {"uv": [0, 2.5, 0.5, 3], "rotation": 90, "texture": "#0", "tintindex": 0},
				"east": {"uv": [0, 2.5, 0.5, 3], "rotation": 90, "texture": "#0", "tintindex": 0},
				"south": {"uv": [0, 2.5, 0.5, 3], "rotation": 90, "texture": "#0", "tintindex": 0},
				"west": {"uv": [0, 2.5, 0.5, 3], "rotation": 90, "texture": "#0", "tintindex": 0},
				"up": {"uv": [0, 2.5, 0.5, 3], "rotation": 90, "texture": "#0", "tintindex": 0},
				"down": {"uv": [0, 2.5, 0.5, 3], "rotation": 90, "texture": "#0", "tintindex": 0}
			}
		},
		{
			"name": "Receiver 11",
			"from": [8.1, 4.85, 6.3],
			"to": [8.5, 5.05, 6.5],
			"rotation": {"angle": 0, "axis": "y", "origin": [8, 4.88333, 16.15]},
			"faces": {
				"north": {"uv": [0, 2.5, 0.5, 3], "rotation": 90, "texture": "#0", "tintindex": 0},
				"east": {"uv": [0, 2.5, 0.5, 3], "rotation": 90, "texture": "#0", "tintindex": 0},
				"south": {"uv": [0, 2.5, 0.5, 3], "rotation": 90, "texture": "#0", "tintindex": 0},
				"west": {"uv": [0, 2.5, 0.5, 3], "rotation": 90, "texture": "#0", "tintindex": 0},
				"up": {"uv": [0, 2.5, 0.5, 3], "rotation": 90, "texture": "#0", "tintindex": 0},
				"down": {"uv": [0, 2.5, 0.5, 3], "rotation": 90, "texture": "#0", "tintindex": 0}
			}
		},
		{
			"name": "Receiver 9",
			"from": [7.5, 4.1, 15.85],
			"to": [8.5, 4.5, 16.25],
			"rotation": {"angle": -45, "axis": "x", "origin": [8, 4.3, 16.05]},
			"faces": {
				"north": {"uv": [0, 2.5, 0.5, 3], "rotation": 270, "texture": "#0", "tintindex": 0},
				"east": {"uv": [0, 2.5, 0.5, 3], "rotation": 270, "texture": "#0", "tintindex": 0},
				"south": {"uv": [0, 2.5, 0.5, 3], "rotation": 270, "texture": "#0", "tintindex": 0},
				"west": {"uv": [0, 2.5, 0.5, 3], "rotation": 270, "texture": "#0", "tintindex": 0},
				"up": {"uv": [0, 2.5, 0.5, 3], "rotation": 270, "texture": "#0", "tintindex": 0},
				"down": {"uv": [0, 2.5, 0.5, 3], "rotation": 270, "texture": "#0", "tintindex": 0}
			}
		},
		{
			"name": "Rear Sight 2",
			"from": [7.7, 5.7, 15.995],
			"to": [7.8, 5.95, 16.395],
			"rotation": {"angle": 0, "axis": "y", "origin": [7.29289, 5.84289, 16.195]},
			"faces": {
				"north": {"uv": [8, 13, 8.5, 13.5], "texture": "#0"},
				"east": {"uv": [8, 13, 8.5, 13.5], "texture": "#0"},
				"south": {"uv": [8, 13, 8.5, 13.5], "texture": "#0"},
				"west": {"uv": [8, 13, 8.5, 13.5], "texture": "#0"},
				"up": {"uv": [8, 13, 8.5, 13.5], "texture": "#0"},
				"down": {"uv": [8, 13, 8.5, 13.5], "texture": "#0"}
			}
		},
		{
			"name": "Rear Sight 3",
			"from": [7.875, 6.025, 15.995],
			"to": [8.125, 6.125, 16.395],
			"rotation": {"angle": 45, "axis": "z", "origin": [8, 5.825, 16.195]},
			"faces": {
				"north": {"uv": [8, 13, 8.5, 13.5], "rotation": 90, "texture": "#0"},
				"east": {"uv": [8, 13, 8.5, 13.5], "rotation": 90, "texture": "#0"},
				"south": {"uv": [8, 13, 8.5, 13.5], "rotation": 90, "texture": "#0"},
				"west": {"uv": [8, 13, 8.5, 13.5], "rotation": 90, "texture": "#0"},
				"up": {"uv": [8, 13, 8.5, 13.5], "rotation": 90, "texture": "#0"},
				"down": {"uv": [8, 13, 8.5, 13.5], "rotation": 90, "texture": "#0"}
			}
		},
		{
			"name": "Rear Sight 4",
			"from": [7.875, 6.025, 15.995],
			"to": [8.125, 6.125, 16.395],
			"rotation": {"angle": 0, "axis": "y", "origin": [8, 5.825, 16.195]},
			"faces": {
				"north": {"uv": [8, 13, 8.5, 13.5], "rotation": 270, "texture": "#0"},
				"east": {"uv": [8, 13, 8.5, 13.5], "rotation": 270, "texture": "#0"},
				"south": {"uv": [8, 13, 8.5, 13.5], "rotation": 270, "texture": "#0"},
				"west": {"uv": [8, 13, 8.5, 13.5], "rotation": 270, "texture": "#0"},
				"up": {"uv": [8, 13, 8.5, 13.5], "rotation": 270, "texture": "#0"},
				"down": {"uv": [8, 13, 8.5, 13.5], "rotation": 270, "texture": "#0"}
			}
		},
		{
			"name": "Rear Sight 5",
			"from": [8.2, 5.7, 15.995],
			"to": [8.3, 5.95, 16.395],
			"rotation": {"angle": 45, "axis": "z", "origin": [8, 5.825, 16.195]},
			"faces": {
				"north": {"uv": [8, 13, 8.5, 13.5], "rotation": 180, "texture": "#0"},
				"east": {"uv": [8, 13, 8.5, 13.5], "rotation": 180, "texture": "#0"},
				"south": {"uv": [8, 13, 8.5, 13.5], "rotation": 180, "texture": "#0"},
				"west": {"uv": [8, 13, 8.5, 13.5], "rotation": 180, "texture": "#0"},
				"up": {"uv": [8, 13, 8.5, 13.5], "rotation": 180, "texture": "#0"},
				"down": {"uv": [8, 13, 8.5, 13.5], "rotation": 180, "texture": "#0"}
			}
		},
		{
			"name": "Rear Sight 6",
			"from": [8.2, 5.7, 15.995],
			"to": [8.3, 5.95, 16.395],
			"rotation": {"angle": 0, "axis": "y", "origin": [7.29289, 5.84289, 16.195]},
			"faces": {
				"north": {"uv": [8, 13, 8.5, 13.5], "texture": "#0"},
				"east": {"uv": [8, 13, 8.5, 13.5], "texture": "#0"},
				"south": {"uv": [8, 13, 8.5, 13.5], "texture": "#0"},
				"west": {"uv": [8, 13, 8.5, 13.5], "texture": "#0"},
				"up": {"uv": [8, 13, 8.5, 13.5], "texture": "#0"},
				"down": {"uv": [8, 13, 8.5, 13.5], "texture": "#0"}
			}
		},
		{
			"name": "Rear Sight 7",
			"from": [7.875, 5.525, 15.995],
			"to": [8.125, 5.625, 16.395],
			"rotation": {"angle": -45, "axis": "z", "origin": [8, 5.825, 16.195]},
			"faces": {
				"north": {"uv": [8, 13, 8.5, 13.5], "rotation": 270, "texture": "#0"},
				"east": {"uv": [8, 13, 8.5, 13.5], "rotation": 270, "texture": "#0"},
				"south": {"uv": [8, 13, 8.5, 13.5], "rotation": 270, "texture": "#0"},
				"west": {"uv": [8, 13, 8.5, 13.5], "rotation": 270, "texture": "#0"},
				"up": {"uv": [8, 13, 8.5, 13.5], "rotation": 270, "texture": "#0"},
				"down": {"uv": [8, 13, 8.5, 13.5], "rotation": 270, "texture": "#0"}
			}
		},
		{
			"name": "Rear Sight 9",
			"from": [7.875, 5.525, 15.995],
			"to": [8.125, 5.625, 16.395],
			"rotation": {"angle": 0, "axis": "y", "origin": [8, 5.825, 16.195]},
			"faces": {
				"north": {"uv": [8, 13, 8.5, 13.5], "rotation": 270, "texture": "#0"},
				"east": {"uv": [8, 13, 8.5, 13.5], "rotation": 270, "texture": "#0"},
				"south": {"uv": [8, 13, 8.5, 13.5], "rotation": 270, "texture": "#0"},
				"west": {"uv": [8, 13, 8.5, 13.5], "rotation": 270, "texture": "#0"},
				"up": {"uv": [8, 13, 8.5, 13.5], "rotation": 270, "texture": "#0"},
				"down": {"uv": [8, 13, 8.5, 13.5], "rotation": 270, "texture": "#0"}
			}
		},
		{
			"name": "Rear Sight 10",
			"from": [7.875, 5.525, 15.995],
			"to": [8.125, 5.625, 16.395],
			"rotation": {"angle": 45, "axis": "z", "origin": [8, 5.825, 16.195]},
			"faces": {
				"north": {"uv": [8, 13, 8.5, 13.5], "rotation": 270, "texture": "#0"},
				"east": {"uv": [8, 13, 8.5, 13.5], "rotation": 270, "texture": "#0"},
				"south": {"uv": [8, 13, 8.5, 13.5], "rotation": 270, "texture": "#0"},
				"west": {"uv": [8, 13, 8.5, 13.5], "rotation": 270, "texture": "#0"},
				"up": {"uv": [8, 13, 8.5, 13.5], "rotation": 270, "texture": "#0"},
				"down": {"uv": [8, 13, 8.5, 13.5], "rotation": 270, "texture": "#0"}
			}
		},
		{
			"name": "Magazine 1",
			"from": [7.5, -1.285, 18.095],
			"to": [8.5, 2.25, 19.695],
			"faces": {
				"north": {"uv": [5, 3.5, 5.5, 6.5], "texture": "#0"},
				"east": {"uv": [3, 3.5, 5.5, 6.5], "texture": "#0"},
				"south": {"uv": [3, 3.5, 3.5, 6.5], "texture": "#0"},
				"west": {"uv": [3, 3.5, 5.5, 6.5], "texture": "#0"},
				"down": {"uv": [3.5, 6, 5, 6.5], "texture": "#0"}
			}
		}
	],
	"display": {
		"thirdperson_righthand": {
			"translation": [0, 6.5, -6.75],
			"scale": [1.1, 1.1, 1.1]
		},
		"firstperson_righthand": {
			"translation": [-3.5, 8.5, 0],
			"scale": [0.8, 0.8, 0.8]
		},
		"firstperson_lefthand": {
			"translation": [3.75, -3.25, 0]
		},
		"ground": {
			"translation": [0, 5, -1]
		},
		"gui": {
			"rotation": [30, 225, 0],
			"translation": [1.25, 4.5, 0],
			"scale": [1.2, 1.2, 1.2]
		},
		"fixed": {
			"rotation": [0, 90, 0],
			"translation": [-3.25, 11.25, -2],
			"scale": [2, 2, 2]
		}
	},
	"groups": [
		{
			"name": "Barrel",
			"origin": [8, 8, 8],
			"color": 0,
			"children": [0, 1, 2, 3, 4, 5, 6, 7]
		},
		{
			"name": "Grip",
			"origin": [8, 8, 8],
			"color": 0,
			"children": [8, 9, 10, 11, 12, 13, 14, 15, 16, 17]
		},
		{
			"name": "Stock",
			"origin": [8.51856, 3.59536, 19.3975],
			"color": 0,
			"children": [18, 19, 20, 21, 22, 23, 24, 25, 26, 27, 28, 29, 30, 31, 32, 33, 34, 35, 36, 37, 38, 39, 40, 41, 42]
		},
		{
			"name": "Receiver",
			"origin": [8, 8, 8],
			"color": 0,
			"children": [43, 44, 45, 46, 47, 48, 49, 50, 51]
		},
		{
			"name": "Sight",
			"origin": [8, 5.825, 16.195],
			"color": 0,
			"children": [52, 53, 54, 55, 56, 57, 58, 59, 60, 61, 62, 63, 64, 65, 66, 67, 68, 69, 70, 71, 72, 73, 74, 75, 76, 77, 78, 79, 80, 81, 82, 83, 84, 85, 86, 87, 88, 89, 90, 91, 92, 93, 94, 95, 96, 97, 98, 99]
		},
		{
			"name": "Magazine",
			"origin": [0, 0, 0],
			"color": 0,
			"children": [100]
		}
	]
}