{
	"credit": "Made by AlanorMiga with Blockbench",
	"texture_size": [32, 32],
	"textures": {
		"2": "moguns:items/g36c"
	},
	"elements": [
		{
			"from": [8.8, 3.1, 13.65],
			"to": [9.1, 3.6, 13.85],
			"faces": {
				"north": {"uv": [9, 3, 9.5, 3.5], "texture": "#2"},
				"east": {"uv": [9, 3, 9.5, 3.5], "texture": "#2"},
				"south": {"uv": [9, 3, 9.5, 3.5], "texture": "#2"},
				"west": {"uv": [9, 3, 9.5, 3.5], "texture": "#2"},
				"up": {"uv": [9, 3, 9.5, 3.5], "texture": "#2"},
				"down": {"uv": [9, 3, 9.5, 3.5], "texture": "#2"}
			}
		},
		{
			"from": [8.8, 3.2, 5],
			"to": [9, 3.7, 8],
			"faces": {
				"north": {"uv": [9.5, 6.5, 10, 7], "texture": "#2"},
				"east": {"uv": [9.5, 4.5, 10, 7], "rotation": 90, "texture": "#2"},
				"south": {"uv": [9.5, 6.5, 10, 7], "texture": "#2"},
				"west": {"uv": [9.5, 6.5, 10, 7], "texture": "#2"},
				"up": {"uv": [9.5, 6.5, 10, 7], "texture": "#2"},
				"down": {"uv": [9.5, 6.5, 10, 7], "texture": "#2"}
			}
		},
		{
			"from": [7, 3.2, 5],
			"to": [7.2, 3.7, 8],
			"faces": {
				"north": {"uv": [9.5, 6.5, 10, 7], "rotation": 90, "texture": "#2"},
				"east": {"uv": [9.5, 6.5, 10, 7], "rotation": 90, "texture": "#2"},
				"south": {"uv": [9.5, 6.5, 10, 7], "rotation": 90, "texture": "#2"},
				"west": {"uv": [9.5, 4.5, 10, 7], "rotation": 90, "texture": "#2"},
				"up": {"uv": [9.5, 6.5, 10, 7], "rotation": 90, "texture": "#2"},
				"down": {"uv": [9.5, 6.5, 10, 7], "rotation": 90, "texture": "#2"}
			}
		},
		{
			"from": [7.2, 2.25, 10.2],
			"to": [8.8, 4, 16.2],
			"faces": {
				"north": {"uv": [0, 1, 2, 3], "texture": "#2", "tintindex": 0},
				"east": {"uv": [8, 1.5, 2, 3.5], "texture": "#2", "tintindex": 0},
				"south": {"uv": [8, 2.5, 10, 3.5], "texture": "#2", "tintindex": 0},
				"west": {"uv": [2, 1.5, 8, 3.5], "texture": "#2", "tintindex": 0},
				"up": {"uv": [0, 0, 0, 0], "texture": "#2"},
				"down": {"uv": [2, 3.5, 8, 5.5], "rotation": 270, "texture": "#2", "tintindex": 0}
			}
		},
		{
			"from": [7.6, 4, 10.2],
			"to": [8.4, 4.4, 16.2],
			"faces": {
				"north": {"uv": [0.5, 1, 1.5, 1.5], "texture": "#2"},
				"east": {"uv": [2, 1.5, 8, 2], "rotation": 180, "texture": "#2"},
				"south": {"uv": [8.5, 2.5, 9.5, 3], "texture": "#2", "tintindex": 0},
				"west": {"uv": [2, 1.5, 8, 2], "texture": "#2"},
				"up": {"uv": [6.5, 1, 7.5, 1.5], "rotation": 90, "texture": "#2", "tintindex": 0},
				"down": {"uv": [0, 0, 0, 0], "texture": "#2"}
			}
		},
		{
			"from": [7.6, 4.3, 5.21053],
			"to": [8.4, 4.4, 10.2],
			"faces": {
				"north": {"uv": [2, 0, 2.5, 1], "rotation": 90, "texture": "#2", "tintindex": 0},
				"east": {"uv": [2, 0, 2.5, 1], "rotation": 90, "texture": "#2", "tintindex": 0},
				"south": {"uv": [2, 0, 2.5, 1], "rotation": 90, "texture": "#2", "tintindex": 0},
				"west": {"uv": [2, 0, 2.5, 1], "rotation": 90, "texture": "#2", "tintindex": 0},
				"up": {"uv": [2, 0, 2.5, 1], "rotation": 90, "texture": "#2", "tintindex": 0},
				"down": {"uv": [2, 0, 2.5, 1], "rotation": 90, "texture": "#2", "tintindex": 0}
			}
		},
		{
			"from": [8.517, 3.718, 10.2],
			"to": [9.083, 4.118, 16.199],
			"rotation": {"angle": -45, "axis": "z", "origin": [8.8, 4.4, 10.5]},
			"faces": {
				"north": {"uv": [0, 1, 0.5, 1.5], "texture": "#2"},
				"east": {"uv": [0, 0, 0, 0], "texture": "#2"},
				"south": {"uv": [9, 2.5, 9.5, 3], "texture": "#2", "tintindex": 0},
				"west": {"uv": [0, 0, 0, 0], "texture": "#2"},
				"up": {"uv": [8, 1, 2, 1.5], "rotation": 270, "texture": "#2", "tintindex": 0},
				"down": {"uv": [0, 0, 0, 0], "texture": "#2"}
			}
		},
		{
			"from": [7.6, 3.93, 7.60789],
			"to": [8.4, 5.54053, 8.00789],
			"rotation": {"angle": 45, "axis": "x", "origin": [8, 4.75, 7.9]},
			"faces": {
				"north": {"uv": [15.5, 13, 16, 13.5], "rotation": 180, "texture": "#2", "tintindex": 0},
				"east": {"uv": [15.5, 13, 16, 13.5], "rotation": 180, "texture": "#2", "tintindex": 0},
				"south": {"uv": [14.5, 13, 16, 13.5], "rotation": 180, "texture": "#2", "tintindex": 0},
				"west": {"uv": [15.5, 13, 16, 13.5], "rotation": 180, "texture": "#2", "tintindex": 0},
				"up": {"uv": [15.5, 13, 16, 13.5], "rotation": 180, "texture": "#2", "tintindex": 0},
				"down": {"uv": [15.5, 13, 16, 13.5], "rotation": 180, "texture": "#2", "tintindex": 0}
			}
		},
		{
			"from": [7.6, 4.4, 12.8],
			"to": [8.4, 4.9, 15.7],
			"rotation": {"angle": 0, "axis": "y", "origin": [8.4, 7.1, 5.5]},
			"faces": {
				"north": {"uv": [14.5, 0, 16, 0.5], "texture": "#2"},
				"east": {"uv": [6, 1.5, 7, 2.5], "rotation": 90, "texture": "#2", "tintindex": 0},
				"south": {"uv": [8.5, 2.5, 10, 3], "texture": "#2"},
				"west": {"uv": [6, 1.5, 7, 2.5], "texture": "#2", "tintindex": 0},
				"up": {"uv": [15, 2.5, 15.5, 13.5], "texture": "#2", "tintindex": 0},
				"down": {"uv": [14.5, 0, 16, 0.5], "texture": "#2"}
			}
		},
		{
			"from": [7.6, 4.9, 12.1],
			"to": [8.4, 5.23, 15.7],
			"rotation": {"angle": 0, "axis": "y", "origin": [8.4, 7.3, 5.5]},
			"faces": {
				"north": {"uv": [0, 3.5, 2, 4], "rotation": 180, "texture": "#2", "tintindex": 0},
				"east": {"uv": [2.5, 3.5, 8, 4], "rotation": 180, "texture": "#2", "tintindex": 0},
				"south": {"uv": [0, 3.5, 2, 4], "rotation": 180, "texture": "#2", "tintindex": 0},
				"west": {"uv": [2.5, 3.5, 8, 4], "texture": "#2", "tintindex": 0},
				"up": {"uv": [2.5, 3.5, 8, 4], "rotation": 180, "texture": "#2", "tintindex": 0},
				"down": {"uv": [2.5, 3.5, 8, 4], "rotation": 180, "texture": "#2", "tintindex": 0}
			}
		},
		{
			"from": [7.6, 5.22284, 8.24895],
			"to": [8.4, 5.51758, 15.69895],
			"rotation": {"angle": 0, "axis": "y", "origin": [8, 5.40179, 11.18053]},
			"faces": {
				"north": {"uv": [14.5, 0, 16, 0.5], "texture": "#2"},
				"east": {"uv": [15.5, 10.5, 16, 11], "rotation": 270, "texture": "#2", "tintindex": 0},
				"south": {"uv": [8, 1, 9.5, 1.5], "texture": "#2"},
				"west": {"uv": [14.5, 10.5, 15, 11], "rotation": 90, "texture": "#2", "tintindex": 0},
				"up": {"uv": [15, 7, 15.5, 13.5], "texture": "#2", "tintindex": 0},
				"down": {"uv": [14.5, 0, 16, 0.5], "texture": "#2"}
			}
		},
		{
			"from": [7.6, 7.71077, 10.47525],
			"to": [8.4, 8.11077, 10.94368],
			"rotation": {"angle": 45, "axis": "x", "origin": [8, 4.91077, 8.13052]},
			"faces": {
				"north": {"uv": [14.5, 0, 16, 0.5], "texture": "#2"},
				"east": {"uv": [15.5, 10.5, 16, 11], "rotation": 270, "texture": "#2", "tintindex": 0},
				"south": {"uv": [14.5, 0, 16, 0.5], "texture": "#2"},
				"west": {"uv": [14.5, 10.5, 15, 11], "rotation": 90, "texture": "#2", "tintindex": 0},
				"up": {"uv": [15, 2.5, 15.5, 13.5], "texture": "#2", "tintindex": 0},
				"down": {"uv": [14.5, 0, 16, 0.5], "texture": "#2"}
			}
		},
		{
			"from": [7.6, 5.33835, 9.79326],
			"to": [8.4, 5.64888, 9.99326],
			"rotation": {"angle": -45, "axis": "x", "origin": [8, 5.19362, 10.19326]},
			"faces": {
				"north": {"uv": [14.5, 13, 16, 13.5], "rotation": 180, "texture": "#2", "tintindex": 0},
				"east": {"uv": [15.5, 10.5, 16, 11], "texture": "#2", "tintindex": 0},
				"south": {"uv": [14.5, 0, 16, 0.5], "texture": "#2"},
				"west": {"uv": [14.5, 10.5, 15, 11], "texture": "#2", "tintindex": 0},
				"up": {"uv": [14.5, 0, 16, 0.5], "texture": "#2"},
				"down": {"uv": [14.5, 0, 16, 0.5], "rotation": 180, "texture": "#2"}
			}
		},
		{
			"from": [7.6, 5.01, 9.81],
			"to": [8.4, 5.225, 10.295],
			"rotation": {"angle": 0, "axis": "y", "origin": [8, 5.40179, 12.48053]},
			"faces": {
				"north": {"uv": [14.5, 0, 16, 0.5], "texture": "#2"},
				"east": {"uv": [15.5, 10.5, 16, 11], "rotation": 270, "texture": "#2", "tintindex": 0},
				"south": {"uv": [14.5, 0, 16, 0.5], "texture": "#2"},
				"west": {"uv": [14.5, 10.5, 15, 11], "rotation": 90, "texture": "#2", "tintindex": 0},
				"up": {"uv": [15, 2.5, 15.5, 13.5], "texture": "#2", "tintindex": 0},
				"down": {"uv": [14.5, 0, 16, 0.5], "texture": "#2"}
			}
		},
		{
			"from": [7.6, 4.4, 7.5],
			"to": [8.4, 4.7, 8],
			"rotation": {"angle": 0, "axis": "y", "origin": [8.4, 7.1, 6.1]},
			"faces": {
				"north": {"uv": [14.5, 0, 16, 0.5], "texture": "#2"},
				"east": {"uv": [15.5, 10.5, 16, 11], "rotation": 270, "texture": "#2", "tintindex": 0},
				"south": {"uv": [14.5, 0, 16, 0.5], "texture": "#2"},
				"west": {"uv": [14.5, 10.5, 15, 11], "rotation": 90, "texture": "#2", "tintindex": 0},
				"up": {"uv": [15, 2.5, 15.5, 13.5], "texture": "#2", "tintindex": 0},
				"down": {"uv": [14.5, 0, 16, 0.5], "texture": "#2"}
			}
		},
		{
			"from": [7.6, 6.63, 9.20789],
			"to": [8.4, 6.94053, 9.40789],
			"rotation": {"angle": 45, "axis": "x", "origin": [8, 4.75, 7.9]},
			"faces": {
				"north": {"uv": [15, 2.5, 15.5, 13.5], "rotation": 180, "texture": "#2", "tintindex": 0},
				"east": {"uv": [15.5, 10.5, 16, 11], "texture": "#2", "tintindex": 0},
				"south": {"uv": [14.5, 0, 16, 0.5], "texture": "#2"},
				"west": {"uv": [14.5, 10.5, 15, 11], "texture": "#2", "tintindex": 0},
				"up": {"uv": [14.5, 0, 16, 0.5], "texture": "#2"},
				"down": {"uv": [14.5, 0, 16, 0.5], "rotation": 180, "texture": "#2"}
			}
		},
		{
			"from": [7.875, 5.625, 8.34211],
			"to": [8.125, 5.725, 8.74211],
			"rotation": {"angle": 45, "axis": "z", "origin": [8, 5.925, 8.54211]},
			"faces": {
				"north": {"uv": [7.5, 7, 8, 7.5], "rotation": 90, "texture": "#2"},
				"east": {"uv": [7.5, 7, 8, 7.5], "rotation": 270, "texture": "#2"},
				"south": {"uv": [7.5, 7, 8, 7.5], "rotation": 270, "texture": "#2"},
				"west": {"uv": [7.5, 7, 8, 7.5], "rotation": 270, "texture": "#2"},
				"up": {"uv": [7.5, 7, 8, 7.5], "rotation": 270, "texture": "#2"},
				"down": {"uv": [7.5, 7, 8, 7.5], "rotation": 270, "texture": "#2"}
			}
		},
		{
			"from": [7.9, 5.26667, 8.34211],
			"to": [8.1, 5.6, 8.74211],
			"rotation": {"angle": 0, "axis": "y", "origin": [0, 0.7, 3.94211]},
			"faces": {
				"north": {"uv": [7.5, 7, 8, 7.5], "texture": "#2"},
				"east": {"uv": [7.5, 7, 8, 7.5], "texture": "#2"},
				"south": {"uv": [7.5, 7, 8, 7.5], "texture": "#2"},
				"west": {"uv": [7.5, 7, 8, 7.5], "texture": "#2"},
				"up": {"uv": [7.5, 7, 8, 7.5], "texture": "#2"},
				"down": {"uv": [7.5, 7, 8, 7.5], "texture": "#2"}
			}
		},
		{
			"from": [7.95, 5.4, 8.34211],
			"to": [8.05, 5.9, 8.74211],
			"rotation": {"angle": 0, "axis": "y", "origin": [0, 0.7, 3.84211]},
			"faces": {
				"north": {"uv": [7.5, 7, 8, 7.5], "texture": "#2"},
				"east": {"uv": [7.5, 7, 8, 7.5], "texture": "#2"},
				"south": {"uv": [7.5, 7, 8, 7.5], "texture": "#2"},
				"west": {"uv": [7.5, 7, 8, 7.5], "texture": "#2"},
				"up": {"uv": [7.5, 7, 8, 7.5], "texture": "#2"},
				"down": {"uv": [7.5, 7, 8, 7.5], "texture": "#2"}
			}
		},
		{
			"from": [7.875, 5.625, 8.34211],
			"to": [8.125, 5.725, 8.74211],
			"rotation": {"angle": -45, "axis": "z", "origin": [8, 5.925, 8.54211]},
			"faces": {
				"north": {"uv": [7.5, 7, 8, 7.5], "rotation": 90, "texture": "#2"},
				"east": {"uv": [7.5, 7, 8, 7.5], "rotation": 270, "texture": "#2"},
				"south": {"uv": [7.5, 7, 8, 7.5], "rotation": 270, "texture": "#2"},
				"west": {"uv": [7.5, 7, 8, 7.5], "rotation": 270, "texture": "#2"},
				"up": {"uv": [7.5, 7, 8, 7.5], "rotation": 270, "texture": "#2"},
				"down": {"uv": [7.5, 7, 8, 7.5], "rotation": 270, "texture": "#2"}
			}
		},
		{
			"from": [7.875, 5.625, 8.34211],
			"to": [8.125, 5.725, 8.74211],
			"rotation": {"angle": 0, "axis": "z", "origin": [8, 5.925, 8.54211]},
			"faces": {
				"north": {"uv": [7.5, 7, 8, 7.5], "rotation": 90, "texture": "#2"},
				"east": {"uv": [7.5, 7, 8, 7.5], "rotation": 270, "texture": "#2"},
				"south": {"uv": [7.5, 7, 8, 7.5], "rotation": 270, "texture": "#2"},
				"west": {"uv": [7.5, 7, 8, 7.5], "rotation": 270, "texture": "#2"},
				"up": {"uv": [7.5, 7, 8, 7.5], "rotation": 270, "texture": "#2"},
				"down": {"uv": [7.5, 7, 8, 7.5], "rotation": 270, "texture": "#2"}
			}
		},
		{
			"from": [8.2, 5.8, 8.34211],
			"to": [8.3, 6.05, 8.74211],
			"rotation": {"angle": 0, "axis": "z", "origin": [7.29289, 5.94289, 8.54211]},
			"faces": {
				"north": {"uv": [7.5, 7, 8, 7.5], "texture": "#2"},
				"east": {"uv": [7.5, 7, 8, 7.5], "texture": "#2"},
				"south": {"uv": [7.5, 7, 8, 7.5], "texture": "#2"},
				"west": {"uv": [7.5, 7, 8, 7.5], "texture": "#2"},
				"up": {"uv": [7.5, 7, 8, 7.5], "texture": "#2"},
				"down": {"uv": [7.5, 7, 8, 7.5], "texture": "#2"}
			}
		},
		{
			"from": [8.2, 5.8, 8.34211],
			"to": [8.3, 6.05, 8.74211],
			"rotation": {"angle": 45, "axis": "z", "origin": [8, 5.925, 8.54211]},
			"faces": {
				"north": {"uv": [7.5, 7, 8, 7.5], "rotation": 180, "texture": "#2"},
				"east": {"uv": [7.5, 7, 8, 7.5], "rotation": 180, "texture": "#2"},
				"south": {"uv": [7.5, 7, 8, 7.5], "rotation": 180, "texture": "#2"},
				"west": {"uv": [7.5, 7, 8, 7.5], "rotation": 180, "texture": "#2"},
				"up": {"uv": [7.5, 7, 8, 7.5], "rotation": 180, "texture": "#2"},
				"down": {"uv": [7.5, 7, 8, 7.5], "rotation": 180, "texture": "#2"}
			}
		},
		{
			"from": [7.875, 6.125, 8.34211],
			"to": [8.125, 6.225, 8.74211],
			"rotation": {"angle": 0, "axis": "z", "origin": [8, 5.925, 8.54211]},
			"faces": {
				"north": {"uv": [7.5, 7, 8, 7.5], "rotation": 90, "texture": "#2"},
				"east": {"uv": [7.5, 7, 8, 7.5], "rotation": 270, "texture": "#2"},
				"south": {"uv": [7.5, 7, 8, 7.5], "rotation": 270, "texture": "#2"},
				"west": {"uv": [7.5, 7, 8, 7.5], "rotation": 270, "texture": "#2"},
				"up": {"uv": [7.5, 7, 8, 7.5], "rotation": 270, "texture": "#2"},
				"down": {"uv": [7.5, 7, 8, 7.5], "rotation": 270, "texture": "#2"}
			}
		},
		{
			"from": [7.875, 6.125, 8.34211],
			"to": [8.125, 6.225, 8.74211],
			"rotation": {"angle": 45, "axis": "z", "origin": [8, 5.925, 8.54211]},
			"faces": {
				"north": {"uv": [7.5, 7, 8, 7.5], "rotation": 270, "texture": "#2"},
				"east": {"uv": [7.5, 7, 8, 7.5], "rotation": 90, "texture": "#2"},
				"south": {"uv": [7.5, 7, 8, 7.5], "rotation": 90, "texture": "#2"},
				"west": {"uv": [7.5, 7, 8, 7.5], "rotation": 90, "texture": "#2"},
				"up": {"uv": [7.5, 7, 8, 7.5], "rotation": 90, "texture": "#2"},
				"down": {"uv": [7.5, 7, 8, 7.5], "rotation": 90, "texture": "#2"}
			}
		},
		{
			"from": [7.7, 5.8, 8.34211],
			"to": [7.8, 6.05, 8.74211],
			"rotation": {"angle": 0, "axis": "z", "origin": [7.29289, 5.94289, 8.54211]},
			"faces": {
				"north": {"uv": [7.5, 7, 8, 7.5], "texture": "#2"},
				"east": {"uv": [7.5, 7, 8, 7.5], "texture": "#2"},
				"south": {"uv": [7.5, 7, 8, 7.5], "texture": "#2"},
				"west": {"uv": [7.5, 7, 8, 7.5], "texture": "#2"},
				"up": {"uv": [7.5, 7, 8, 7.5], "texture": "#2"},
				"down": {"uv": [7.5, 7, 8, 7.5], "texture": "#2"}
			}
		},
		{
			"from": [8.4, 5.7, 14.37],
			"to": [8.5, 6.075, 15.224],
			"rotation": {"angle": 0, "axis": "y", "origin": [0.9, -0.2, -0.6]},
			"faces": {
				"north": {"uv": [7.5, 7, 8, 7.5], "texture": "#2"},
				"east": {"uv": [7.5, 7, 8, 7.5], "texture": "#2"},
				"south": {"uv": [7.5, 7, 8, 7.5], "texture": "#2"},
				"west": {"uv": [7.5, 7, 8, 7.5], "texture": "#2"},
				"up": {"uv": [7.5, 7, 8, 7.5], "texture": "#2"},
				"down": {"uv": [7.5, 7, 8, 7.5], "texture": "#2"}
			}
		},
		{
			"from": [8.4, 5.615, 15.025],
			"to": [8.5, 6.14127, 15.40395],
			"rotation": {"angle": -45, "axis": "x", "origin": [8.45, 5.88947, 15.39629]},
			"faces": {
				"north": {"uv": [7.5, 7, 8, 7.5], "rotation": 180, "texture": "#2"},
				"east": {"uv": [7.5, 7, 8, 7.5], "rotation": 270, "texture": "#2"},
				"south": {"uv": [7.5, 7, 8, 7.5], "texture": "#2"},
				"west": {"uv": [7.5, 7, 8, 7.5], "rotation": 90, "texture": "#2"},
				"up": {"uv": [7.5, 7, 8, 7.5], "rotation": 180, "texture": "#2"},
				"down": {"uv": [7.5, 7, 8, 7.5], "texture": "#2"}
			}
		},
		{
			"from": [7.5, 5.42105, 14.37],
			"to": [8.5, 5.70105, 15.595],
			"rotation": {"angle": 0, "axis": "y", "origin": [0, -0.1, -0.6]},
			"faces": {
				"north": {"uv": [7.5, 7, 8, 7.5], "texture": "#2"},
				"east": {"uv": [7.5, 7, 8, 7.5], "texture": "#2"},
				"south": {"uv": [7.5, 7, 8, 7.5], "texture": "#2"},
				"west": {"uv": [7.5, 7, 8, 7.5], "texture": "#2"},
				"up": {"uv": [7.5, 7, 8, 7.5], "texture": "#2"},
				"down": {"uv": [7.5, 7, 8, 7.5], "texture": "#2"}
			}
		},
		{
			"from": [7.6, 5.7, 14.67],
			"to": [8.4, 5.775, 14.895],
			"rotation": {"angle": 0, "axis": "y", "origin": [0, -0.2, -0.6]},
			"faces": {
				"north": {"uv": [7.5, 7, 8, 7.5], "texture": "#2"},
				"east": {"uv": [7.5, 7, 8, 7.5], "texture": "#2"},
				"south": {"uv": [7.5, 7, 8, 7.5], "texture": "#2"},
				"west": {"uv": [7.5, 7, 8, 7.5], "texture": "#2"},
				"up": {"uv": [7.5, 7, 8, 7.5], "texture": "#2"},
				"down": {"uv": [7.5, 7, 8, 7.5], "texture": "#2"}
			}
		},
		{
			"from": [7.8, 5.775, 14.74037],
			"to": [8.2, 5.825, 14.82463],
			"rotation": {"angle": 0, "axis": "y", "origin": [0, -0.2, -0.6]},
			"faces": {
				"north": {"uv": [7.5, 7, 8, 7.5], "texture": "#2"},
				"east": {"uv": [7.5, 7, 8, 7.5], "texture": "#2"},
				"south": {"uv": [7.5, 7, 8, 7.5], "texture": "#2"},
				"west": {"uv": [7.5, 7, 8, 7.5], "texture": "#2"},
				"up": {"uv": [7.5, 7, 8, 7.5], "texture": "#2"},
				"down": {"uv": [7.5, 7, 8, 7.5], "texture": "#2"}
			}
		},
		{
			"from": [7.8, 5.825, 14.74037],
			"to": [7.9, 6.02555, 14.82463],
			"rotation": {"angle": 0, "axis": "y", "origin": [0, -0.2, -0.6]},
			"faces": {
				"north": {"uv": [7.5, 7, 8, 7.5], "texture": "#2"},
				"east": {"uv": [7.5, 7, 8, 7.5], "texture": "#2"},
				"south": {"uv": [7.5, 7, 8, 7.5], "texture": "#2"},
				"west": {"uv": [7.5, 7, 8, 7.5], "texture": "#2"},
				"up": {"uv": [7.5, 7, 8, 7.5], "texture": "#2"},
				"down": {"uv": [7.5, 7, 8, 7.5], "texture": "#2"}
			}
		},
		{
			"from": [7.8, 6.025, 14.74037],
			"to": [8.2, 6.075, 14.82463],
			"rotation": {"angle": 0, "axis": "y", "origin": [0, -0.2, -0.6]},
			"faces": {
				"north": {"uv": [7.5, 7, 8, 7.5], "texture": "#2"},
				"east": {"uv": [7.5, 7, 8, 7.5], "texture": "#2"},
				"south": {"uv": [7.5, 7, 8, 7.5], "texture": "#2"},
				"west": {"uv": [7.5, 7, 8, 7.5], "texture": "#2"},
				"up": {"uv": [7.5, 7, 8, 7.5], "texture": "#2"},
				"down": {"uv": [7.5, 7, 8, 7.5], "texture": "#2"}
			}
		},
		{
			"from": [8.1, 5.825, 14.74037],
			"to": [8.2, 6.02555, 14.82463],
			"rotation": {"angle": 0, "axis": "y", "origin": [0, -0.2, -0.6]},
			"faces": {
				"north": {"uv": [7.5, 7, 8, 7.5], "texture": "#2"},
				"east": {"uv": [7.5, 7, 8, 7.5], "texture": "#2"},
				"south": {"uv": [7.5, 7, 8, 7.5], "texture": "#2"},
				"west": {"uv": [7.5, 7, 8, 7.5], "texture": "#2"},
				"up": {"uv": [7.5, 7, 8, 7.5], "texture": "#2"},
				"down": {"uv": [7.5, 7, 8, 7.5], "texture": "#2"}
			}
		},
		{
			"from": [7.5, 5.615, 15.025],
			"to": [7.6, 6.14127, 15.40395],
			"rotation": {"angle": -45, "axis": "x", "origin": [7.55, 5.88947, 15.39629]},
			"faces": {
				"north": {"uv": [7.5, 7, 8, 7.5], "rotation": 180, "texture": "#2"},
				"east": {"uv": [7.5, 7, 8, 7.5], "rotation": 270, "texture": "#2"},
				"south": {"uv": [7.5, 7, 8, 7.5], "texture": "#2"},
				"west": {"uv": [7.5, 7, 8, 7.5], "rotation": 90, "texture": "#2"},
				"up": {"uv": [7.5, 7, 8, 7.5], "rotation": 180, "texture": "#2"},
				"down": {"uv": [7.5, 7, 8, 7.5], "texture": "#2"}
			}
		},
		{
			"from": [7.5, 5.7, 14.37],
			"to": [7.6, 6.075, 15.224],
			"rotation": {"angle": 0, "axis": "y", "origin": [0, -0.2, -0.6]},
			"faces": {
				"north": {"uv": [7.5, 7, 8, 7.5], "texture": "#2"},
				"east": {"uv": [7.5, 7, 8, 7.5], "texture": "#2"},
				"south": {"uv": [7.5, 7, 8, 7.5], "texture": "#2"},
				"west": {"uv": [7.5, 7, 8, 7.5], "texture": "#2"},
				"up": {"uv": [7.5, 7, 8, 7.5], "texture": "#2"},
				"down": {"uv": [7.5, 7, 8, 7.5], "texture": "#2"}
			}
		},
		{
			"from": [7.4, -0.7, 13.2],
			"to": [8.6, 2.6, 14.5],
			"rotation": {"angle": -22.5, "axis": "x", "origin": [8, 4.9, 14.5]},
			"faces": {
				"north": {"uv": [13, 0, 14, 3.5], "texture": "#2"},
				"east": {"uv": [12, 0, 13, 3.5], "texture": "#2"},
				"south": {"uv": [11, 0, 12, 3.5], "texture": "#2"},
				"west": {"uv": [10, 0, 11, 3.5], "texture": "#2"},
				"up": {"uv": [0, 0, 0, 0], "texture": "#2"},
				"down": {"uv": [11, 3.5, 10, 4.5], "texture": "#2"}
			}
		},
		{
			"from": [7.6, 0.90032, 12.96977],
			"to": [8.45, 1.50032, 14.76977],
			"rotation": {"angle": 0, "axis": "y", "origin": [7.5, 8.35032, 7.46977]},
			"faces": {
				"north": {"uv": [5, 0, 6, 0.5], "texture": "#2"},
				"east": {"uv": [5, 0, 6, 0.5], "texture": "#2"},
				"south": {"uv": [5, 0, 6, 0.5], "texture": "#2"},
				"west": {"uv": [5, 0, 6, 0.5], "texture": "#2"},
				"up": {"uv": [5, 0, 6, 0.5], "texture": "#2"},
				"down": {"uv": [5, 0, 6, 0.5], "texture": "#2"}
			}
		},
		{
			"from": [7.8, 1.575, 13.825],
			"to": [8.2, 2.3, 14.15],
			"rotation": {"angle": 0, "axis": "y", "origin": [0, 0.4, -0.5]},
			"faces": {
				"north": {"uv": [8.5, 1.5, 9, 2], "texture": "#2"},
				"east": {"uv": [8.5, 1.5, 9, 2], "texture": "#2"},
				"south": {"uv": [8.5, 1.5, 9, 2], "texture": "#2"},
				"west": {"uv": [8.5, 1.5, 9, 2], "texture": "#2"},
				"up": {"uv": [8.5, 1.5, 9, 2], "texture": "#2"},
				"down": {"uv": [8.5, 1.5, 9, 2], "texture": "#2"}
			}
		},
		{
			"from": [7.5, -0.04, 11.2],
			"to": [8.5, 1.26, 12.7],
			"rotation": {"angle": 0, "axis": "y", "origin": [0, 0.76, -0.5]},
			"faces": {
				"north": {"uv": [10, 8.5, 9.5, 9], "texture": "#2"},
				"east": {"uv": [11, 7.5, 9.5, 9], "texture": "#2"},
				"south": {"uv": [10, 8.5, 9.5, 9], "texture": "#2"},
				"west": {"uv": [10, 8.5, 9.5, 9], "texture": "#2"},
				"up": {"uv": [10, 8.5, 9.5, 9], "texture": "#2"},
				"down": {"uv": [10, 8.5, 9.5, 9], "texture": "#2"}
			}
		},
		{
			"from": [7.2, 1.26, 10.7],
			"to": [8.8, 2.25, 13.2],
			"rotation": {"angle": 0, "axis": "y", "origin": [8, 8.71, 7.5]},
			"faces": {
				"north": {"uv": [0, 3.5, 2, 5.5], "texture": "#2", "tintindex": 0},
				"east": {"uv": [5.5, 4, 2, 5.5], "texture": "#2", "tintindex": 0},
				"south": {"uv": [8.5, 2, 10, 2.5], "texture": "#2", "tintindex": 0},
				"west": {"uv": [2, 4, 5.5, 5.5], "texture": "#2", "tintindex": 0},
				"up": {"uv": [0, 0, 0, 0], "texture": "#2"},
				"down": {"uv": [2, 5.5, 5.5, 7.5], "rotation": 90, "texture": "#2", "tintindex": 0}
			}
		},
		{
			"from": [7.2, 0.625, 9.495],
			"to": [8.8, 1.34, 11.685],
			"rotation": {"angle": 45, "axis": "x", "origin": [8, 2.135, 11.95]},
			"faces": {
				"north": {"uv": [0, 0, 0, 0], "rotation": 180, "texture": "#2"},
				"east": {"uv": [3, 4.5, 2, 5.5], "rotation": 90, "texture": "#2", "tintindex": 0},
				"south": {"uv": [2, 5.5, 5.5, 7.5], "rotation": 90, "texture": "#2", "tintindex": 0},
				"west": {"uv": [2, 5, 4.5, 5.5], "rotation": 270, "texture": "#2", "tintindex": 0},
				"up": {"uv": [5.5, 5.5, 7.5, 7.5], "texture": "#2", "tintindex": 0},
				"down": {"uv": [0, 3.5, 2, 5.5], "rotation": 180, "texture": "#2", "tintindex": 0}
			}
		},
		{
			"from": [7.5, 3.76, 10.5],
			"to": [8.5, 5.06, 12],
			"rotation": {"angle": 22.5, "axis": "x", "origin": [0, 0.76, -0.5]},
			"faces": {
				"north": {"uv": [9.5, 9, 9, 9.5], "texture": "#2"},
				"east": {"uv": [11, 8.5, 9.5, 10], "texture": "#2"},
				"south": {"uv": [9.5, 9, 9, 9.5], "texture": "#2"},
				"west": {"uv": [9.5, 9, 9, 9.5], "texture": "#2"},
				"up": {"uv": [9.5, 9, 9, 9.5], "texture": "#2"},
				"down": {"uv": [9.5, 9, 9, 9.5], "texture": "#2"}
			}
		},
		{
			"from": [7.2, 3.2, 4.999],
			"to": [7.3, 3.79, 10.2],
			"rotation": {"angle": 0, "axis": "y", "origin": [8, 8.6, 6.7]},
			"faces": {
				"north": {"uv": [0, 11.5, 0.5, 12], "texture": "#2", "tintindex": 0},
				"east": {"uv": [0, 11.5, 0.5, 12], "texture": "#2", "tintindex": 0},
				"south": {"uv": [0, 11.5, 0.5, 12], "texture": "#2", "tintindex": 0},
				"west": {"uv": [0, 11.5, 0.5, 12], "texture": "#2", "tintindex": 0},
				"up": {"uv": [0, 11.5, 0.5, 12], "texture": "#2", "tintindex": 0},
				"down": {"uv": [0, 11.5, 0.5, 12], "texture": "#2", "tintindex": 0}
			}
		},
		{
			"from": [7.2, 3.79, 5.209],
			"to": [7.3, 4, 10.2],
			"rotation": {"angle": 0, "axis": "y", "origin": [8, 8.6, 6.7]},
			"faces": {
				"north": {"uv": [0, 11.5, 0.5, 12], "texture": "#2", "tintindex": 0},
				"east": {"uv": [0, 11.5, 0.5, 12], "texture": "#2", "tintindex": 0},
				"south": {"uv": [0, 11.5, 0.5, 12], "texture": "#2", "tintindex": 0},
				"west": {"uv": [0, 11.5, 0.5, 12], "texture": "#2", "tintindex": 0},
				"up": {"uv": [0, 11.5, 0.5, 12], "texture": "#2", "tintindex": 0},
				"down": {"uv": [0, 11.5, 0.5, 12], "texture": "#2", "tintindex": 0}
			}
		},
		{
			"from": [7.2, 3.745, 5.104],
			"to": [7.3, 4.045, 5.314],
			"rotation": {"angle": 45, "axis": "x", "origin": [7.25, 3.895, 5.104]},
			"faces": {
				"north": {"uv": [0, 11.5, 0.5, 12], "rotation": 180, "texture": "#2", "tintindex": 0},
				"east": {"uv": [0, 11.5, 0.5, 12], "rotation": 90, "texture": "#2", "tintindex": 0},
				"south": {"uv": [0, 11.5, 0.5, 12], "texture": "#2", "tintindex": 0},
				"west": {"uv": [0, 11.5, 0.5, 12], "rotation": 270, "texture": "#2", "tintindex": 0},
				"up": {"uv": [0, 11.5, 0.5, 12], "texture": "#2", "tintindex": 0},
				"down": {"uv": [0, 11.5, 0.5, 12], "rotation": 180, "texture": "#2", "tintindex": 0}
			}
		},
		{
			"from": [8.7, 3.2, 4.999],
			"to": [8.8, 3.79, 10.2],
			"rotation": {"angle": 0, "axis": "y", "origin": [9.5, 8.6, 6.7]},
			"faces": {
				"north": {"uv": [0, 11.5, 0.5, 12], "texture": "#2", "tintindex": 0},
				"east": {"uv": [0, 11.5, 0.5, 12], "texture": "#2", "tintindex": 0},
				"south": {"uv": [0, 11.5, 0.5, 12], "texture": "#2", "tintindex": 0},
				"west": {"uv": [0, 11.5, 0.5, 12], "texture": "#2", "tintindex": 0},
				"up": {"uv": [0, 11.5, 0.5, 12], "texture": "#2", "tintindex": 0},
				"down": {"uv": [0, 11.5, 0.5, 12], "texture": "#2", "tintindex": 0}
			}
		},
		{
			"from": [8.7, 3.745, 5.104],
			"to": [8.8, 4.045, 5.314],
			"rotation": {"angle": 45, "axis": "x", "origin": [8.75, 3.895, 5.104]},
			"faces": {
				"north": {"uv": [0, 11.5, 0.5, 12], "rotation": 180, "texture": "#2", "tintindex": 0},
				"east": {"uv": [0, 11.5, 0.5, 12], "rotation": 90, "texture": "#2", "tintindex": 0},
				"south": {"uv": [0, 11.5, 0.5, 12], "texture": "#2", "tintindex": 0},
				"west": {"uv": [0, 11.5, 0.5, 12], "rotation": 270, "texture": "#2", "tintindex": 0},
				"up": {"uv": [0, 11.5, 0.5, 12], "texture": "#2", "tintindex": 0},
				"down": {"uv": [0, 11.5, 0.5, 12], "rotation": 180, "texture": "#2", "tintindex": 0}
			}
		},
		{
			"from": [8.7, 3.79, 5.209],
			"to": [8.8, 4, 10.2],
			"rotation": {"angle": 0, "axis": "y", "origin": [9.5, 8.6, 6.7]},
			"faces": {
				"north": {"uv": [0, 11.5, 0.5, 12], "texture": "#2", "tintindex": 0},
				"east": {"uv": [0, 11.5, 0.5, 12], "texture": "#2", "tintindex": 0},
				"south": {"uv": [0, 11.5, 0.5, 12], "texture": "#2", "tintindex": 0},
				"west": {"uv": [0, 11.5, 0.5, 12], "texture": "#2", "tintindex": 0},
				"up": {"uv": [0, 11.5, 0.5, 12], "texture": "#2", "tintindex": 0},
				"down": {"uv": [0, 11.5, 0.5, 12], "texture": "#2", "tintindex": 0}
			}
		},
		{
			"from": [6.915, 4.0172, 5.21053],
			"to": [7.481, 4.1172, 10.2],
			"rotation": {"angle": 45, "axis": "z", "origin": [7.2, 4.4, 10.5]},
			"faces": {
				"north": {"uv": [1.5, 11.5, 2, 12], "texture": "#2", "tintindex": 0},
				"east": {"uv": [1.5, 11.5, 2, 12], "texture": "#2", "tintindex": 0},
				"south": {"uv": [1.5, 11.5, 2, 12], "texture": "#2", "tintindex": 0},
				"west": {"uv": [1.5, 11.5, 2, 12], "texture": "#2", "tintindex": 0},
				"up": {"uv": [0, 13.5, 7.5, 14], "rotation": 90, "texture": "#2", "tintindex": 0},
				"down": {"uv": [0, 13.5, 7.5, 14], "rotation": 270, "texture": "#2", "tintindex": 0}
			}
		},
		{
			"from": [7.6, 2.8, 4.999],
			"to": [8.4, 4, 10.199],
			"rotation": {"angle": 0, "axis": "y", "origin": [8, 8, 6.7]},
			"faces": {
				"north": {"uv": [0.5, 11, 1.5, 11.5], "texture": "#2", "tintindex": 0},
				"east": {"uv": [0.5, 11, 1.5, 11.5], "texture": "#2", "tintindex": 0},
				"south": {"uv": [0.5, 11, 1.5, 11.5], "texture": "#2", "tintindex": 0},
				"west": {"uv": [0.5, 11, 1.5, 11.5], "texture": "#2", "tintindex": 0},
				"up": {"uv": [0.5, 11, 1.5, 11.5], "texture": "#2", "tintindex": 0},
				"down": {"uv": [0.5, 11, 1.5, 11.5], "texture": "#2", "tintindex": 0}
			}
		},
		{
			"from": [8.4, 2.8, 4.999],
			"to": [8.8, 3.2, 10.199],
			"rotation": {"angle": 0, "axis": "y", "origin": [8, 8, 6.7]},
			"faces": {
				"north": {"uv": [0.5, 14.5, 1, 15], "texture": "#2"},
				"east": {"uv": [0.5, 14.5, 1, 15], "texture": "#2"},
				"south": {"uv": [0.5, 14.5, 1, 15], "texture": "#2"},
				"west": {"uv": [0.5, 14.5, 1, 15], "texture": "#2"},
				"up": {"uv": [0.5, 14.5, 1, 15], "texture": "#2"},
				"down": {"uv": [0.5, 14.5, 1, 15], "texture": "#2"}
			}
		},
		{
			"from": [7.2, 2.8, 4.999],
			"to": [7.6, 3.2, 10.199],
			"rotation": {"angle": 0, "axis": "y", "origin": [8, 8, 6.7]},
			"faces": {
				"north": {"uv": [1.5, 14.5, 2, 15], "texture": "#2"},
				"east": {"uv": [0, 1, 0.5, 1.5], "texture": "#2"},
				"south": {"uv": [0, 1, 0.5, 1.5], "texture": "#2"},
				"west": {"uv": [0, 1, 0.5, 1.5], "texture": "#2"},
				"up": {"uv": [0, 1, 0.5, 1.5], "texture": "#2"},
				"down": {"uv": [2, 1, 2.5, 1.5], "texture": "#2"}
			}
		},
		{
			"from": [8.517, 4.018, 5.21053],
			"to": [9.083, 4.118, 10.2],
			"rotation": {"angle": -45, "axis": "z", "origin": [8.8, 4.4, 10.5]},
			"faces": {
				"north": {"uv": [0, 13.5, 0.5, 14], "rotation": 90, "texture": "#2", "tintindex": 0},
				"east": {"uv": [0, 13.5, 7.5, 14], "rotation": 90, "texture": "#2", "tintindex": 0},
				"south": {"uv": [0, 13.5, 7.5, 14], "rotation": 90, "texture": "#2", "tintindex": 0},
				"west": {"uv": [0, 13.5, 7.5, 14], "rotation": 90, "texture": "#2", "tintindex": 0},
				"up": {"uv": [0, 13.5, 7.5, 14], "rotation": 90, "texture": "#2", "tintindex": 0},
				"down": {"uv": [0, 13.5, 7.5, 14], "rotation": 270, "texture": "#2", "tintindex": 0}
			}
		},
		{
			"from": [7.5, 3.3, 1.6],
			"to": [7.75, 3.9, 12],
			"faces": {
				"north": {"uv": [7.5, 13, 8, 13.5], "texture": "#2"},
				"east": {"uv": [7.5, 13, 8, 13.5], "texture": "#2"},
				"south": {"uv": [0, 0, 0, 0], "texture": "#2"},
				"west": {"uv": [7.5, 14.5, 16, 15], "texture": "#2"},
				"up": {"uv": [0, 0, 0, 0], "texture": "#2"},
				"down": {"uv": [0, 0, 0, 0], "texture": "#2"}
			}
		},
		{
			"from": [7.42929, 3.87071, 1.601],
			"to": [7.62929, 4.15271, 12.001],
			"rotation": {"angle": -45, "axis": "z", "origin": [7.5, 3.8, 1]},
			"faces": {
				"north": {"uv": [7.5, 13, 8, 13.5], "texture": "#2"},
				"east": {"uv": [0, 0, 0, 0], "texture": "#2"},
				"south": {"uv": [0, 0, 0, 0], "texture": "#2"},
				"west": {"uv": [7.5, 14, 16, 14.5], "texture": "#2"},
				"up": {"uv": [0, 0, 0, 0], "texture": "#2"},
				"down": {"uv": [0, 0, 0, 0], "texture": "#2"}
			}
		},
		{
			"from": [7.7, 3.85, 1.6],
			"to": [8.3, 4.1, 8.5],
			"faces": {
				"north": {"uv": [7.5, 13, 8, 13.5], "texture": "#2"},
				"east": {"uv": [0, 0, 0, 0], "texture": "#2"},
				"south": {"uv": [0, 0, 0, 0], "texture": "#2"},
				"west": {"uv": [0, 0, 0, 0], "texture": "#2"},
				"up": {"uv": [7.5, 13.5, 16, 14], "rotation": 90, "texture": "#2"},
				"down": {"uv": [8, 13, 7.5, 13.5], "texture": "#2"}
			}
		},
		{
			"from": [8.22929, 2.98871, 1.601],
			"to": [8.42929, 3.27071, 12.001],
			"rotation": {"angle": -45, "axis": "z", "origin": [8.5, 3.2, 1]},
			"faces": {
				"north": {"uv": [7.5, 13, 8, 13.5], "texture": "#2"},
				"east": {"uv": [7.5, 15, 16, 15.5], "rotation": 180, "texture": "#2"},
				"south": {"uv": [0, 0, 0, 0], "texture": "#2"},
				"west": {"uv": [0, 0, 0, 0], "texture": "#2"},
				"up": {"uv": [0, 0, 0, 0], "texture": "#2"},
				"down": {"uv": [0, 0, 0, 0], "texture": "#2"}
			}
		},
		{
			"from": [8.37071, 3.87071, 1.601],
			"to": [8.57071, 4.15271, 12.001],
			"rotation": {"angle": 45, "axis": "z", "origin": [8.5, 3.8, 1]},
			"faces": {
				"north": {"uv": [7.5, 13, 8, 13.5], "texture": "#2"},
				"east": {"uv": [7.5, 14, 16, 14.5], "rotation": 180, "texture": "#2"},
				"south": {"uv": [0, 0, 0, 0], "texture": "#2"},
				"west": {"uv": [0, 0, 0, 0], "texture": "#2"},
				"up": {"uv": [0, 0, 0, 0], "texture": "#2"},
				"down": {"uv": [0, 0, 0, 0], "texture": "#2"}
			}
		},
		{
			"from": [8.25, 3.3, 1.6],
			"to": [8.5, 3.9, 12],
			"faces": {
				"north": {"uv": [7.5, 13, 8, 13.5], "texture": "#2"},
				"east": {"uv": [7.5, 14.5, 16, 15], "rotation": 180, "texture": "#2"},
				"south": {"uv": [0, 0, 0, 0], "texture": "#2"},
				"west": {"uv": [7.5, 13, 8, 13.5], "texture": "#2"},
				"up": {"uv": [0, 0, 0, 0], "texture": "#2"},
				"down": {"uv": [0, 0, 0, 0], "texture": "#2"}
			}
		},
		{
			"from": [7.7, 3.1, 1.6],
			"to": [8.3, 3.35, 12],
			"faces": {
				"north": {"uv": [7.5, 13, 8, 13.5], "texture": "#2"},
				"east": {"uv": [0, 0, 0, 0], "texture": "#2"},
				"south": {"uv": [0, 0, 0, 0], "texture": "#2"},
				"west": {"uv": [0, 0, 0, 0], "texture": "#2"},
				"up": {"uv": [8, 13.5, 7.5, 13], "texture": "#2"},
				"down": {"uv": [7.5, 15.5, 16, 16], "rotation": 270, "texture": "#2"}
			}
		},
		{
			"from": [7.57071, 2.98871, 1.601],
			"to": [7.77071, 3.27071, 12.001],
			"rotation": {"angle": 45, "axis": "z", "origin": [7.5, 3.2, 1]},
			"faces": {
				"north": {"uv": [7.5, 13, 8, 13.5], "texture": "#2"},
				"east": {"uv": [0, 0, 0, 0], "texture": "#2"},
				"south": {"uv": [0, 0, 0, 0], "texture": "#2"},
				"west": {"uv": [7.5, 15, 16, 15.5], "texture": "#2"},
				"up": {"uv": [0, 0, 0, 0], "texture": "#2"},
				"down": {"uv": [0, 0, 0, 0], "texture": "#2"}
			}
		},
		{
			"from": [7.4, 2.63333, 5],
			"to": [8.6, 2.8, 10],
			"rotation": {"angle": 0, "axis": "y", "origin": [8.4, 7.4, 6]},
			"faces": {
				"north": {"uv": [9.5, 6.5, 10, 7], "texture": "#2", "tintindex": 0},
				"east": {"uv": [9.5, 6.5, 10, 7], "texture": "#2", "tintindex": 0},
				"south": {"uv": [9.5, 6.5, 10, 7], "texture": "#2", "tintindex": 0},
				"west": {"uv": [9.5, 6.5, 10, 7], "texture": "#2", "tintindex": 0},
				"up": {"uv": [9.5, 6.5, 10, 7], "texture": "#2", "tintindex": 0},
				"down": {"uv": [9.5, 6.5, 10, 7], "texture": "#2", "tintindex": 0}
			}
		},
		{
			"from": [7.6, 2.33333, 5],
			"to": [8.4, 2.63333, 8],
			"rotation": {"angle": 0, "axis": "y", "origin": [8.4, 7.4, 6]},
			"faces": {
				"north": {"uv": [9.5, 6.5, 10, 7], "texture": "#2", "tintindex": 0},
				"east": {"uv": [9.5, 6.5, 10, 7], "texture": "#2", "tintindex": 0},
				"south": {"uv": [9.5, 6.5, 10, 7], "texture": "#2", "tintindex": 0},
				"west": {"uv": [9.5, 6.5, 10, 7], "texture": "#2", "tintindex": 0},
				"up": {"uv": [9.5, 6.5, 10, 7], "texture": "#2", "tintindex": 0},
				"down": {"uv": [9.5, 3.5, 10, 7], "texture": "#2", "tintindex": 0}
			}
		},
		{
			"from": [6.915, 3.7172, 10.2],
			"to": [7.481, 4.1172, 16.199],
			"rotation": {"angle": 45, "axis": "z", "origin": [7.2, 4.4, 10.5]},
			"faces": {
				"north": {"uv": [1.5, 1, 2, 1.5], "texture": "#2"},
				"east": {"uv": [0, 0, 0, 0], "texture": "#2"},
				"south": {"uv": [8, 2.5, 8.5, 3], "texture": "#2", "tintindex": 0},
				"west": {"uv": [0, 0, 0, 0], "texture": "#2"},
				"up": {"uv": [2, 1, 8, 1.5], "rotation": 90, "texture": "#2", "tintindex": 0},
				"down": {"uv": [0, 0, 0, 0], "texture": "#2"}
			}
		}
	],
	"display": {
		"thirdperson_righthand": {
			"translation": [0, 6.5, -6.75],
			"scale": [1.1, 1.1, 1.1]
		},
		"firstperson_righthand": {
			"translation": [-3.5, 8.5, 0],
			"scale": [0.8, 0.8, 0.8]
		},
		"firstperson_lefthand": {
			"translation": [3.75, -3.25, 0]
		},
		"ground": {
			"translation": [0, 5, -1]
		},
		"gui": {
			"rotation": [30, 225, 0],
			"translation": [1.25, 4.5, 0],
			"scale": [1.2, 1.2, 1.2]
		},
		"fixed": {
			"rotation": [0, 90, 0],
			"translation": [-3.25, 11.25, -2],
			"scale": [2, 2, 2]
		}
	},
	"groups": [
		{
			"name": "assault_rifle",
			"origin": [8, 8, 8],
			"color": 0,
			"children": [
				0,
				1,
				2,
				3,
				4,
				5,
				6,
				{
					"name": "sight",
					"origin": [0, -0.2, -0.1],
					"color": 0,
					"children": [7, 8, 9, 10, 11, 12, 13, 14, 15, 16, 17, 18, 19, 20, 21, 22, 23, 24, 25, 26, 27, 28, 29, 30, 31, 32, 33, 34, 35]
				},
				{
					"name": "Grip",
					"origin": [0, 0.4, 0],
					"color": 0,
					"children": [36, 37, 38]
				},
				{
					"name": "mag",
					"origin": [0, 0.76, 0],
					"color": 0,
					"children": [39, 40, 41, 42]
				},
				43,
				44,
				45,
				46,
				47,
				48,
				49,
				50,
				51,
				52,
				53,
				54,
				55,
				56,
				57,
				58,
				59,
				60,
				61,
				62,
				63,
				64
			]
		}
	]
}