{
	"credit": "Made by AlanorMiga with Blockbench",
	"texture_size": [32, 32],
	"textures": {
		"2": "moguns:items/g36c"
	},
	"elements": [
		{
			"from": [7.7, 4.4, 9],
			"to": [8.3, 4.7, 12.8],
			"rotation": {"angle": 0, "axis": "y", "origin": [8.4, 7.1, 5.5]},
			"faces": {
				"north": {"uv": [15.5, 10.5, 16, 11], "rotation": 270, "texture": "#2", "tintindex": 0},
				"east": {"uv": [15.5, 10.5, 16, 11], "rotation": 270, "texture": "#2", "tintindex": 0},
				"south": {"uv": [15.5, 10.5, 16, 11], "rotation": 270, "texture": "#2", "tintindex": 0},
				"west": {"uv": [15.5, 10.5, 16, 11], "rotation": 270, "texture": "#2", "tintindex": 0},
				"up": {"uv": [15.5, 10.5, 16, 11], "rotation": 270, "texture": "#2", "tintindex": 0},
				"down": {"uv": [15.5, 10.5, 16, 11], "rotation": 270, "texture": "#2", "tintindex": 0}
			}
		}
	],
	"display": {
		"thirdperson_righthand": {
			"translation": [0, 6.5, -6.75],
			"scale": [1.1, 1.1, 1.1]
		},
		"firstperson_righthand": {
			"translation": [-3.5, 8.5, 0],
			"scale": [0.8, 0.8, 0.8]
		},
		"firstperson_lefthand": {
			"translation": [3.75, -3.25, 0]
		},
		"ground": {
			"translation": [0, 5, -1]
		},
		"gui": {
			"rotation": [30, 225, 0],
			"translation": [1.25, 4.5, 0],
			"scale": [1.2, 1.2, 1.2]
		},
		"fixed": {
			"rotation": [0, 90, 0],
			"translation": [-3.25, 11.25, -2],
			"scale": [2, 2, 2]
		}
	}
}