{
	"credit": "Made with Blockbench",
	"textures": {
		"1": "moguns:items/glock17",
		"particle": "moguns:items/glock17"
	},
	"elements": [
		{
			"from": [7.4, 2.625, 11.15],
			"to": [8.6, 3.525, 16.75],
			"rotation": {"angle": 0, "axis": "y", "origin": [7.9, 7.625, 7.95]},
			"faces": {
				"north": {"uv": [1, 0, 3, 1], "texture": "#1", "tintindex": 0},
				"east": {"uv": [0, 4, 16, 6], "texture": "#1"},
				"south": {"uv": [11, 9, 14, 12], "texture": "#1", "tintindex": 0},
				"west": {"uv": [0, 0, 16, 2], "rotation": 180, "texture": "#1"},
				"up": {"uv": [0, 2, 16, 4], "rotation": 270, "texture": "#1", "tintindex": 0}
			}
		},
		{
			"from": [7.9, 3.19, 11.415],
			"to": [8.1, 3.48, 11.7],
			"rotation": {"angle": 45, "axis": "x", "origin": [8, 3.625, 11.7]},
			"faces": {
				"north": {"uv": [4, 15, 5, 16], "texture": "#1"},
				"east": {"uv": [4, 15, 5, 16], "texture": "#1"},
				"south": {"uv": [4, 15, 5, 16], "texture": "#1"},
				"west": {"uv": [4, 15, 5, 16], "texture": "#1"},
				"up": {"uv": [4, 15, 5, 16], "texture": "#1"},
				"down": {"uv": [4, 15, 5, 16], "texture": "#1"}
			}
		},
		{
			"from": [8.3, 3.345, 16.3],
			"to": [8.44, 3.625, 16.65],
			"rotation": {"angle": 45, "axis": "z", "origin": [8.3, 3.625, 16.4]},
			"faces": {
				"north": {"uv": [4, 15, 5, 16], "rotation": 90, "texture": "#1", "tintindex": 0},
				"east": {"uv": [4, 15, 5, 16], "rotation": 90, "texture": "#1", "tintindex": 0},
				"south": {"uv": [4, 15, 5, 16], "rotation": 90, "texture": "#1", "tintindex": 0},
				"west": {"uv": [4, 15, 5, 16], "rotation": 90, "texture": "#1", "tintindex": 0},
				"up": {"uv": [4, 15, 5, 16], "rotation": 90, "texture": "#1", "tintindex": 0},
				"down": {"uv": [4, 15, 5, 16], "rotation": 90, "texture": "#1", "tintindex": 0}
			}
		},
		{
			"from": [8.14, 3.525, 16.3],
			"to": [8.4, 3.725, 16.65],
			"rotation": {"angle": 0, "axis": "y", "origin": [7.9, 7.625, 8.1]},
			"faces": {
				"north": {"uv": [4, 15, 5, 16], "texture": "#1", "tintindex": 0},
				"east": {"uv": [4, 15, 5, 16], "texture": "#1", "tintindex": 0},
				"south": {"uv": [4, 15, 5, 16], "texture": "#1", "tintindex": 0},
				"west": {"uv": [4, 15, 5, 16], "texture": "#1", "tintindex": 0},
				"up": {"uv": [4, 15, 5, 16], "texture": "#1", "tintindex": 0},
				"down": {"uv": [4, 15, 5, 16], "texture": "#1", "tintindex": 0}
			}
		},
		{
			"from": [7.85, 3.525, 16.3],
			"to": [8.14, 3.625, 16.65],
			"rotation": {"angle": 0, "axis": "y", "origin": [7.9, 7.625, 8.1]},
			"faces": {
				"north": {"uv": [4, 15, 5, 16], "texture": "#1", "tintindex": 0},
				"east": {"uv": [4, 15, 5, 16], "texture": "#1", "tintindex": 0},
				"south": {"uv": [4, 15, 5, 16], "texture": "#1", "tintindex": 0},
				"west": {"uv": [4, 15, 5, 16], "texture": "#1", "tintindex": 0},
				"up": {"uv": [4, 15, 5, 16], "texture": "#1", "tintindex": 0},
				"down": {"uv": [4, 15, 5, 16], "texture": "#1", "tintindex": 0}
			}
		},
		{
			"from": [7.6, 3.525, 16.3],
			"to": [7.85, 3.725, 16.65],
			"rotation": {"angle": 0, "axis": "y", "origin": [7.9, 7.625, 8.1]},
			"faces": {
				"north": {"uv": [4, 15, 5, 16], "texture": "#1", "tintindex": 0},
				"east": {"uv": [4, 15, 5, 16], "texture": "#1", "tintindex": 0},
				"south": {"uv": [4, 15, 5, 16], "texture": "#1", "tintindex": 0},
				"west": {"uv": [4, 15, 5, 16], "texture": "#1", "tintindex": 0},
				"up": {"uv": [4, 15, 5, 16], "texture": "#1", "tintindex": 0},
				"down": {"uv": [4, 15, 5, 16], "texture": "#1", "tintindex": 0}
			}
		},
		{
			"from": [7.56, 3.345, 16.3],
			"to": [7.7, 3.625, 16.65],
			"rotation": {"angle": -45, "axis": "z", "origin": [7.7, 3.625, 16.4]},
			"faces": {
				"north": {"uv": [4, 15, 5, 16], "rotation": 270, "texture": "#1", "tintindex": 0},
				"east": {"uv": [4, 15, 5, 16], "rotation": 270, "texture": "#1", "tintindex": 0},
				"south": {"uv": [4, 15, 5, 16], "rotation": 270, "texture": "#1", "tintindex": 0},
				"west": {"uv": [4, 15, 5, 16], "rotation": 270, "texture": "#1", "tintindex": 0},
				"up": {"uv": [4, 15, 5, 16], "rotation": 270, "texture": "#1", "tintindex": 0},
				"down": {"uv": [4, 15, 5, 16], "rotation": 270, "texture": "#1", "tintindex": 0}
			}
		}
	],
	"display": {
		"thirdperson_righthand": {
			"rotation": [22.5, 0, 0],
			"translation": [0, 10, -4],
			"scale": [1.2, 1.2, 1.2]
		},
		"firstperson_righthand": {
			"translation": [-3.5, 8.5, 0],
			"scale": [0.8, 0.8, 0.8]
		},
		"ground": {
			"translation": [0, 5, -5.75]
		},
		"gui": {
			"rotation": [30, 225, 0],
			"translation": [7.5, 5, 0],
			"scale": [1.8, 1.8, 1.8]
		},
		"fixed": {
			"rotation": [0, 90, 0],
			"translation": [-11.5, 12.5, -2],
			"scale": [2, 2, 2]
		}
	},
	"groups": [
		{
			"name": "Chamber",
			"origin": [7.7, 3.625, 16.4],
			"color": 0,
			"children": [0, 1, 2, 3, 4, 5, 6]
		}
	]
}