{
	"credit": "Made with Blockbench",
	"texture_size": [32, 32],
	"textures": {
		"particle": "moguns:items/m14_ebr",
		"1_2": "moguns:items/m14_ebr"
	},
	"elements": [
		{
			"from": [7.75, 2.65, 17],
			"to": [8.25, 2.95, 20.1],
			"rotation": {"angle": 0, "axis": "y", "origin": [8, 5.85, 8]},
			"faces": {
				"north": {"uv": [8, 1, 8.5, 1.5], "rotation": 90, "texture": "#1_2"},
				"east": {"uv": [0, 0.5, 0.25, 0.75], "rotation": 90, "texture": "#1_2"},
				"south": {"uv": [0, 0.5, 0.25, 0.75], "rotation": 90, "texture": "#1_2"},
				"west": {"uv": [0, 0.5, 0.25, 0.75], "rotation": 90, "texture": "#1_2"},
				"up": {"uv": [3, 1, 8, 1.5], "rotation": 270, "texture": "#1_2"},
				"down": {"uv": [0, 0.5, 0.25, 0.75], "rotation": 90, "texture": "#1_2"}
			}
		},
		{
			"from": [7.695, 2.6, 15.4],
			"to": [8.305, 2.805, 17],
			"rotation": {"angle": 0, "axis": "y", "origin": [8, 5.85, 8]},
			"faces": {
				"north": {"uv": [8, 1, 8.5, 1.5], "rotation": 90, "texture": "#1_2"},
				"east": {"uv": [0, 0.5, 0.25, 0.75], "rotation": 90, "texture": "#1_2"},
				"south": {"uv": [0, 0.5, 0.25, 0.75], "rotation": 90, "texture": "#1_2"},
				"west": {"uv": [0, 0.5, 0.25, 0.75], "rotation": 90, "texture": "#1_2"},
				"up": {"uv": [3, 1, 8, 1.5], "rotation": 270, "texture": "#1_2"},
				"down": {"uv": [0, 0.5, 0.25, 0.75], "rotation": 90, "texture": "#1_2"}
			}
		},
		{
			"from": [8.605, 2.1, 15.4],
			"to": [8.9, 2.4, 17.1],
			"rotation": {"angle": 0, "axis": "y", "origin": [8, 5.85, 8]},
			"faces": {
				"north": {"uv": [14, 1.5, 15, 2.5], "rotation": 90, "texture": "#1_2"},
				"east": {"uv": [14, 1.5, 15, 2.5], "rotation": 90, "texture": "#1_2"},
				"south": {"uv": [14, 1.5, 15, 2.5], "rotation": 90, "texture": "#1_2"},
				"west": {"uv": [14, 1.5, 15, 2.5], "rotation": 90, "texture": "#1_2"},
				"up": {"uv": [14, 1.5, 15, 2.5], "rotation": 90, "texture": "#1_2"},
				"down": {"uv": [14, 1.5, 15, 2.5], "rotation": 90, "texture": "#1_2"}
			}
		},
		{
			"from": [8.405, 2.1, 17.1],
			"to": [8.9, 2.4, 17.4],
			"rotation": {"angle": 0, "axis": "y", "origin": [8, 5.85, 8]},
			"faces": {
				"north": {"uv": [14, 1.5, 15, 2.5], "rotation": 90, "texture": "#1_2"},
				"east": {"uv": [14, 1.5, 15, 2.5], "rotation": 90, "texture": "#1_2"},
				"south": {"uv": [14, 1.5, 15, 2.5], "rotation": 90, "texture": "#1_2"},
				"west": {"uv": [14, 1.5, 15, 2.5], "rotation": 90, "texture": "#1_2"},
				"up": {"uv": [14, 1.5, 15, 2.5], "rotation": 90, "texture": "#1_2"},
				"down": {"uv": [14, 1.5, 15, 2.5], "rotation": 90, "texture": "#1_2"}
			}
		},
		{
			"from": [7.1, 2.1, 15.4],
			"to": [7.395, 2.4, 17.1],
			"rotation": {"angle": 0, "axis": "y", "origin": [8, 5.85, 8]},
			"faces": {
				"north": {"uv": [14, 2.5, 15, 1.5], "rotation": 90, "texture": "#1_2"},
				"east": {"uv": [14, 2.5, 15, 1.5], "rotation": 90, "texture": "#1_2"},
				"south": {"uv": [14, 2.5, 15, 1.5], "rotation": 90, "texture": "#1_2"},
				"west": {"uv": [14, 2.5, 15, 1.5], "rotation": 90, "texture": "#1_2"},
				"up": {"uv": [14, 2.5, 15, 1.5], "rotation": 90, "texture": "#1_2"},
				"down": {"uv": [14, 2.5, 15, 1.5], "rotation": 90, "texture": "#1_2"}
			}
		},
		{
			"from": [7.1, 2.1, 17.1],
			"to": [7.595, 2.4, 17.4],
			"rotation": {"angle": 0, "axis": "y", "origin": [8, 5.85, 8]},
			"faces": {
				"north": {"uv": [14, 2.5, 15, 1.5], "rotation": 90, "texture": "#1_2"},
				"east": {"uv": [14, 2.5, 15, 1.5], "rotation": 90, "texture": "#1_2"},
				"south": {"uv": [14, 2.5, 15, 1.5], "rotation": 90, "texture": "#1_2"},
				"west": {"uv": [14, 2.5, 15, 1.5], "rotation": 90, "texture": "#1_2"},
				"up": {"uv": [14, 2.5, 15, 1.5], "rotation": 90, "texture": "#1_2"},
				"down": {"uv": [14, 2.5, 15, 1.5], "rotation": 90, "texture": "#1_2"}
			}
		},
		{
			"from": [8.57905, 2.72845, 17.001],
			"to": [9.00325, 3.00115, 20.1],
			"rotation": {"angle": 45, "axis": "z", "origin": [8.43837, 1.46276, 18]},
			"faces": {
				"north": {"uv": [7.5, 1, 8, 1.5], "rotation": 270, "texture": "#1_2"},
				"east": {"uv": [4.5, 1, 8, 1.5], "rotation": 270, "texture": "#1_2"},
				"south": {"uv": [4.5, 1, 8, 1.5], "rotation": 270, "texture": "#1_2"},
				"west": {"uv": [4.5, 1, 8, 1.5], "rotation": 270, "texture": "#1_2"},
				"up": {"uv": [3, 1, 8, 1.5], "rotation": 270, "texture": "#1_2"},
				"down": {"uv": [4.5, 1, 8, 1.5], "rotation": 270, "texture": "#1_2"}
			}
		},
		{
			"from": [7.44995, 2.229, 16.999],
			"to": [8.54995, 2.65005, 19.2],
			"rotation": {"angle": 0, "axis": "y", "origin": [7.99995, 2.40005, 16.2]},
			"faces": {
				"north": {"uv": [0, 1, 0.5, 1.5], "rotation": 180, "texture": "#1_2"},
				"east": {"uv": [0, 1, 0.5, 1.5], "rotation": 180, "texture": "#1_2"},
				"south": {"uv": [0, 1, 0.5, 1.5], "rotation": 180, "texture": "#1_2"},
				"west": {"uv": [0, 1, 0.5, 1.5], "rotation": 180, "texture": "#1_2"},
				"up": {"uv": [0, 1, 0.5, 1.5], "rotation": 180, "texture": "#1_2"},
				"down": {"uv": [0, 1, 0.5, 1.5], "rotation": 180, "texture": "#1_2"}
			}
		},
		{
			"from": [7.44995, 2.629, 19.199],
			"to": [8.54995, 3.35005, 20.96316],
			"rotation": {"angle": 0, "axis": "y", "origin": [7.99995, 3.10005, 16.2]},
			"faces": {
				"north": {"uv": [0, 1, 0.5, 1.5], "rotation": 180, "texture": "#1_2"},
				"east": {"uv": [0, 1, 0.5, 1.5], "rotation": 180, "texture": "#1_2"},
				"south": {"uv": [0, 1, 0.5, 1.5], "rotation": 180, "texture": "#1_2"},
				"west": {"uv": [0, 1, 0.5, 1.5], "rotation": 180, "texture": "#1_2"},
				"up": {"uv": [0, 1, 0.5, 1.5], "rotation": 180, "texture": "#1_2"},
				"down": {"uv": [0, 1, 0.5, 1.5], "rotation": 180, "texture": "#1_2"}
			}
		},
		{
			"from": [7.34995, 1.829, 17.699],
			"to": [8.64995, 2.55005, 18.69816],
			"rotation": {"angle": 45, "axis": "x", "origin": [7.99995, 2.58953, 18.88108]},
			"faces": {
				"north": {"uv": [11.5, 1.5, 12.5, 2.5], "rotation": 180, "texture": "#1_2"},
				"east": {"uv": [11.5, 1.5, 12.5, 2.5], "rotation": 180, "texture": "#1_2"},
				"south": {"uv": [11.5, 1.5, 12.5, 2.5], "rotation": 180, "texture": "#1_2"},
				"west": {"uv": [11.5, 1.5, 12.5, 2.5], "rotation": 180, "texture": "#1_2"},
				"up": {"uv": [11.5, 1.5, 12.5, 2.5], "rotation": 180, "texture": "#1_2"},
				"down": {"uv": [11.5, 1.5, 12.5, 2.5], "rotation": 180, "texture": "#1_2"}
			}
		},
		{
			"from": [7.35495, 2.15936, 18.01796],
			"to": [8.64495, 3.40041, 20.44212],
			"rotation": {"angle": 0, "axis": "x", "origin": [7.99995, 2.62488, 18.28004]},
			"faces": {
				"north": {"uv": [11.5, 1.5, 12.5, 2.5], "rotation": 180, "texture": "#1_2"},
				"east": {"uv": [11.5, 1.5, 12.5, 2.5], "rotation": 180, "texture": "#1_2"},
				"south": {"uv": [11.5, 1.5, 12.5, 2.5], "rotation": 180, "texture": "#1_2"},
				"west": {"uv": [11.5, 1.5, 12.5, 2.5], "rotation": 180, "texture": "#1_2"},
				"up": {"uv": [11.5, 1.5, 12.5, 2.5], "rotation": 180, "texture": "#1_2"},
				"down": {"uv": [11.5, 1.5, 12.5, 2.5], "rotation": 180, "texture": "#1_2"}
			}
		},
		{
			"from": [7.35495, 2.15936, 17.50796],
			"to": [8.64495, 2.89041, 18.01712],
			"rotation": {"angle": 0, "axis": "x", "origin": [7.99995, 2.62488, 18.28004]},
			"faces": {
				"north": {"uv": [11.5, 1.5, 12.5, 2.5], "rotation": 180, "texture": "#1_2"},
				"east": {"uv": [11.5, 1.5, 12.5, 2.5], "rotation": 180, "texture": "#1_2"},
				"south": {"uv": [11.5, 1.5, 12.5, 2.5], "rotation": 180, "texture": "#1_2"},
				"west": {"uv": [11.5, 1.5, 12.5, 2.5], "rotation": 180, "texture": "#1_2"},
				"up": {"uv": [11.5, 1.5, 12.5, 2.5], "rotation": 180, "texture": "#1_2"},
				"down": {"uv": [11.5, 1.5, 12.5, 2.5], "rotation": 180, "texture": "#1_2"}
			}
		},
		{
			"from": [7.35495, 2.15936, 20.44288],
			"to": [8.64495, 2.89041, 20.95204],
			"rotation": {"angle": 0, "axis": "x", "origin": [7.99995, 2.62488, 20.17996]},
			"faces": {
				"north": {"uv": [12.5, 1.5, 11.5, 2.5], "rotation": 180, "texture": "#1_2"},
				"east": {"uv": [12.5, 1.5, 11.5, 2.5], "rotation": 180, "texture": "#1_2"},
				"south": {"uv": [12.5, 1.5, 11.5, 2.5], "rotation": 180, "texture": "#1_2"},
				"west": {"uv": [12.5, 1.5, 11.5, 2.5], "rotation": 180, "texture": "#1_2"},
				"up": {"uv": [12.5, 1.5, 11.5, 2.5], "rotation": 180, "texture": "#1_2"},
				"down": {"uv": [12.5, 1.5, 11.5, 2.5], "rotation": 180, "texture": "#1_2"}
			}
		},
		{
			"from": [7.34995, 1.829, 19.74184],
			"to": [8.64995, 2.55005, 20.761],
			"rotation": {"angle": -45, "axis": "x", "origin": [7.99995, 2.58953, 19.57892]},
			"faces": {
				"north": {"uv": [12.5, 1.5, 11.5, 2.5], "rotation": 180, "texture": "#1_2"},
				"east": {"uv": [12.5, 1.5, 11.5, 2.5], "rotation": 180, "texture": "#1_2"},
				"south": {"uv": [12.5, 1.5, 11.5, 2.5], "rotation": 180, "texture": "#1_2"},
				"west": {"uv": [12.5, 1.5, 11.5, 2.5], "rotation": 180, "texture": "#1_2"},
				"up": {"uv": [12.5, 1.5, 11.5, 2.5], "rotation": 180, "texture": "#1_2"},
				"down": {"uv": [12.5, 1.5, 11.5, 2.5], "rotation": 180, "texture": "#1_2"}
			}
		},
		{
			"from": [6.99675, 2.72845, 17.001],
			"to": [7.42095, 3.00115, 20.1],
			"rotation": {"angle": -45, "axis": "z", "origin": [7.56163, 1.46276, 18]},
			"faces": {
				"north": {"uv": [7.5, 1, 8, 1.5], "rotation": 270, "texture": "#1_2"},
				"east": {"uv": [4.5, 1, 8, 1.5], "rotation": 270, "texture": "#1_2"},
				"south": {"uv": [4.5, 1, 8, 1.5], "rotation": 270, "texture": "#1_2"},
				"west": {"uv": [4.5, 1, 8, 1.5], "rotation": 180, "texture": "#1_2"},
				"up": {"uv": [3, 0.5, 8, 0.5], "rotation": 270, "texture": "#1_2"},
				"down": {"uv": [4.5, 1, 8, 1.5], "rotation": 270, "texture": "#1_2"}
			}
		},
		{
			"from": [7.75, 2.95009, 20.09474],
			"to": [8.25, 3.25009, 21.5],
			"rotation": {"angle": 0, "axis": "y", "origin": [8, 6.95009, 8.4]},
			"faces": {
				"north": {"uv": [0, 0, 0, 0], "texture": "#1_2"},
				"east": {"uv": [0, 0, 0, 0], "texture": "#1_2"},
				"south": {"uv": [13, 6.5, 14, 7], "texture": "#1_2"},
				"west": {"uv": [0, 0, 0, 0], "texture": "#1_2"},
				"up": {"uv": [6, 1, 8, 1.5], "rotation": 90, "texture": "#1_2"},
				"down": {"uv": [0, 0, 0, 0], "texture": "#1_2"}
			}
		},
		{
			"from": [14.73088, 0.48037, 20.09974],
			"to": [15.15508, 0.75307, 21.499],
			"rotation": {"angle": 45, "axis": "z", "origin": [8.43837, -6.93715, 19.5]},
			"faces": {
				"north": {"uv": [0, 0, 0, 0], "texture": "#1_2"},
				"east": {"uv": [0, 0, 0, 0], "texture": "#1_2"},
				"south": {"uv": [12.5, 4.5, 13, 5], "texture": "#1_2"},
				"west": {"uv": [0, 0, 0, 0], "texture": "#1_2"},
				"up": {"uv": [6, 1, 8, 1.5], "rotation": 90, "texture": "#1_2"},
				"down": {"uv": [0, 0, 0, 0], "texture": "#1_2"}
			}
		},
		{
			"from": [7.45005, -0.14995, 20.95789],
			"to": [8.55005, 3.35005, 21.5],
			"rotation": {"angle": 0, "axis": "y", "origin": [8.05005, 7.30005, 8.4]},
			"faces": {
				"north": {"uv": [6.5, 0, 8.5, 4], "texture": "#1_2"},
				"east": {"uv": [6.5, 0, 8.5, 4], "texture": "#1_2"},
				"south": {"uv": [6.5, 0, 8.5, 4], "texture": "#1_2"},
				"west": {"uv": [6.5, 0, 8.5, 4], "texture": "#1_2"},
				"up": {"uv": [6.5, 0, 8.5, 1], "texture": "#1_2"},
				"down": {"uv": [6.5, 3, 8.5, 4], "texture": "#1_2"}
			}
		},
		{
			"from": [7.45005, -0.14995, 20.12105],
			"to": [8.55005, 0.50005, 20.95816],
			"rotation": {"angle": 0, "axis": "y", "origin": [8.05005, 7.30005, 7.7]},
			"faces": {
				"north": {"uv": [14.5, 1.5, 15.5, 2.5], "texture": "#1_2"},
				"east": {"uv": [14.5, 1.5, 15.5, 2.5], "texture": "#1_2"},
				"south": {"uv": [14.5, 1.5, 15.5, 2.5], "texture": "#1_2"},
				"west": {"uv": [14.5, 1.5, 15.5, 2.5], "texture": "#1_2"},
				"up": {"uv": [14.5, 1.5, 15.5, 2.5], "texture": "#1_2"},
				"down": {"uv": [14.5, 1.5, 15.5, 2.5], "texture": "#1_2"}
			}
		},
		{
			"from": [7.5521, 1.72905, 17],
			"to": [8.4481, 2.2501, 21],
			"rotation": {"angle": 0, "axis": "y", "origin": [8.05005, 7.35, 5.83726]},
			"faces": {
				"north": {"uv": [7.5, 2, 8, 2.5], "texture": "#1_2"},
				"east": {"uv": [7.5, 2, 8, 2.5], "texture": "#1_2"},
				"south": {"uv": [7.5, 2, 8, 2.5], "texture": "#1_2"},
				"west": {"uv": [7.5, 2, 8, 2.5], "texture": "#1_2"},
				"up": {"uv": [7.5, 2, 8, 2.5], "texture": "#1_2"},
				"down": {"uv": [7.5, 2, 8, 2.5], "texture": "#1_2"}
			}
		},
		{
			"from": [7.4511, 0.30009, 17.99433],
			"to": [8.5491, 0.80005, 20.71779],
			"rotation": {"angle": 45, "axis": "x", "origin": [8.0001, 0.79507, 19.87106]},
			"faces": {
				"north": {"uv": [1.5, 0, 0, 1.5], "rotation": 270, "texture": "#1_2"},
				"east": {"uv": [1.5, 0, 0, 1.5], "rotation": 90, "texture": "#1_2"},
				"south": {"uv": [1.5, 0, 0, 1.5], "rotation": 270, "texture": "#1_2"},
				"west": {"uv": [1.5, 0, 0, 1.5], "rotation": 270, "texture": "#1_2"},
				"up": {"uv": [7, 2.5, 8.5, 0], "rotation": 180, "texture": "#1_2"},
				"down": {"uv": [0, 1.5, 1.5, 0], "texture": "#1_2"}
			}
		},
		{
			"from": [8.0011, 1.43009, 18.95933],
			"to": [8.0991, 1.73005, 21.01779],
			"rotation": {"angle": 0, "axis": "x", "origin": [8.0001, 0.79507, 19.87106]},
			"faces": {
				"north": {"uv": [1.5, 9.5, 9, 8], "rotation": 180, "texture": "#1_2"},
				"east": {"uv": [1.5, 9.5, 9, 8], "rotation": 180, "texture": "#1_2"},
				"south": {"uv": [1.5, 9.5, 9, 8], "rotation": 180, "texture": "#1_2"},
				"west": {"uv": [1.5, 9.5, 9, 8], "rotation": 180, "texture": "#1_2"},
				"up": {"uv": [14.5, 2.5, 15.5, 1.5], "rotation": 180, "texture": "#1_2"},
				"down": {"uv": [14.5, 2.5, 15.5, 1.5], "rotation": 180, "texture": "#1_2"}
			}
		},
		{
			"from": [0.84492, 0.48037, 20.10079],
			"to": [1.26912, 0.75307, 21.499],
			"rotation": {"angle": -45, "axis": "z", "origin": [7.56163, -6.93715, 19.5]},
			"faces": {
				"north": {"uv": [0, 0, 0, 0], "texture": "#1_2"},
				"east": {"uv": [0, 0, 0, 0], "texture": "#1_2"},
				"south": {"uv": [12.5, 4.5, 13, 5], "texture": "#1_2"},
				"west": {"uv": [0, 0, 0, 0], "texture": "#1_2"},
				"up": {"uv": [6, 1, 8, 1.5], "rotation": 90, "texture": "#1_2"},
				"down": {"uv": [0, 0, 0, 0], "texture": "#1_2"}
			}
		}
	],
	"display": {
		"thirdperson_righthand": {
			"translation": [0, 6.5, -6.75],
			"scale": [1.1, 1.1, 1.1]
		},
		"firstperson_righthand": {
			"translation": [-3.5, 8.5, 0],
			"scale": [0.8, 0.8, 0.8]
		},
		"firstperson_lefthand": {
			"translation": [3.75, -3.25, 0]
		},
		"ground": {
			"translation": [0, 5, -1]
		},
		"gui": {
			"rotation": [30, 225, 0],
			"translation": [1.25, 4.5, 0],
			"scale": [1.2, 1.2, 1.2]
		},
		"fixed": {
			"rotation": [0, 90, 0],
			"translation": [-3.25, 11.25, -2],
			"scale": [2, 2, 2]
		}
	},
	"groups": [
		{
			"name": "totally_not_reused_stock",
			"origin": [8, 8, 8],
			"color": 0,
			"children": [
				{
					"name": "not_reused_pt2_electric_boogaloo",
					"origin": [8, 8, 8],
					"color": 0,
					"children": [0, 1, 2, 3, 4, 5, 6, 7, 8, 9, 10, 11, 12, 13, 14, 15, 16, 17, 18, 19, 20, 21, 22]
				}
			]
		}
	]
}