{
	"credit": "Made with Blockbench",
	"texture_size": [32, 32],
	"textures": {
		"2_1": "moguns:items/blue_heat"
	},
	"elements": [
		{
			"from": [7.3, 2.25, 16.4],
			"to": [8.7, 4, 21.5],
			"faces": {
				"north": {"uv": [0, 0, 1.5, 1.5], "texture": "#2_1", "tintindex": 0},
				"east": {"uv": [4.5, 0, 10.5, 1.5], "texture": "#2_1", "tintindex": 0},
				"south": {"uv": [0, 0, 1.5, 1.5], "texture": "#2_1", "tintindex": 0},
				"west": {"uv": [4.5, 0, 10.5, 1.5], "rotation": 180, "texture": "#2_1", "tintindex": 0},
				"up": {"uv": [0, 0, 1.5, 1.5], "texture": "#2_1", "tintindex": 0},
				"down": {"uv": [0, 0, 1.5, 1.5], "texture": "#2_1", "tintindex": 0}
			}
		},
		{
			"from": [7.3, 2.25, 16.2],
			"to": [8.7, 4, 16.4],
			"rotation": {"angle": 0, "axis": "y", "origin": [0, 0, 0.2]},
			"faces": {
				"north": {"uv": [0, 0, 1.5, 1.5], "texture": "#2_1", "tintindex": 0},
				"east": {"uv": [0, 0, 1.5, 1.5], "texture": "#2_1", "tintindex": 0},
				"south": {"uv": [0, 0, 1.5, 1.5], "texture": "#2_1", "tintindex": 0},
				"west": {"uv": [0, 0, 1.5, 1.5], "texture": "#2_1", "tintindex": 0},
				"up": {"uv": [0, 0, 1.5, 1.5], "texture": "#2_1", "tintindex": 0},
				"down": {"uv": [0, 0, 1.5, 1.5], "texture": "#2_1", "tintindex": 0}
			}
		},
		{
			"from": [7.3, 0.415, 20.43],
			"to": [8.7, 2.25, 21.5],
			"faces": {
				"north": {"uv": [0, 0, 1.5, 1.5], "texture": "#2_1", "tintindex": 0},
				"east": {"uv": [2, 1.5, 3, 3], "texture": "#2_1", "tintindex": 0},
				"south": {"uv": [0, 3.5, 1.5, 5], "texture": "#2_1", "tintindex": 0},
				"west": {"uv": [4.5, 1, 5.5, 2.5], "rotation": 180, "texture": "#2_1", "tintindex": 0},
				"up": {"uv": [0, 0, 1.5, 1.5], "texture": "#2_1", "tintindex": 0},
				"down": {"uv": [3.5, 3.5, 4.5, 5], "rotation": 90, "texture": "#2_1", "tintindex": 0}
			}
		},
		{
			"from": [7.2, 1.615, 18.73],
			"to": [8.8, 3.15, 21.3],
			"faces": {
				"north": {"uv": [0.5, 7.5, 2.5, 8.5], "texture": "#2_1", "tintindex": 0},
				"east": {"uv": [2.5, 7.5, 0.5, 8.5], "texture": "#2_1", "tintindex": 0},
				"south": {"uv": [0.5, 7.5, 2.5, 8.5], "texture": "#2_1", "tintindex": 0},
				"west": {"uv": [0.5, 7.5, 2.5, 8.5], "texture": "#2_1", "tintindex": 0},
				"up": {"uv": [0.5, 7.5, 2.5, 8.5], "texture": "#2_1", "tintindex": 0},
				"down": {"uv": [0.5, 7.5, 2.5, 8.5], "texture": "#2_1", "tintindex": 0}
			}
		},
		{
			"from": [7.301, 1.3, 16.535],
			"to": [8.699, 3.05, 21.335],
			"rotation": {"angle": 22.5, "axis": "x", "origin": [8, 3.125, 18.655]},
			"faces": {
				"north": {"uv": [1.5, 1.5, 0, 3], "texture": "#2_1", "tintindex": 0},
				"east": {"uv": [1.5, 1.5, 0, 3], "texture": "#2_1", "tintindex": 0},
				"south": {"uv": [1.5, 1.5, 0, 3], "texture": "#2_1", "tintindex": 0},
				"west": {"uv": [1.5, 1.5, 0, 3], "texture": "#2_1", "tintindex": 0},
				"up": {"uv": [1.5, 1.5, 0, 3], "texture": "#2_1", "tintindex": 0},
				"down": {"uv": [1.5, 1.5, 0, 3], "texture": "#2_1", "tintindex": 0}
			}
		},
		{
			"from": [7.3, 3.6, 16.4],
			"to": [7.866, 4, 21.499],
			"rotation": {"angle": 45, "axis": "z", "origin": [7.3, 4, 10.5]},
			"faces": {
				"north": {"uv": [1.5, 0, 0, 1.5], "texture": "#2_1"},
				"east": {"uv": [1.5, 0, 0, 1.5], "texture": "#2_1"},
				"south": {"uv": [1.5, 0, 0, 1.5], "texture": "#2_1"},
				"west": {"uv": [1.5, 0, 0, 1.5], "texture": "#2_1"},
				"up": {"uv": [4.5, 0.5, 10.5, 0], "rotation": 270, "texture": "#2_1"},
				"down": {"uv": [1.5, 0, 0, 1.5], "texture": "#2_1"}
			}
		},
		{
			"from": [7.7, 4, 16.4],
			"to": [8.3, 4.4, 21.5],
			"faces": {
				"north": {"uv": [1.5, 0, 0, 1.5], "texture": "#2_1"},
				"east": {"uv": [1.5, 0, 0, 1.5], "texture": "#2_1"},
				"south": {"uv": [1.5, 0, 0, 1.5], "texture": "#2_1"},
				"west": {"uv": [1.5, 0, 0, 1.5], "texture": "#2_1"},
				"up": {"uv": [4.5, 1, 10.5, 0.5], "rotation": 270, "texture": "#2_1"},
				"down": {"uv": [1.5, 0, 0, 1.5], "texture": "#2_1"}
			}
		},
		{
			"from": [8.134, 3.6, 16.4],
			"to": [8.7, 4, 21.499],
			"rotation": {"angle": -45, "axis": "z", "origin": [8.7, 4, 10.5]},
			"faces": {
				"north": {"uv": [1.5, 0, 0, 1.5], "texture": "#2_1"},
				"east": {"uv": [1.5, 0, 0, 1.5], "texture": "#2_1"},
				"south": {"uv": [1.5, 0, 0, 1.5], "texture": "#2_1"},
				"west": {"uv": [1.5, 0, 0, 1.5], "texture": "#2_1"},
				"up": {"uv": [4.5, 1.5, 10.5, 1], "rotation": 270, "texture": "#2_1"},
				"down": {"uv": [1.5, 0, 0, 1.5], "texture": "#2_1"}
			}
		},
		{
			"from": [8.134, 3.6, 16.2],
			"to": [8.7, 4, 16.4],
			"rotation": {"angle": -45, "axis": "z", "origin": [8.7, 4, 10.5]},
			"faces": {
				"north": {"uv": [0, 1.5, 1.5, 0], "rotation": 270, "texture": "#2_1"},
				"east": {"uv": [0, 1.5, 1.5, 0], "rotation": 270, "texture": "#2_1"},
				"south": {"uv": [0, 1.5, 1.5, 0], "rotation": 270, "texture": "#2_1"},
				"west": {"uv": [0, 1.5, 1.5, 0], "rotation": 270, "texture": "#2_1"},
				"up": {"uv": [0, 1.5, 1.5, 0], "rotation": 270, "texture": "#2_1"},
				"down": {"uv": [0, 1.5, 1.5, 0], "rotation": 270, "texture": "#2_1"}
			}
		},
		{
			"from": [7.7, 4, 16.2],
			"to": [8.3, 4.4, 16.4],
			"faces": {
				"north": {"uv": [0, 1.5, 1.5, 0], "rotation": 270, "texture": "#2_1"},
				"east": {"uv": [0, 1.5, 1.5, 0], "rotation": 270, "texture": "#2_1"},
				"south": {"uv": [0, 1.5, 1.5, 0], "rotation": 270, "texture": "#2_1"},
				"west": {"uv": [0, 1.5, 1.5, 0], "rotation": 270, "texture": "#2_1"},
				"up": {"uv": [0, 1.5, 1.5, 0], "rotation": 270, "texture": "#2_1"},
				"down": {"uv": [0, 1.5, 1.5, 0], "rotation": 270, "texture": "#2_1"}
			}
		},
		{
			"from": [7.3, 3.6, 16.2],
			"to": [7.866, 4, 16.4],
			"rotation": {"angle": 45, "axis": "z", "origin": [7.3, 4, 10.5]},
			"faces": {
				"north": {"uv": [0, 1.5, 1.5, 0], "rotation": 270, "texture": "#2_1"},
				"east": {"uv": [0, 1.5, 1.5, 0], "rotation": 270, "texture": "#2_1"},
				"south": {"uv": [0, 1.5, 1.5, 0], "rotation": 270, "texture": "#2_1"},
				"west": {"uv": [0, 1.5, 1.5, 0], "rotation": 270, "texture": "#2_1"},
				"up": {"uv": [0, 1.5, 1.5, 0], "rotation": 270, "texture": "#2_1"},
				"down": {"uv": [0, 1.5, 1.5, 0], "rotation": 270, "texture": "#2_1"}
			}
		}
	],
	"display": {
		"thirdperson_righthand": {
			"translation": [0, 6.5, -6.75],
			"scale": [1.1, 1.1, 1.1]
		},
		"firstperson_righthand": {
			"translation": [-3.5, 8.5, 0],
			"scale": [0.8, 0.8, 0.8]
		},
		"firstperson_lefthand": {
			"translation": [3.75, -3.25, 0]
		},
		"ground": {
			"translation": [0, 5, -1]
		},
		"gui": {
			"rotation": [30, 225, 0],
			"translation": [1.25, 4.5, 0],
			"scale": [1.2, 1.2, 1.2]
		},
		"fixed": {
			"rotation": [0, 90, 0],
			"translation": [-3.25, 11.25, -2],
			"scale": [2, 2, 2]
		}
	},
	"groups": [
		{
			"name": "heavy_akmc_stock",
			"origin": [8, 8, 8],
			"color": 0,
			"children": [
				{
					"name": "group",
					"origin": [8.7, 4, 10.5],
					"color": 0,
					"children": [0, 1, 2, 3, 4, 5, 6, 7, 8, 9, 10]
				}
			]
		}
	]
}