{
	"credit": "Made with Blockbench",
	"texture_size": [32, 32],
	"textures": {
		"1": "moguns:items/hellfire"
	},
	"elements": [
		{
			"from": [7.4, 0.75, 18],
			"to": [8.6, 3.65, 21.5],
			"rotation": {"angle": 0, "axis": "y", "origin": [16, 0, 0]},
			"faces": {
				"north": {"uv": [4, 7, 0, 5], "texture": "#1", "tintindex": 0},
				"east": {"uv": [0, 7, 4, 5], "texture": "#1", "tintindex": 0},
				"south": {"uv": [1, 7, 0, 5], "texture": "#1", "tintindex": 0},
				"west": {"uv": [4, 7, 0, 5], "texture": "#1", "tintindex": 0},
				"up": {"uv": [2, 7, 1, 5], "texture": "#1", "tintindex": 0},
				"down": {"uv": [5, 5, 4, 7], "texture": "#1", "tintindex": 0}
			}
		},
		{
			"from": [7.3, 2.15, 17.5],
			"to": [8.7, 3.85, 20.8],
			"rotation": {"angle": 0, "axis": "y", "origin": [16, 0, 0]},
			"faces": {
				"north": {"uv": [7.5, 6.5, 7, 5], "texture": "#1", "tintindex": 0},
				"east": {"uv": [7, 5, 8.5, 6.5], "texture": "#1", "tintindex": 0},
				"south": {"uv": [7.5, 5, 7, 6.5], "texture": "#1", "tintindex": 0},
				"west": {"uv": [8.5, 5, 7, 6.5], "texture": "#1", "tintindex": 0},
				"up": {"uv": [8.5, 5.5, 7, 5], "rotation": 90, "texture": "#1", "tintindex": 0},
				"down": {"uv": [8.5, 6, 8, 6.5], "texture": "#1", "tintindex": 0}
			}
		},
		{
			"from": [7.4, 2.55, 16.2],
			"to": [8.6, 3.65, 18],
			"rotation": {"angle": 0, "axis": "y", "origin": [16, 0, 0]},
			"faces": {
				"north": {"uv": [0.5, 5, 0, 5.5], "texture": "#1", "tintindex": 0},
				"east": {"uv": [0.5, 5, 0, 5.5], "texture": "#1", "tintindex": 0},
				"south": {"uv": [0.5, 5, 0, 5.5], "texture": "#1", "tintindex": 0},
				"west": {"uv": [0.5, 5, 0, 5.5], "texture": "#1", "tintindex": 0},
				"up": {"uv": [0.5, 5, 0, 5.5], "texture": "#1", "tintindex": 0},
				"down": {"uv": [0.5, 5, 0, 5.5], "texture": "#1", "tintindex": 0}
			}
		},
		{
			"from": [7.405, -0.06, 16.83],
			"to": [8.595, 1.24, 19.53],
			"rotation": {"angle": 45, "axis": "x", "origin": [8, 2.2, 19.75]},
			"faces": {
				"north": {"uv": [0.5, 6, 1.5, 7], "texture": "#1", "tintindex": 0},
				"east": {"uv": [1.5, 6, 0.5, 7], "texture": "#1", "tintindex": 0},
				"south": {"uv": [0.5, 6, 1.5, 7], "texture": "#1", "tintindex": 0},
				"west": {"uv": [0.5, 6, 1.5, 7], "texture": "#1", "tintindex": 0},
				"up": {"uv": [0.5, 6, 1.5, 7], "texture": "#1", "tintindex": 0},
				"down": {"uv": [0.5, 6, 1.5, 7], "texture": "#1", "tintindex": 0}
			}
		}
	],
	"display": {
		"thirdperson_righthand": {
			"translation": [0, 6.5, -6.75],
			"scale": [1.1, 1.1, 1.1]
		},
		"firstperson_righthand": {
			"translation": [-3.5, 8.5, 0],
			"scale": [0.8, 0.8, 0.8]
		},
		"firstperson_lefthand": {
			"translation": [3.75, -3.25, 0]
		},
		"ground": {
			"translation": [0, 5, -1]
		},
		"gui": {
			"rotation": [30, 225, 0],
			"translation": [1.25, 4.5, 0],
			"scale": [1.2, 1.2, 1.2]
		},
		"fixed": {
			"rotation": [0, 90, 0],
			"translation": [-3.25, 11.25, -2],
			"scale": [2, 2, 2]
		}
	},
	"groups": [
		{
			"name": "Stock",
			"origin": [0, 0, 0],
			"color": 0,
			"children": [0, 1, 2, 3]
		},
		{
			"name": "Chamber",
			"origin": [8.4, 7.4, 6],
			"color": 0,
			"children": []
		},
		{
			"name": "Barrel",
			"origin": [8.4, 7.4, 6],
			"color": 0,
			"children": []
		},
		{
			"name": "Sight",
			"origin": [8, 4.4, 12.8],
			"color": 0,
			"children": []
		},
		{
			"name": "Receiver",
			"origin": [8, 7.95, 8],
			"color": 0,
			"children": []
		},
		{
			"name": "Handle",
			"origin": [0, 0, 0],
			"color": 0,
			"children": []
		},
		{
			"name": "group",
			"origin": [8, 6.27, 13.8825],
			"color": 0,
			"children": []
		},
		{
			"name": "hellfire",
			"origin": [8, 8, 8],
			"color": 0,
			"children": [
				{
					"name": "Chamber",
					"origin": [8.4, 7.4, 6],
					"color": 0,
					"children": []
				},
				{
					"name": "Barrel",
					"origin": [8.4, 7.4, 6],
					"color": 0,
					"children": []
				},
				{
					"name": "Sight",
					"origin": [8, 4.4, 12.8],
					"color": 0,
					"children": []
				},
				{
					"name": "Receiver",
					"origin": [8, 7.95, 8],
					"color": 0,
					"children": []
				},
				{
					"name": "Handle",
					"origin": [0, 0, 0],
					"color": 0,
					"children": []
				},
				{
					"name": "group",
					"origin": [8, 6.27, 13.8825],
					"color": 0,
					"children": []
				}
			]
		}
	]
}