{
	"credit": "Made with Blockbench",
	"texture_size": [32, 32],
	"textures": {
		"1": "moguns:items/hellfire"
	},
	"elements": [
		{
			"from": [7.5, 3.3, 2.3],
			"to": [7.75, 3.9, 12.8],
			"rotation": {"angle": 0, "axis": "y", "origin": [0, 0, 2]},
			"faces": {
				"north": {"uv": [8.5, 14.5, 9, 15.5], "texture": "#1"},
				"east": {"uv": [16, 14.5, 8.5, 16], "texture": "#1"},
				"south": {"uv": [8.5, 14.5, 16, 15.5], "texture": "#1"},
				"west": {"uv": [8.5, 14.5, 16, 15.5], "texture": "#1"},
				"up": {"uv": [8.5, 14.5, 16, 16], "texture": "#1"},
				"down": {"uv": [8.5, 14.5, 16, 15.5], "texture": "#1"}
			}
		},
		{
			"from": [7.42929, 3.87071, 2.301],
			"to": [7.62929, 4.15271, 12.801],
			"rotation": {"angle": -45, "axis": "z", "origin": [7.5, 3.8, 3]},
			"faces": {
				"north": {"uv": [8.5, 14.5, 9, 15.5], "texture": "#1"},
				"east": {"uv": [8.5, 14.5, 16, 15.5], "texture": "#1"},
				"south": {"uv": [8.5, 14.5, 16, 15.5], "texture": "#1"},
				"west": {"uv": [8.5, 14.5, 16, 15], "texture": "#1"},
				"up": {"uv": [8.5, 14.5, 16, 16], "texture": "#1"},
				"down": {"uv": [8.5, 14.5, 16, 15.5], "texture": "#1"}
			}
		},
		{
			"from": [7.7, 3.85, 2.3],
			"to": [8.3, 4.1, 12.8],
			"rotation": {"angle": 0, "axis": "y", "origin": [0, 0, 2]},
			"faces": {
				"north": {"uv": [8.5, 14.5, 9, 15.5], "texture": "#1"},
				"east": {"uv": [8.5, 14.5, 16, 15.5], "texture": "#1"},
				"south": {"uv": [8.5, 14.5, 16, 15.5], "texture": "#1"},
				"west": {"uv": [8.5, 14.5, 16, 15.5], "texture": "#1"},
				"up": {"uv": [8.5, 14.5, 16, 15], "rotation": 90, "texture": "#1"},
				"down": {"uv": [8.5, 14.5, 16, 16], "rotation": 90, "texture": "#1"}
			}
		},
		{
			"from": [8.37071, 3.87071, 2.301],
			"to": [8.57071, 4.15271, 12.801],
			"rotation": {"angle": 45, "axis": "z", "origin": [8.5, 3.8, 3]},
			"faces": {
				"north": {"uv": [8.5, 14.5, 9, 15.5], "rotation": 180, "texture": "#1"},
				"east": {"uv": [8.5, 14.5, 16, 15], "rotation": 180, "texture": "#1"},
				"south": {"uv": [8.5, 14.5, 16, 15.5], "rotation": 180, "texture": "#1"},
				"west": {"uv": [8.5, 14.5, 16, 15.5], "rotation": 180, "texture": "#1"},
				"up": {"uv": [8.5, 14.5, 16, 16], "rotation": 180, "texture": "#1"},
				"down": {"uv": [8.5, 14.5, 16, 15.5], "rotation": 180, "texture": "#1"}
			}
		},
		{
			"from": [8.25, 3.3, 2.3],
			"to": [8.5, 3.9, 12.8],
			"rotation": {"angle": 0, "axis": "y", "origin": [0, 0, 2]},
			"faces": {
				"north": {"uv": [8.5, 14.5, 9, 15.5], "rotation": 180, "texture": "#1"},
				"east": {"uv": [8.5, 14.5, 16, 15.5], "rotation": 180, "texture": "#1"},
				"south": {"uv": [8.5, 14.5, 16, 15.5], "rotation": 180, "texture": "#1"},
				"west": {"uv": [8.5, 14.5, 16, 16], "texture": "#1"},
				"up": {"uv": [8.5, 14.5, 16, 16], "rotation": 180, "texture": "#1"},
				"down": {"uv": [8.5, 14.5, 16, 15.5], "rotation": 180, "texture": "#1"}
			}
		},
		{
			"from": [9.15, 2.98, 3.9],
			"to": [9.5, 4.225, 9.9],
			"rotation": {"angle": 0, "axis": "y", "origin": [0, 0, 2]},
			"faces": {
				"north": {"uv": [13.5, 3, 14, 4], "rotation": 180, "texture": "#1"},
				"east": {"uv": [7, 2.5, 14, 4], "texture": "#1"},
				"south": {"uv": [7, 2, 7.5, 3], "rotation": 180, "texture": "#1"},
				"west": {"uv": [13, 2.5, 13.5, 3], "texture": "#1"},
				"up": {"uv": [7, 4, 7.5, 4.5], "rotation": 180, "texture": "#1"},
				"down": {"uv": [7, 4.5, 7.5, 5], "rotation": 180, "texture": "#1"}
			}
		},
		{
			"from": [6.5, 2.98, 3.9],
			"to": [6.85, 4.225, 9.9],
			"rotation": {"angle": 0, "axis": "y", "origin": [16, 0, 2]},
			"faces": {
				"north": {"uv": [14, 3, 13.5, 4], "rotation": 180, "texture": "#1"},
				"east": {"uv": [13.5, 2.5, 13, 3], "texture": "#1"},
				"south": {"uv": [7.5, 2, 7, 3], "rotation": 180, "texture": "#1"},
				"west": {"uv": [14, 2.5, 7, 4], "texture": "#1"},
				"up": {"uv": [7.5, 1, 7, 1.5], "rotation": 180, "texture": "#1"},
				"down": {"uv": [7.5, 0, 7, 0.5], "rotation": 180, "texture": "#1"}
			}
		},
		{
			"from": [7.38, 4.75, 3.9],
			"to": [8.62, 5.1, 9.9],
			"rotation": {"angle": 0, "axis": "z", "origin": [8, 3.6, 5.9]},
			"faces": {
				"north": {"uv": [14, 2, 13.5, 2.5], "rotation": 90, "texture": "#1"},
				"east": {"uv": [7.5, 3.5, 7, 4], "rotation": 270, "texture": "#1"},
				"south": {"uv": [7.5, 2, 7, 3], "rotation": 270, "texture": "#1"},
				"west": {"uv": [7.5, 4.5, 7, 5], "rotation": 270, "texture": "#1"},
				"up": {"uv": [14, 0.5, 7, 2], "rotation": 90, "texture": "#1"},
				"down": {"uv": [13.5, 3, 13, 2.5], "rotation": 90, "texture": "#1"}
			}
		},
		{
			"from": [7.38, 2.1, 3.9],
			"to": [8.62, 2.45, 9.9],
			"rotation": {"angle": 0, "axis": "z", "origin": [8, 3.6, 5.9]},
			"faces": {
				"north": {"uv": [13.5, 3, 14, 4], "rotation": 90, "texture": "#1"},
				"east": {"uv": [7, 1.5, 7.5, 2], "rotation": 270, "texture": "#1"},
				"south": {"uv": [7, 2, 7.5, 3], "rotation": 270, "texture": "#1"},
				"west": {"uv": [7, 3, 7.5, 3.5], "rotation": 270, "texture": "#1"},
				"up": {"uv": [13, 2.5, 13.5, 3], "rotation": 90, "texture": "#1"},
				"down": {"uv": [14, 3.5, 7, 5], "rotation": 270, "texture": "#1"}
			}
		},
		{
			"from": [7.15, 1.555, 4.9],
			"to": [8.845, 2.105, 8.9],
			"rotation": {"angle": 0, "axis": "z", "origin": [8, 3.6, 5.9]},
			"faces": {
				"north": {"uv": [12.5, 7, 13, 7.5], "rotation": 90, "texture": "#1"},
				"east": {"uv": [8.5, 14.5, 16, 16], "rotation": 270, "texture": "#1"},
				"south": {"uv": [8.5, 7, 9, 7.5], "rotation": 270, "texture": "#1"},
				"west": {"uv": [8.5, 14.5, 16, 15.5], "rotation": 270, "texture": "#1"},
				"up": {"uv": [8.5, 5, 13, 7], "rotation": 90, "texture": "#1"},
				"down": {"uv": [8.5, 5, 13, 7], "rotation": 270, "texture": "#1"}
			}
		},
		{
			"from": [7.155, 1.555, 4.9],
			"to": [8.12, 2.105, 8.9],
			"rotation": {"angle": 45, "axis": "z", "origin": [8, 3.6, 5.9]},
			"faces": {
				"north": {"uv": [12.5, 7, 13, 7.5], "rotation": 90, "texture": "#1"},
				"east": {"uv": [8.5, 7, 13, 7.5], "rotation": 180, "texture": "#1"},
				"south": {"uv": [8.5, 7, 9, 7.5], "rotation": 270, "texture": "#1"},
				"west": {"uv": [8.5, 14.5, 16, 15.5], "rotation": 270, "texture": "#1"},
				"up": {"uv": [8.5, 5, 13, 7], "rotation": 90, "texture": "#1"},
				"down": {"uv": [8.5, 5, 13, 7], "rotation": 270, "texture": "#1"}
			}
		},
		{
			"from": [7.88, 1.555, 4.9],
			"to": [8.845, 2.105, 8.9],
			"rotation": {"angle": -45, "axis": "z", "origin": [8, 3.6, 5.9]},
			"faces": {
				"north": {"uv": [12.5, 7, 13, 7.5], "rotation": 90, "texture": "#1"},
				"east": {"uv": [8.5, 14.5, 16, 16], "rotation": 270, "texture": "#1"},
				"south": {"uv": [8.5, 7, 9, 7.5], "rotation": 270, "texture": "#1"},
				"west": {"uv": [8.5, 7, 13, 7.5], "rotation": 180, "texture": "#1"},
				"up": {"uv": [8.5, 5, 13, 7], "rotation": 90, "texture": "#1"},
				"down": {"uv": [8.5, 5, 13, 7], "rotation": 270, "texture": "#1"}
			}
		},
		{
			"from": [7.38, 2.1, 3.9],
			"to": [8.62, 2.45, 9.9],
			"rotation": {"angle": -45, "axis": "z", "origin": [8, 3.6, 5.9]},
			"faces": {
				"north": {"uv": [13.5, 3, 14, 4], "rotation": 90, "texture": "#1"},
				"east": {"uv": [7, 4.5, 7.5, 5], "rotation": 270, "texture": "#1"},
				"south": {"uv": [7, 2, 7.5, 3], "rotation": 270, "texture": "#1"},
				"west": {"uv": [7, 1.5, 7.5, 2], "rotation": 270, "texture": "#1"},
				"up": {"uv": [13, 2.5, 13.5, 3], "rotation": 90, "texture": "#1"},
				"down": {"uv": [14, 3, 7, 4.5], "rotation": 270, "texture": "#1"}
			}
		},
		{
			"from": [7.38, 4.75, 3.9],
			"to": [8.62, 5.1, 9.9],
			"rotation": {"angle": -45, "axis": "z", "origin": [8, 3.6, 5.9]},
			"faces": {
				"north": {"uv": [14, 2, 13.5, 3], "rotation": 90, "texture": "#1"},
				"east": {"uv": [7.5, 3.5, 7, 4], "rotation": 270, "texture": "#1"},
				"south": {"uv": [7.5, 2, 7, 3], "rotation": 270, "texture": "#1"},
				"west": {"uv": [7.5, 4, 7, 4.5], "rotation": 270, "texture": "#1"},
				"up": {"uv": [14, 3.5, 7, 2], "rotation": 90, "texture": "#1"},
				"down": {"uv": [13.5, 2.5, 13, 3], "rotation": 90, "texture": "#1"}
			}
		},
		{
			"from": [6.5, 2.98, 3.9],
			"to": [6.85, 4.22, 9.9],
			"rotation": {"angle": -45, "axis": "z", "origin": [8, 3.6, 5.9]},
			"faces": {
				"north": {"uv": [14, 3, 13.5, 2], "rotation": 180, "texture": "#1"},
				"east": {"uv": [13, 2.5, 13.5, 3], "texture": "#1"},
				"south": {"uv": [7.5, 2, 7, 3], "rotation": 180, "texture": "#1"},
				"west": {"uv": [14, 1.5, 7, 0], "texture": "#1"},
				"up": {"uv": [7.5, 4.5, 7, 5], "rotation": 180, "texture": "#1"},
				"down": {"uv": [7.5, 3.5, 7, 4], "rotation": 180, "texture": "#1"}
			}
		},
		{
			"from": [9.15, 2.98, 3.9],
			"to": [9.5, 4.22, 9.9],
			"rotation": {"angle": -45, "axis": "z", "origin": [8, 3.6, 5.9]},
			"faces": {
				"north": {"uv": [13.5, 3, 14, 4], "rotation": 180, "texture": "#1"},
				"east": {"uv": [14, 4.5, 7, 3], "rotation": 180, "texture": "#1"},
				"south": {"uv": [7, 2, 7.5, 3], "rotation": 180, "texture": "#1"},
				"west": {"uv": [13, 2.5, 13.5, 3], "texture": "#1"},
				"up": {"uv": [7, 4, 7.5, 4.5], "rotation": 180, "texture": "#1"},
				"down": {"uv": [7, 4.5, 7.5, 5], "rotation": 180, "texture": "#1"}
			}
		},
		{
			"from": [9.05, 2.935, 5.3],
			"to": [9.6, 4.26, 5.8],
			"rotation": {"angle": -45, "axis": "z", "origin": [8, 3.6, 5.9]},
			"faces": {
				"north": {"uv": [8, 16, 8.5, 15.5], "rotation": 180, "texture": "#1"},
				"east": {"uv": [8, 16, 8.5, 15.5], "rotation": 180, "texture": "#1"},
				"south": {"uv": [8, 16, 8.5, 15.5], "rotation": 180, "texture": "#1"},
				"west": {"uv": [8, 16, 8.5, 15.5], "rotation": 180, "texture": "#1"},
				"up": {"uv": [8, 16, 8.5, 15.5], "rotation": 180, "texture": "#1"},
				"down": {"uv": [8, 16, 8.5, 15.5], "rotation": 180, "texture": "#1"}
			}
		},
		{
			"from": [9.05, 2.935, 5.3],
			"to": [9.6, 4.26, 5.8],
			"rotation": {"angle": 0, "axis": "y", "origin": [0, 0, 2]},
			"faces": {
				"north": {"uv": [8, 15.5, 8.5, 14.5], "rotation": 180, "texture": "#1"},
				"east": {"uv": [8, 15.5, 8.5, 14.5], "rotation": 180, "texture": "#1"},
				"south": {"uv": [8, 15.5, 8.5, 14.5], "rotation": 180, "texture": "#1"},
				"west": {"uv": [8, 15.5, 8.5, 14.5], "rotation": 180, "texture": "#1"},
				"up": {"uv": [8, 15.5, 8.5, 14.5], "rotation": 180, "texture": "#1"},
				"down": {"uv": [8, 15.5, 8.5, 14.5], "rotation": 180, "texture": "#1"}
			}
		},
		{
			"from": [7.34, 4.65, 5.3],
			"to": [8.665, 5.2, 5.8],
			"rotation": {"angle": -45, "axis": "z", "origin": [8, 3.6, 5.9]},
			"faces": {
				"north": {"uv": [8.5, 14.5, 8, 15], "rotation": 270, "texture": "#1"},
				"east": {"uv": [8.5, 14.5, 8, 15], "rotation": 270, "texture": "#1"},
				"south": {"uv": [8.5, 14.5, 8, 15], "rotation": 270, "texture": "#1"},
				"west": {"uv": [8.5, 14.5, 8, 15], "rotation": 270, "texture": "#1"},
				"up": {"uv": [8.5, 14.5, 8, 15], "rotation": 270, "texture": "#1"},
				"down": {"uv": [8.5, 14.5, 8, 15], "rotation": 270, "texture": "#1"}
			}
		},
		{
			"from": [7.335, 4.65, 5.3],
			"to": [8.665, 5.2, 5.8],
			"rotation": {"angle": 0, "axis": "z", "origin": [8, 3.6, 5.9]},
			"faces": {
				"north": {"uv": [8.5, 13.5, 8, 14], "rotation": 270, "texture": "#1"},
				"east": {"uv": [8.5, 13.5, 8, 14], "rotation": 270, "texture": "#1"},
				"south": {"uv": [8.5, 13.5, 8, 14], "rotation": 270, "texture": "#1"},
				"west": {"uv": [8.5, 13.5, 8, 14], "rotation": 270, "texture": "#1"},
				"up": {"uv": [8.5, 13.5, 8, 14], "rotation": 270, "texture": "#1"},
				"down": {"uv": [8.5, 13.5, 8, 14], "rotation": 270, "texture": "#1"}
			}
		},
		{
			"from": [6.4, 2.935, 5.3],
			"to": [6.95, 4.26, 5.8],
			"rotation": {"angle": -45, "axis": "z", "origin": [8, 3.6, 5.9]},
			"faces": {
				"north": {"uv": [8.5, 14.5, 8, 15], "rotation": 180, "texture": "#1"},
				"east": {"uv": [8.5, 14.5, 8, 15], "rotation": 180, "texture": "#1"},
				"south": {"uv": [8.5, 14.5, 8, 15], "rotation": 180, "texture": "#1"},
				"west": {"uv": [8.5, 14.5, 8, 15], "rotation": 180, "texture": "#1"},
				"up": {"uv": [8.5, 14.5, 8, 15], "rotation": 180, "texture": "#1"},
				"down": {"uv": [8.5, 14.5, 8, 15], "rotation": 180, "texture": "#1"}
			}
		},
		{
			"from": [6.4, 2.935, 5.3],
			"to": [6.95, 4.26, 5.8],
			"rotation": {"angle": 0, "axis": "y", "origin": [16, 0, 2]},
			"faces": {
				"north": {"uv": [8, 15.5, 8.5, 14.5], "rotation": 180, "texture": "#1"},
				"east": {"uv": [8, 15.5, 8.5, 14.5], "rotation": 180, "texture": "#1"},
				"south": {"uv": [8, 15.5, 8.5, 14.5], "rotation": 180, "texture": "#1"},
				"west": {"uv": [8, 15.5, 8.5, 14.5], "rotation": 180, "texture": "#1"},
				"up": {"uv": [8, 15.5, 8.5, 14.5], "rotation": 180, "texture": "#1"},
				"down": {"uv": [8, 15.5, 8.5, 14.5], "rotation": 180, "texture": "#1"}
			}
		},
		{
			"from": [6.95, 3.435, 5.4],
			"to": [9.05, 3.76, 5.7],
			"rotation": {"angle": 0, "axis": "y", "origin": [16, 0, 2]},
			"faces": {
				"north": {"uv": [9, 14.5, 8.5, 15.5], "rotation": 180, "texture": "#1"},
				"east": {"uv": [16, 14.5, 8.5, 16], "texture": "#1"},
				"south": {"uv": [16, 14.5, 8.5, 15.5], "rotation": 180, "texture": "#1"},
				"west": {"uv": [16, 14.5, 8.5, 15.5], "rotation": 180, "texture": "#1"},
				"up": {"uv": [8.5, 15.5, 8, 16], "rotation": 180, "texture": "#1"},
				"down": {"uv": [16, 14.5, 8.5, 15.5], "rotation": 180, "texture": "#1"}
			}
		},
		{
			"from": [7.8375, 2.5475, 5.4],
			"to": [8.1625, 4.6475, 5.7],
			"rotation": {"angle": 0, "axis": "z", "origin": [8, 3.5975, 5.55]},
			"faces": {
				"north": {"uv": [9, 14.5, 8.5, 15.5], "rotation": 270, "texture": "#1"},
				"east": {"uv": [16, 14.5, 8.5, 15.5], "rotation": 90, "texture": "#1"},
				"south": {"uv": [16, 14.5, 8.5, 15.5], "rotation": 90, "texture": "#1"},
				"west": {"uv": [16, 14.5, 8.5, 16], "rotation": 90, "texture": "#1"},
				"up": {"uv": [8.5, 15.5, 8, 16], "rotation": 270, "texture": "#1"},
				"down": {"uv": [16, 14.5, 8.5, 15.5], "rotation": 90, "texture": "#1"}
			}
		},
		{
			"from": [7.34, 2, 5.3],
			"to": [8.665, 2.55, 5.8],
			"rotation": {"angle": -45, "axis": "z", "origin": [8, 3.6, 5.9]},
			"faces": {
				"north": {"uv": [8, 15.5, 8.5, 16], "rotation": 90, "texture": "#1"},
				"east": {"uv": [8, 15.5, 8.5, 16], "rotation": 90, "texture": "#1"},
				"south": {"uv": [8, 15.5, 8.5, 16], "rotation": 90, "texture": "#1"},
				"west": {"uv": [8, 15.5, 8.5, 16], "rotation": 90, "texture": "#1"},
				"up": {"uv": [8, 15.5, 8.5, 16], "rotation": 90, "texture": "#1"},
				"down": {"uv": [8, 15.5, 8.5, 16], "rotation": 90, "texture": "#1"}
			}
		},
		{
			"from": [7.335, 2, 5.3],
			"to": [8.665, 2.55, 5.8],
			"rotation": {"angle": 0, "axis": "z", "origin": [8, 3.6, 5.9]},
			"faces": {
				"north": {"uv": [8, 15.5, 8.5, 16], "rotation": 270, "texture": "#1"},
				"east": {"uv": [8, 15.5, 8.5, 16], "rotation": 270, "texture": "#1"},
				"south": {"uv": [8, 15.5, 8.5, 16], "rotation": 270, "texture": "#1"},
				"west": {"uv": [8, 15.5, 8.5, 16], "rotation": 270, "texture": "#1"},
				"up": {"uv": [8, 15.5, 8.5, 16], "rotation": 270, "texture": "#1"},
				"down": {"uv": [8, 15.5, 8.5, 16], "rotation": 270, "texture": "#1"}
			}
		},
		{
			"from": [8.22929, 2.98871, 2.301],
			"to": [8.42929, 3.27071, 12.801],
			"rotation": {"angle": -45, "axis": "z", "origin": [8.5, 3.2, 3]},
			"faces": {
				"north": {"uv": [8.5, 14.5, 9, 15.5], "rotation": 180, "texture": "#1"},
				"east": {"uv": [8.5, 15, 16, 16], "rotation": 180, "texture": "#1"},
				"south": {"uv": [8.5, 14.5, 16, 15.5], "rotation": 180, "texture": "#1"},
				"west": {"uv": [8.5, 14.5, 16, 15.5], "rotation": 180, "texture": "#1"},
				"up": {"uv": [8.5, 14.5, 16, 16], "rotation": 180, "texture": "#1"},
				"down": {"uv": [8.5, 14.5, 16, 15.5], "rotation": 180, "texture": "#1"}
			}
		},
		{
			"from": [7.7, 3.1, 2.3],
			"to": [8.3, 3.35, 12.8],
			"rotation": {"angle": 0, "axis": "y", "origin": [0, 0, 2]},
			"faces": {
				"north": {"uv": [8.5, 14.5, 9, 15.5], "texture": "#1"},
				"east": {"uv": [8.5, 14.5, 16, 15.5], "texture": "#1"},
				"south": {"uv": [8.5, 14.5, 16, 15.5], "texture": "#1"},
				"west": {"uv": [8.5, 14.5, 16, 15.5], "texture": "#1"},
				"up": {"uv": [8.5, 14.5, 16, 16], "rotation": 90, "texture": "#1"},
				"down": {"uv": [8.5, 15.5, 16, 16], "rotation": 270, "texture": "#1"}
			}
		},
		{
			"from": [7.85, 2.65, 3],
			"to": [8.15, 2.95, 9.9],
			"rotation": {"angle": 0, "axis": "y", "origin": [8, 2.825, 7.55]},
			"faces": {
				"north": {"uv": [8.5, 15.5, 8, 16], "texture": "#1"},
				"east": {"uv": [8.5, 15.5, 8, 16], "texture": "#1"},
				"south": {"uv": [8.5, 15.5, 8, 16], "texture": "#1"},
				"west": {"uv": [8.5, 15.5, 8, 16], "texture": "#1"},
				"up": {"uv": [8.5, 15.5, 8, 16], "texture": "#1"},
				"down": {"uv": [8.5, 15.5, 8, 16], "texture": "#1"}
			}
		},
		{
			"from": [7.85, 2.8, 2.76],
			"to": [8.15, 3.1, 3.06],
			"rotation": {"angle": 45, "axis": "x", "origin": [8, 2.8, 2.85]},
			"faces": {
				"north": {"uv": [8.5, 15.5, 8, 16], "texture": "#1"},
				"east": {"uv": [8.5, 15.5, 8, 16], "texture": "#1"},
				"south": {"uv": [8.5, 15.5, 8, 16], "texture": "#1"},
				"west": {"uv": [8.5, 15.5, 8, 16], "texture": "#1"},
				"up": {"uv": [8.5, 15.5, 8, 16], "texture": "#1"},
				"down": {"uv": [8.5, 15.5, 8, 16], "texture": "#1"}
			}
		},
		{
			"from": [7.85, 2.86364, 2.785],
			"to": [8.15, 3.16364, 3.085],
			"rotation": {"angle": 0, "axis": "x", "origin": [8, 2.86364, 2.99849]},
			"faces": {
				"north": {"uv": [8.5, 15.5, 8, 16], "rotation": 270, "texture": "#1"},
				"east": {"uv": [8.5, 15.5, 8, 16], "rotation": 270, "texture": "#1"},
				"south": {"uv": [8.5, 15.5, 8, 16], "rotation": 270, "texture": "#1"},
				"west": {"uv": [8.5, 15.5, 8, 16], "rotation": 270, "texture": "#1"},
				"up": {"uv": [8.5, 15.5, 8, 16], "rotation": 270, "texture": "#1"},
				"down": {"uv": [8.5, 15.5, 8, 16], "rotation": 270, "texture": "#1"}
			}
		},
		{
			"from": [7.57071, 2.98871, 2.301],
			"to": [7.77071, 3.27071, 12.801],
			"rotation": {"angle": 45, "axis": "z", "origin": [7.5, 3.2, 3]},
			"faces": {
				"north": {"uv": [8.5, 14.5, 9, 15.5], "texture": "#1"},
				"east": {"uv": [8.5, 14.5, 16, 15.5], "texture": "#1"},
				"south": {"uv": [8.5, 14.5, 16, 15.5], "texture": "#1"},
				"west": {"uv": [8.5, 15, 16, 16], "texture": "#1"},
				"up": {"uv": [8.5, 14.5, 16, 16], "texture": "#1"},
				"down": {"uv": [8.5, 14.5, 16, 15.5], "texture": "#1"}
			}
		},
		{
			"from": [7.47071, 2.94871, 2.686],
			"to": [7.87071, 3.31571, 3.186],
			"rotation": {"angle": 45, "axis": "z", "origin": [7.5, 3.2, 3.5]},
			"faces": {
				"north": {"uv": [8.5, 15.5, 8, 16], "texture": "#1"},
				"east": {"uv": [8.5, 15.5, 8, 16], "texture": "#1"},
				"south": {"uv": [8.5, 15.5, 8, 16], "texture": "#1"},
				"west": {"uv": [8.5, 15.5, 8, 16], "texture": "#1"},
				"up": {"uv": [8.5, 15.5, 8, 16], "texture": "#1"},
				"down": {"uv": [8.5, 15.5, 8, 16], "texture": "#1"}
			}
		},
		{
			"from": [7.66, 3, 2.685],
			"to": [8.34, 3.45, 3.185],
			"rotation": {"angle": 0, "axis": "y", "origin": [0, 0, 2.5]},
			"faces": {
				"north": {"uv": [8.5, 15.5, 8, 16], "texture": "#1"},
				"east": {"uv": [8.5, 15.5, 8, 16], "texture": "#1"},
				"south": {"uv": [8.5, 15.5, 8, 16], "texture": "#1"},
				"west": {"uv": [8.5, 15.5, 8, 16], "texture": "#1"},
				"up": {"uv": [8.5, 15.5, 8, 16], "texture": "#1"},
				"down": {"uv": [8.5, 15.5, 8, 16], "texture": "#1"}
			}
		},
		{
			"from": [8.15, 3.26, 2.685],
			"to": [8.6, 3.94, 3.185],
			"rotation": {"angle": 0, "axis": "y", "origin": [0, 0, 2.5]},
			"faces": {
				"north": {"uv": [8, 13.5, 8.5, 14], "texture": "#1"},
				"east": {"uv": [8, 13.5, 8.5, 14], "texture": "#1"},
				"south": {"uv": [8, 13.5, 8.5, 14], "texture": "#1"},
				"west": {"uv": [8, 13.5, 8.5, 14], "texture": "#1"},
				"up": {"uv": [8, 13.5, 8.5, 14], "texture": "#1"},
				"down": {"uv": [8, 13.5, 8.5, 14], "texture": "#1"}
			}
		},
		{
			"from": [7.4, 3.26, 2.685],
			"to": [7.85, 3.94, 3.185],
			"rotation": {"angle": 0, "axis": "y", "origin": [0, 0, 2.5]},
			"faces": {
				"north": {"uv": [8, 14, 8.5, 13.5], "texture": "#1"},
				"east": {"uv": [8, 14, 8.5, 13.5], "texture": "#1"},
				"south": {"uv": [8, 14, 8.5, 13.5], "texture": "#1"},
				"west": {"uv": [8, 14, 8.5, 13.5], "texture": "#1"},
				"up": {"uv": [8, 14, 8.5, 13.5], "texture": "#1"},
				"down": {"uv": [8, 14, 8.5, 13.5], "texture": "#1"}
			}
		},
		{
			"from": [7.32929, 3.82571, 2.686],
			"to": [7.72929, 4.19271, 3.186],
			"rotation": {"angle": -45, "axis": "z", "origin": [7.5, 3.8, 3.5]},
			"faces": {
				"north": {"uv": [8, 14, 8.5, 13.5], "texture": "#1"},
				"east": {"uv": [8, 14, 8.5, 13.5], "texture": "#1"},
				"south": {"uv": [8, 14, 8.5, 13.5], "texture": "#1"},
				"west": {"uv": [8, 14, 8.5, 13.5], "texture": "#1"},
				"up": {"uv": [8, 14, 8.5, 13.5], "texture": "#1"},
				"down": {"uv": [8, 14, 8.5, 13.5], "texture": "#1"}
			}
		},
		{
			"from": [7.66, 3.75, 2.685],
			"to": [8.34, 4.2, 3.185],
			"rotation": {"angle": 0, "axis": "y", "origin": [0, 0, 2.5]},
			"faces": {
				"north": {"uv": [8, 14, 8.5, 13.5], "texture": "#1"},
				"east": {"uv": [8, 14, 8.5, 13.5], "texture": "#1"},
				"south": {"uv": [8, 14, 8.5, 13.5], "texture": "#1"},
				"west": {"uv": [8, 14, 8.5, 13.5], "texture": "#1"},
				"up": {"uv": [8, 14, 8.5, 13.5], "texture": "#1"},
				"down": {"uv": [8, 14, 8.5, 13.5], "texture": "#1"}
			}
		},
		{
			"from": [8.27071, 3.83071, 2.686],
			"to": [8.67071, 4.19771, 3.186],
			"rotation": {"angle": 45, "axis": "z", "origin": [8.5, 3.8, 3.5]},
			"faces": {
				"north": {"uv": [8, 14, 8.5, 13.5], "rotation": 180, "texture": "#1"},
				"east": {"uv": [8, 14, 8.5, 13.5], "rotation": 180, "texture": "#1"},
				"south": {"uv": [8, 14, 8.5, 13.5], "rotation": 180, "texture": "#1"},
				"west": {"uv": [8, 14, 8.5, 13.5], "rotation": 180, "texture": "#1"},
				"up": {"uv": [8, 14, 8.5, 13.5], "rotation": 180, "texture": "#1"},
				"down": {"uv": [8, 14, 8.5, 13.5], "rotation": 180, "texture": "#1"}
			}
		},
		{
			"from": [8.12929, 2.94371, 2.686],
			"to": [8.52929, 3.31071, 3.186],
			"rotation": {"angle": -45, "axis": "z", "origin": [8.5, 3.2, 3.5]},
			"faces": {
				"north": {"uv": [8.5, 15.5, 8, 16], "rotation": 180, "texture": "#1"},
				"east": {"uv": [8.5, 15.5, 8, 16], "rotation": 180, "texture": "#1"},
				"south": {"uv": [8.5, 15.5, 8, 16], "rotation": 180, "texture": "#1"},
				"west": {"uv": [8.5, 15.5, 8, 16], "rotation": 180, "texture": "#1"},
				"up": {"uv": [8.5, 15.5, 8, 16], "rotation": 180, "texture": "#1"},
				"down": {"uv": [8.5, 15.5, 8, 16], "rotation": 180, "texture": "#1"}
			}
		},
		{
			"from": [7.6, 4.4, 9.95],
			"to": [8.4, 4.7, 15.8],
			"rotation": {"angle": 0, "axis": "y", "origin": [8.4, 7.4, 5.7]},
			"faces": {
				"north": {"uv": [0, 4, 0.5, 4.5], "rotation": 270, "texture": "#1", "tintindex": 0},
				"east": {"uv": [14.5, 0, 15, 5.5], "rotation": 270, "texture": "#1", "tintindex": 0},
				"south": {"uv": [14.5, 0, 15, 0.5], "rotation": 270, "texture": "#1", "tintindex": 0},
				"west": {"uv": [15.5, 0, 16, 5.5], "rotation": 270, "texture": "#1", "tintindex": 0},
				"up": {"uv": [15, 0, 15.5, 5.5], "rotation": 180, "texture": "#1", "tintindex": 0},
				"down": {"uv": [0, 4, 0.5, 4.5], "rotation": 270, "texture": "#1", "tintindex": 0}
			}
		},
		{
			"from": [7.5, 4.6, 14.6],
			"to": [8.5, 5.1, 15.7],
			"rotation": {"angle": 0, "axis": "y", "origin": [8.4, 7.7, 5.6]},
			"faces": {
				"north": {"uv": [10.5, 14.5, 11.5, 15.5], "texture": "#1", "tintindex": 0},
				"east": {"uv": [10.5, 14.5, 11.5, 15.5], "texture": "#1", "tintindex": 0},
				"south": {"uv": [10.5, 14.5, 11.5, 15.5], "texture": "#1", "tintindex": 0},
				"west": {"uv": [10.5, 14.5, 11.5, 15.5], "texture": "#1", "tintindex": 0},
				"up": {"uv": [10.5, 14.5, 11.5, 15], "texture": "#1", "tintindex": 0},
				"down": {"uv": [10.5, 14.5, 11.5, 15.5], "texture": "#1", "tintindex": 0}
			}
		},
		{
			"from": [7.5, 5.1, 14.6],
			"to": [7.7, 5.6, 15.2],
			"rotation": {"angle": 0, "axis": "y", "origin": [8.4, 7.7, 5.6]},
			"faces": {
				"north": {"uv": [9, 14.5, 9.5, 15], "rotation": 270, "texture": "#1", "tintindex": 0},
				"east": {"uv": [9, 14.5, 9.5, 15], "rotation": 270, "texture": "#1", "tintindex": 0},
				"south": {"uv": [9, 14.5, 9.5, 15], "rotation": 270, "texture": "#1", "tintindex": 0},
				"west": {"uv": [9, 14.5, 9.5, 15], "rotation": 270, "texture": "#1", "tintindex": 0},
				"up": {"uv": [9, 14.5, 9.5, 15], "rotation": 270, "texture": "#1", "tintindex": 0},
				"down": {"uv": [9, 14.5, 9.5, 15], "rotation": 270, "texture": "#1", "tintindex": 0}
			}
		},
		{
			"from": [7.505, 4.96, 15.11],
			"to": [7.7, 5.315, 15.815],
			"rotation": {"angle": 45, "axis": "x", "origin": [7.6, 5.35, 15.5]},
			"faces": {
				"north": {"uv": [9, 14.5, 9.5, 15], "rotation": 270, "texture": "#1", "tintindex": 0},
				"east": {"uv": [9, 14.5, 9.5, 15], "rotation": 270, "texture": "#1", "tintindex": 0},
				"south": {"uv": [9, 14.5, 9.5, 15], "rotation": 270, "texture": "#1", "tintindex": 0},
				"west": {"uv": [9, 14.5, 9.5, 15], "rotation": 270, "texture": "#1", "tintindex": 0},
				"up": {"uv": [9, 14.5, 9.5, 15], "rotation": 270, "texture": "#1", "tintindex": 0},
				"down": {"uv": [9, 14.5, 9.5, 15], "rotation": 270, "texture": "#1", "tintindex": 0}
			}
		},
		{
			"from": [8.3, 4.96, 15.11],
			"to": [8.495, 5.315, 15.815],
			"rotation": {"angle": 45, "axis": "x", "origin": [7.6, 5.35, 15.5]},
			"faces": {
				"north": {"uv": [9, 14.5, 9.5, 15], "rotation": 270, "texture": "#1", "tintindex": 0},
				"east": {"uv": [9, 14.5, 9.5, 15], "rotation": 270, "texture": "#1", "tintindex": 0},
				"south": {"uv": [9, 14.5, 9.5, 15], "rotation": 270, "texture": "#1", "tintindex": 0},
				"west": {"uv": [9, 14.5, 9.5, 15], "rotation": 270, "texture": "#1", "tintindex": 0},
				"up": {"uv": [9, 14.5, 9.5, 15], "rotation": 270, "texture": "#1", "tintindex": 0},
				"down": {"uv": [9, 14.5, 9.5, 15], "rotation": 270, "texture": "#1", "tintindex": 0}
			}
		},
		{
			"from": [8.3, 5.1, 14.6],
			"to": [8.5, 5.6, 15.2],
			"rotation": {"angle": 0, "axis": "y", "origin": [8.4, 7.7, 5.6]},
			"faces": {
				"north": {"uv": [9, 14.5, 9.5, 15], "rotation": 270, "texture": "#1", "tintindex": 0},
				"east": {"uv": [9, 14.5, 9.5, 15], "rotation": 270, "texture": "#1", "tintindex": 0},
				"south": {"uv": [9, 14.5, 9.5, 15], "rotation": 270, "texture": "#1", "tintindex": 0},
				"west": {"uv": [9, 14.5, 9.5, 15], "rotation": 270, "texture": "#1", "tintindex": 0},
				"up": {"uv": [9, 14.5, 9.5, 15], "rotation": 270, "texture": "#1", "tintindex": 0},
				"down": {"uv": [9, 14.5, 9.5, 15], "rotation": 270, "texture": "#1", "tintindex": 0}
			}
		},
		{
			"from": [7.7, 5.1, 15],
			"to": [8.3, 5.3, 15.2],
			"rotation": {"angle": 0, "axis": "y", "origin": [8.4, 7.7, 5.6]},
			"faces": {
				"north": {"uv": [9, 14.5, 9.5, 15], "rotation": 270, "texture": "#1", "tintindex": 0},
				"east": {"uv": [9, 14.5, 9.5, 15], "rotation": 270, "texture": "#1", "tintindex": 0},
				"south": {"uv": [9, 14.5, 9.5, 15], "rotation": 270, "texture": "#1", "tintindex": 0},
				"west": {"uv": [9, 14.5, 9.5, 15], "rotation": 270, "texture": "#1", "tintindex": 0},
				"up": {"uv": [9, 14.5, 9.5, 15], "rotation": 270, "texture": "#1", "tintindex": 0},
				"down": {"uv": [9, 14.5, 9.5, 15], "rotation": 270, "texture": "#1", "tintindex": 0}
			}
		},
		{
			"from": [7.3, 2.25, 10.7],
			"to": [8.7, 3.05, 16.2],
			"faces": {
				"north": {"uv": [6, 5, 7, 6], "texture": "#1", "tintindex": 0},
				"east": {"uv": [0, 5, 6, 6.5], "texture": "#1", "tintindex": 0},
				"south": {"uv": [6, 5, 7, 6.5], "texture": "#1", "tintindex": 0},
				"west": {"uv": [6, 5, 0, 6.5], "texture": "#1", "tintindex": 0},
				"up": {"uv": [11, 5.5, 12.5, 7], "texture": "#1", "tintindex": 0},
				"down": {"uv": [0, 6.5, 6, 7], "rotation": 90, "texture": "#1", "tintindex": 0}
			}
		},
		{
			"from": [7.2, 3.05, 10.7],
			"to": [8.8, 4, 16.2],
			"faces": {
				"north": {"uv": [5.5, 3, 6.5, 4], "texture": "#1", "tintindex": 0},
				"east": {"uv": [0, 2.5, 6, 3.5], "texture": "#1", "tintindex": 0},
				"south": {"uv": [1, 1, 0, 2.5], "rotation": 90, "texture": "#1", "tintindex": 0},
				"west": {"uv": [6, 0, 0, 1], "texture": "#1", "tintindex": 0},
				"up": {"uv": [3, 1, 1.5, 2.5], "rotation": 90, "texture": "#1", "tintindex": 0},
				"down": {"uv": [1, 1.5, 6, 2], "texture": "#1", "tintindex": 0}
			}
		},
		{
			"from": [8.595, 3.05, 11.1],
			"to": [8.695, 4, 13.5],
			"faces": {
				"north": {"uv": [15.5, 13.5, 16, 14.5], "texture": "#1", "tintindex": 0},
				"east": {"uv": [15.5, 13.5, 16, 14.5], "texture": "#1", "tintindex": 0},
				"south": {"uv": [15.5, 13.5, 16, 14.5], "texture": "#1", "tintindex": 0},
				"west": {"uv": [15.5, 13.5, 16, 14.5], "texture": "#1", "tintindex": 0},
				"up": {"uv": [15.5, 13.5, 16, 14.5], "texture": "#1", "tintindex": 0},
				"down": {"uv": [15.5, 13.5, 16, 14.5], "texture": "#1", "tintindex": 0}
			}
		},
		{
			"from": [8.8, 3.15, 14.1],
			"to": [9.8, 3.9, 14.3],
			"faces": {
				"north": {"uv": [7, 5, 8.5, 6.5], "texture": "#1", "tintindex": 0},
				"east": {"uv": [7, 5, 7.5, 6.5], "texture": "#1", "tintindex": 0},
				"south": {"uv": [8.5, 5, 7, 6.5], "texture": "#1", "tintindex": 0},
				"west": {"uv": [5.5, 0.5, 0, 2], "texture": "#1", "tintindex": 0},
				"up": {"uv": [8.5, 5, 7, 5.5], "texture": "#1", "tintindex": 0},
				"down": {"uv": [7, 6, 8.5, 6.5], "texture": "#1", "tintindex": 0}
			}
		},
		{
			"from": [8.8, 3.65, 14.3],
			"to": [9.3, 3.8, 14.4],
			"faces": {
				"north": {"uv": [7.5, 6.5, 8, 7], "texture": "#1", "tintindex": 0},
				"east": {"uv": [7.5, 6.5, 8, 7], "texture": "#1", "tintindex": 0},
				"south": {"uv": [7.5, 6.5, 8, 7], "texture": "#1", "tintindex": 0},
				"west": {"uv": [7.5, 6.5, 8, 7], "texture": "#1", "tintindex": 0},
				"up": {"uv": [7.5, 6.5, 8, 7], "texture": "#1", "tintindex": 0},
				"down": {"uv": [7.5, 6.5, 8, 7], "texture": "#1", "tintindex": 0}
			}
		},
		{
			"from": [8.8, 3.25, 14.3],
			"to": [9.3, 3.4, 14.4],
			"faces": {
				"north": {"uv": [7.5, 6.5, 8, 7], "texture": "#1", "tintindex": 0},
				"east": {"uv": [7.5, 6.5, 8, 7], "texture": "#1", "tintindex": 0},
				"south": {"uv": [7.5, 6.5, 8, 7], "texture": "#1", "tintindex": 0},
				"west": {"uv": [7.5, 6.5, 8, 7], "texture": "#1", "tintindex": 0},
				"up": {"uv": [7.5, 6.5, 8, 7], "texture": "#1", "tintindex": 0},
				"down": {"uv": [7.5, 6.5, 8, 7], "texture": "#1", "tintindex": 0}
			}
		},
		{
			"from": [8.8, 3.25, 14.4],
			"to": [8.9, 3.4, 14.7],
			"faces": {
				"north": {"uv": [7.5, 6.5, 8, 7], "texture": "#1", "tintindex": 0},
				"east": {"uv": [7.5, 6.5, 8, 7], "texture": "#1", "tintindex": 0},
				"south": {"uv": [7.5, 6.5, 8, 7], "texture": "#1", "tintindex": 0},
				"west": {"uv": [7.5, 6.5, 8, 7], "texture": "#1", "tintindex": 0},
				"up": {"uv": [7.5, 6.5, 8, 7], "texture": "#1", "tintindex": 0},
				"down": {"uv": [7.5, 6.5, 8, 7], "texture": "#1", "tintindex": 0}
			}
		},
		{
			"from": [8.8, 3.65, 14.4],
			"to": [8.9, 3.8, 14.7],
			"faces": {
				"north": {"uv": [7.5, 6.5, 8, 7], "texture": "#1", "tintindex": 0},
				"east": {"uv": [7.5, 6.5, 8, 7], "texture": "#1", "tintindex": 0},
				"south": {"uv": [7.5, 6.5, 8, 7], "texture": "#1", "tintindex": 0},
				"west": {"uv": [7.5, 6.5, 8, 7], "texture": "#1", "tintindex": 0},
				"up": {"uv": [7.5, 6.5, 8, 7], "texture": "#1", "tintindex": 0},
				"down": {"uv": [7.5, 6.5, 8, 7], "texture": "#1", "tintindex": 0}
			}
		},
		{
			"from": [8.595, 3.275, 11.16],
			"to": [9.395, 3.425, 13.46],
			"rotation": {"angle": -22.5, "axis": "z", "origin": [8.35, 3.125, 13.45]},
			"faces": {
				"north": {"uv": [10.5, 2, 11, 2.5], "texture": "#1", "tintindex": 0},
				"east": {"uv": [10.5, 1, 11, 1.5], "texture": "#1", "tintindex": 0},
				"south": {"uv": [10.5, 2, 11, 2.5], "texture": "#1", "tintindex": 0},
				"west": {"uv": [10.5, 1, 11, 2.5], "texture": "#1", "tintindex": 0},
				"up": {"uv": [10.5, 1, 11, 2.5], "texture": "#1", "tintindex": 0},
				"down": {"uv": [10.5, 1, 11, 2.5], "texture": "#1", "tintindex": 0}
			}
		},
		{
			"from": [7.2, 2.45, 9.9],
			"to": [8.8, 4, 10.7],
			"faces": {
				"north": {"uv": [6, 4, 7, 5], "texture": "#1", "tintindex": 0},
				"east": {"uv": [6, 2.5, 7, 4], "texture": "#1", "tintindex": 0},
				"south": {"uv": [6, 3.5, 7, 5], "texture": "#1", "tintindex": 0},
				"west": {"uv": [7, 2.5, 6, 4], "texture": "#1", "tintindex": 0},
				"up": {"uv": [11, 5.5, 12.5, 7], "texture": "#1", "tintindex": 0},
				"down": {"uv": [6, 4, 7, 5], "texture": "#1", "tintindex": 0}
			}
		},
		{
			"from": [8.234, 3.6, 9.9],
			"to": [8.8, 4, 15.899],
			"rotation": {"angle": -45, "axis": "z", "origin": [8.8, 4, 10.2]},
			"faces": {
				"north": {"uv": [11, 5.5, 12.5, 7], "texture": "#1"},
				"east": {"uv": [11, 5.5, 12.5, 7], "texture": "#1"},
				"south": {"uv": [2, 3.5, 2.5, 4], "texture": "#1"},
				"west": {"uv": [11, 5.5, 12.5, 7], "texture": "#1"},
				"up": {"uv": [0, 2, 6, 2.5], "rotation": 90, "texture": "#1"},
				"down": {"uv": [11, 5.5, 12.5, 7], "texture": "#1"}
			}
		},
		{
			"from": [7.2, 3.6, 9.9],
			"to": [7.766, 4, 15.899],
			"rotation": {"angle": 45, "axis": "z", "origin": [7.2, 4, 10.2]},
			"faces": {
				"north": {"uv": [11, 5.5, 12.5, 7], "texture": "#1"},
				"east": {"uv": [11, 5.5, 12.5, 7], "texture": "#1"},
				"south": {"uv": [2, 3.5, 2.5, 4], "texture": "#1"},
				"west": {"uv": [11, 5.5, 12.5, 7], "texture": "#1"},
				"up": {"uv": [0, 1, 6, 1.5], "rotation": 90, "texture": "#1"},
				"down": {"uv": [11, 5.5, 12.5, 7], "texture": "#1"}
			}
		},
		{
			"from": [7.4, 4, 10.2],
			"to": [8.799, 4, 13],
			"faces": {
				"north": {"uv": [0.5, 3.5, 1, 4], "texture": "#1", "tintindex": 0},
				"east": {"uv": [0.5, 3.5, 1, 4], "texture": "#1", "tintindex": 0},
				"south": {"uv": [0.5, 3.5, 1, 4], "texture": "#1", "tintindex": 0},
				"west": {"uv": [0.5, 3.5, 1, 4], "texture": "#1", "tintindex": 0},
				"up": {"uv": [0.5, 3.5, 1, 4], "texture": "#1", "tintindex": 0},
				"down": {"uv": [0.5, 3.5, 1, 4], "texture": "#1", "tintindex": 0}
			}
		},
		{
			"from": [7.6, 4, 9.9],
			"to": [8.4, 4.4, 15.9],
			"rotation": {"angle": 0, "axis": "y", "origin": [0, 0, -0.3]},
			"faces": {
				"north": {"uv": [11, 5.5, 12.5, 7], "texture": "#1"},
				"east": {"uv": [11, 5.5, 12.5, 7], "texture": "#1"},
				"south": {"uv": [3, 0.5, 3.5, 1], "texture": "#1"},
				"west": {"uv": [11, 5.5, 12.5, 7], "texture": "#1"},
				"up": {"uv": [0, 4, 0.5, 4.5], "texture": "#1"},
				"down": {"uv": [11, 5.5, 12.5, 7], "texture": "#1"}
			}
		},
		{
			"from": [7.3, 1.15, 10.7],
			"to": [8.7, 2.25, 13],
			"rotation": {"angle": 0, "axis": "y", "origin": [8, 7.95, 8]},
			"faces": {
				"north": {"uv": [5, 5.5, 6, 7], "texture": "#1", "tintindex": 0},
				"east": {"uv": [3.5, 6, 6, 6.5], "texture": "#1", "tintindex": 0},
				"south": {"uv": [0, 6.5, 0.5, 7], "texture": "#1", "tintindex": 0},
				"west": {"uv": [6, 6, 3.5, 6.5], "texture": "#1", "tintindex": 0},
				"down": {"uv": [3, 5, 3.5, 5.5], "texture": "#1", "tintindex": 0}
			}
		},
		{
			"from": [7.4, -2.05, 10.8],
			"to": [8.6, 1.15, 12.9],
			"rotation": {"angle": 0, "axis": "y", "origin": [8, 7.95, 8]},
			"faces": {
				"north": {"uv": [7, 7, 8, 10.5], "texture": "#1", "tintindex": 0},
				"east": {"uv": [5, 7, 7, 10.5], "texture": "#1", "tintindex": 0},
				"south": {"uv": [7, 7, 8, 10.5], "texture": "#1", "tintindex": 0},
				"west": {"uv": [7, 7, 5, 10.5], "texture": "#1", "tintindex": 0},
				"down": {"uv": [3, 5, 3.5, 5.5], "texture": "#1", "tintindex": 0}
			}
		},
		{
			"from": [7.3, -2.45, 10.7],
			"to": [8.7, -2.05, 13],
			"rotation": {"angle": 0, "axis": "y", "origin": [8, 7.75, 9]},
			"faces": {
				"north": {"uv": [5, 10.5, 7, 11], "texture": "#1", "tintindex": 0},
				"east": {"uv": [5, 10.5, 7, 11], "texture": "#1", "tintindex": 0},
				"south": {"uv": [5, 10.5, 7, 11], "texture": "#1", "tintindex": 0},
				"west": {"uv": [5, 10.5, 7, 11], "texture": "#1", "tintindex": 0},
				"up": {"uv": [5, 11, 7, 11.5], "texture": "#1", "tintindex": 0},
				"down": {"uv": [5, 11, 7, 11.5], "texture": "#1", "tintindex": 0}
			}
		},
		{
			"from": [7.75, -2.55, 11.085],
			"to": [8.25, -2.35, 11.585],
			"rotation": {"angle": -45, "axis": "y", "origin": [8, -2.35, 11.335]},
			"faces": {
				"north": {"uv": [8.5, 14, 9, 14.5], "texture": "#1", "tintindex": 0},
				"east": {"uv": [8.5, 14, 9, 14.5], "texture": "#1", "tintindex": 0},
				"south": {"uv": [8.5, 14, 9, 14.5], "texture": "#1", "tintindex": 0},
				"west": {"uv": [8.5, 14, 9, 14.5], "texture": "#1", "tintindex": 0},
				"up": {"uv": [8.5, 14, 9, 14.5], "texture": "#1", "tintindex": 0},
				"down": {"uv": [8.5, 14, 9, 14.5], "texture": "#1", "tintindex": 0}
			}
		},
		{
			"from": [7.85, -2.65, 11.185],
			"to": [8.15, -2.55, 11.485],
			"rotation": {"angle": -45, "axis": "y", "origin": [8, -2.35, 11.335]},
			"faces": {
				"north": {"uv": [12, 15, 13, 16], "texture": "#1", "tintindex": 0},
				"east": {"uv": [12, 15, 13, 16], "texture": "#1", "tintindex": 0},
				"south": {"uv": [12, 15, 13, 16], "texture": "#1", "tintindex": 0},
				"west": {"uv": [12, 15, 13, 16], "texture": "#1", "tintindex": 0},
				"up": {"uv": [12, 15, 13, 16], "texture": "#1", "tintindex": 0},
				"down": {"uv": [12, 15, 13, 16], "texture": "#1", "tintindex": 0}
			}
		},
		{
			"from": [7.85, -2.65, 12.185],
			"to": [8.15, -2.55, 12.485],
			"rotation": {"angle": -45, "axis": "y", "origin": [8, -2.35, 12.335]},
			"faces": {
				"north": {"uv": [12, 15, 13, 16], "texture": "#1", "tintindex": 0},
				"east": {"uv": [12, 15, 13, 16], "texture": "#1", "tintindex": 0},
				"south": {"uv": [12, 15, 13, 16], "texture": "#1", "tintindex": 0},
				"west": {"uv": [12, 15, 13, 16], "texture": "#1", "tintindex": 0},
				"up": {"uv": [12, 15, 13, 16], "texture": "#1", "tintindex": 0},
				"down": {"uv": [12, 15, 13, 16], "texture": "#1", "tintindex": 0}
			}
		},
		{
			"from": [7.75, -2.55, 12.085],
			"to": [8.25, -2.35, 12.585],
			"rotation": {"angle": -45, "axis": "y", "origin": [8, -2.35, 12.335]},
			"faces": {
				"north": {"uv": [8.5, 14, 9, 14.5], "texture": "#1", "tintindex": 0},
				"east": {"uv": [8.5, 14, 9, 14.5], "texture": "#1", "tintindex": 0},
				"south": {"uv": [8.5, 14, 9, 14.5], "texture": "#1", "tintindex": 0},
				"west": {"uv": [8.5, 14, 9, 14.5], "texture": "#1", "tintindex": 0},
				"up": {"uv": [8.5, 14, 9, 14.5], "texture": "#1", "tintindex": 0},
				"down": {"uv": [8.5, 14, 9, 14.5], "texture": "#1", "tintindex": 0}
			}
		},
		{
			"from": [7.4, -0.6, 13.7],
			"to": [8.6, 2.7, 15],
			"rotation": {"angle": -22.5, "axis": "x", "origin": [8, 4.5, 15]},
			"faces": {
				"north": {"uv": [3, 6.5, 4, 9.5], "texture": "#1"},
				"east": {"uv": [1, 6.5, 0, 9.5], "texture": "#1"},
				"south": {"uv": [1, 6.5, 2, 9.5], "texture": "#1"},
				"west": {"uv": [3, 6.5, 2, 9.5], "texture": "#1"},
				"down": {"uv": [1, 9.5, 2, 10.5], "texture": "#1"}
			}
		},
		{
			"from": [7.6, 1.15032, 12.96977],
			"to": [8.45, 1.45032, 15.16977],
			"rotation": {"angle": 0, "axis": "y", "origin": [7.5, 7.95032, 7.96977]},
			"faces": {
				"north": {"uv": [0, 6.5, 0.5, 7], "texture": "#1"},
				"east": {"uv": [0, 6.5, 0.5, 7], "texture": "#1"},
				"south": {"uv": [0, 6.5, 0.5, 7], "texture": "#1"},
				"west": {"uv": [0, 6.5, 0.5, 7], "texture": "#1"},
				"up": {"uv": [0, 6.5, 0.5, 7], "texture": "#1"},
				"down": {"uv": [0, 6.5, 0.5, 7], "texture": "#1"}
			}
		},
		{
			"from": [7.8, 1.545, 13.925],
			"to": [8.2, 2.145, 14.25],
			"faces": {
				"north": {"uv": [8, 6, 8.5, 6.5], "texture": "#1"},
				"east": {"uv": [8, 6, 8.5, 6.5], "texture": "#1"},
				"south": {"uv": [8, 6, 8.5, 6.5], "texture": "#1"},
				"west": {"uv": [8, 6, 8.5, 6.5], "texture": "#1"},
				"up": {"uv": [8, 6, 8.5, 6.5], "texture": "#1"},
				"down": {"uv": [8, 6, 8.5, 6.5], "texture": "#1"}
			}
		},
		{
			"from": [7.855, 1.695, 14.225],
			"to": [8.155, 1.995, 14.79],
			"faces": {
				"north": {"uv": [8, 7, 8.5, 9], "rotation": 90, "texture": "#1"},
				"east": {"uv": [8, 7, 8.5, 8.5], "rotation": 90, "texture": "#1"},
				"south": {"uv": [8, 7, 8.5, 9], "rotation": 90, "texture": "#1"},
				"west": {"uv": [8, 7, 8.5, 8.5], "rotation": 90, "texture": "#1"},
				"up": {"uv": [8, 7.5, 8.5, 9], "texture": "#1"},
				"down": {"uv": [8, 7.5, 8.5, 9], "texture": "#1"}
			}
		},
		{
			"name": "Rear Sight 9",
			"from": [7.625, 5.22, 5.6],
			"to": [8.325, 6.12, 5.6],
			"rotation": {"angle": 0, "axis": "y", "origin": [8, 5.52, 5.6]},
			"faces": {
				"north": {"uv": [4.5, 10.5, 0, 16], "texture": "#1"},
				"east": {"uv": [0, 4, 0.5, 4.5], "rotation": 270, "texture": "#1"},
				"south": {"uv": [0, 10.5, 4.5, 16], "texture": "#1"},
				"west": {"uv": [0, 4, 0.5, 4.5], "rotation": 270, "texture": "#1"},
				"up": {"uv": [0, 4, 0.5, 4.5], "rotation": 270, "texture": "#1"},
				"down": {"uv": [0, 4, 0.5, 4.5], "rotation": 270, "texture": "#1"}
			}
		}
	],
	"display": {
		"thirdperson_righthand": {
			"translation": [0, 6.5, -6.75],
			"scale": [1.1, 1.1, 1.1]
		},
		"firstperson_righthand": {
			"translation": [-3.5, 8.5, 0],
			"scale": [0.8, 0.8, 0.8]
		},
		"firstperson_lefthand": {
			"translation": [3.75, -3.25, 0]
		},
		"ground": {
			"translation": [0, 5, -1]
		},
		"gui": {
			"rotation": [30, 225, 0],
			"translation": [1.25, 4.5, 0],
			"scale": [1.2, 1.2, 1.2]
		},
		"fixed": {
			"rotation": [0, 90, 0],
			"translation": [-3.25, 11.25, -2],
			"scale": [2, 2, 2]
		}
	},
	"groups": [
		{
			"name": "Chamber",
			"origin": [8.4, 7.4, 6],
			"color": 0,
			"children": []
		},
		{
			"name": "Barrel",
			"origin": [8.4, 7.4, 6],
			"color": 0,
			"children": [0, 1, 2, 3, 4, 5, 6, 7, 8, 9, 10, 11, 12, 13, 14, 15, 16, 17, 18, 19, 20, 21, 22, 23, 24, 25, 26, 27, 28, 29, 30, 31, 32, 33, 34, 35, 36, 37, 38, 39]
		},
		{
			"name": "Sight",
			"origin": [8, 4.4, 12.8],
			"color": 0,
			"children": [40, 41, 42, 43, 44, 45, 46]
		},
		{
			"name": "Receiver",
			"origin": [8, 7.95, 8],
			"color": 0,
			"children": [47, 48, 49, 50, 51, 52, 53, 54, 55, 56, 57, 58, 59, 60, 61, 62, 63, 64, 65, 66, 67]
		},
		{
			"name": "Handle",
			"origin": [0, 0, 0],
			"color": 0,
			"children": [68, 69, 70, 71]
		},
		{
			"name": "group",
			"origin": [8, 6.27, 13.8825],
			"color": 0,
			"children": [72]
		}
	]
}