{
	"credit": "Made with Blockbench",
	"texture_size": [32, 32],
	"textures": {
		"2": "moguns:items/hog_bonker",
		"particle": "moguns:items/hog_bonker"
	},
	"elements": [
		{
			"name": "Grip 1",
			"from": [7.4, 1.48909, 15.2217],
			"to": [8.6, 2.49659, 17.5317],
			"rotation": {"angle": 22.5, "axis": "x", "origin": [8, 1.99159, 16.37684]},
			"faces": {
				"north": {"uv": [4.5, 1, 8, 3], "texture": "#2"},
				"east": {"uv": [4.5, 1.5, 8, 3], "texture": "#2"},
				"south": {"uv": [4.5, 1, 8, 3], "texture": "#2"},
				"west": {"uv": [4.5, 1.5, 8, 3], "texture": "#2"},
				"up": {"uv": [4.5, 1, 8, 2.5], "rotation": 90, "texture": "#2"},
				"down": {"uv": [4.5, 1, 8, 3], "texture": "#2"}
			}
		},
		{
			"name": "Grip 2",
			"from": [7.6, 2.49659, 15.1217],
			"to": [8.4, 2.59659, 16.1317],
			"rotation": {"angle": 22.5, "axis": "x", "origin": [8, 1.99159, 16.37684]},
			"faces": {
				"north": {"uv": [2, 9, 2.5, 9.5], "rotation": 90, "texture": "#2"},
				"east": {"uv": [2, 9, 2.5, 9.5], "rotation": 90, "texture": "#2"},
				"south": {"uv": [2, 9, 2.5, 9.5], "rotation": 90, "texture": "#2"},
				"west": {"uv": [2, 9, 2.5, 9.5], "rotation": 90, "texture": "#2"},
				"up": {"uv": [2, 9, 2.5, 9.5], "rotation": 90, "texture": "#2"},
				"down": {"uv": [2, 9, 2.5, 9.5], "rotation": 90, "texture": "#2"}
			}
		},
		{
			"name": "Grip 3",
			"from": [7.8, 2.84141, 15.39119],
			"to": [8.2, 3.04141, 16.40119],
			"rotation": {"angle": 0, "axis": "x", "origin": [8, 2.79141, 15.89619]},
			"faces": {
				"north": {"uv": [3, 9.5, 3.5, 10], "rotation": 90, "texture": "#2"},
				"east": {"uv": [3, 9.5, 3.5, 10], "rotation": 90, "texture": "#2"},
				"south": {"uv": [3, 9.5, 3.5, 10], "rotation": 90, "texture": "#2"},
				"west": {"uv": [3, 9.5, 3.5, 10], "rotation": 90, "texture": "#2"},
				"up": {"uv": [3, 9.5, 3.5, 10], "rotation": 90, "texture": "#2"},
				"down": {"uv": [3, 9.5, 3.5, 10], "rotation": 90, "texture": "#2"}
			}
		},
		{
			"name": "Grip 2",
			"from": [7.402, 0.948, 16.706],
			"to": [8.598, 1.398, 17.456],
			"rotation": {"angle": -22.5, "axis": "x", "origin": [8, 2.29954, 17.051]},
			"faces": {
				"north": {"uv": [12, 4, 13, 4.5], "rotation": 90, "texture": "#2"},
				"east": {"uv": [12, 4, 13, 4.5], "rotation": 90, "texture": "#2"},
				"south": {"uv": [12, 4, 13, 4.5], "rotation": 90, "texture": "#2"},
				"west": {"uv": [12, 4, 13, 4.5], "rotation": 90, "texture": "#2"},
				"up": {"uv": [12, 4, 13, 4.5], "rotation": 90, "texture": "#2"},
				"down": {"uv": [12, 4, 13, 4.5], "rotation": 90, "texture": "#2"}
			}
		},
		{
			"name": "Grip 3",
			"from": [7.403, 1.37833, 17.62525],
			"to": [8.597, 1.87833, 21.31525],
			"rotation": {"angle": 22.5, "axis": "x", "origin": [8, 1.29333, 17.50025]},
			"faces": {
				"north": {"uv": [1, 5, 1.5, 5.5], "rotation": 90, "texture": "#2"},
				"east": {"uv": [1, 5.5, 4, 4.5], "texture": "#2"},
				"south": {"uv": [4, 1, 5, 2], "texture": "#2"},
				"west": {"uv": [1, 5.5, 4, 4.5], "texture": "#2"},
				"up": {"uv": [1, 5, 1.5, 5.5], "rotation": 90, "texture": "#2"},
				"down": {"uv": [0, 1, 3, 3], "rotation": 90, "texture": "#2"}
			}
		},
		{
			"name": "Cube",
			"from": [7.401, 1.1952, 17.30847],
			"to": [8.599, 1.7052, 18.33347],
			"rotation": {"angle": -22.5, "axis": "x", "origin": [8, 1.3202, 16.94847]},
			"faces": {
				"north": {"uv": [12, 1, 13, 2.5], "texture": "#2"},
				"east": {"uv": [12, 1, 13, 2.5], "texture": "#2"},
				"south": {"uv": [12, 1, 13, 2.5], "texture": "#2"},
				"west": {"uv": [12, 1, 13, 2.5], "texture": "#2"},
				"up": {"uv": [13, 1, 14.5, 3], "rotation": 90, "texture": "#2"},
				"down": {"uv": [12, 1, 13, 2.5], "texture": "#2"}
			}
		},
		{
			"name": "Cube",
			"from": [7.4, 1.1902, 18.08347],
			"to": [8.6, 2.2052, 21.24847],
			"rotation": {"angle": 0, "axis": "x", "origin": [8, 1.3202, 16.94847]},
			"faces": {
				"north": {"uv": [0, 0, 0, 0], "rotation": 180, "texture": "#2"},
				"east": {"uv": [0, 2.5, 4, 4.5], "texture": "#2"},
				"south": {"uv": [5, 1, 4, 3.5], "texture": "#2"},
				"west": {"uv": [0, 4.5, 4, 2.5], "texture": "#2"},
				"up": {"uv": [4, 1, 0, 2.5], "rotation": 90, "texture": "#2"},
				"down": {"uv": [13, 0, 14, 3.5], "rotation": 180, "texture": "#2"}
			}
		},
		{
			"name": "Cube",
			"from": [7.3, 1.2902, 18.48347],
			"to": [8.7, 2.3052, 20.74847],
			"rotation": {"angle": 0, "axis": "x", "origin": [8, 1.3202, 16.94847]},
			"faces": {
				"north": {"uv": [3.5, 9.5, 4, 12.5], "rotation": 180, "texture": "#2"},
				"east": {"uv": [0, 11, 4, 13], "texture": "#2"},
				"south": {"uv": [0.5, 11, 0, 13], "texture": "#2"},
				"west": {"uv": [0, 11, 4, 9], "texture": "#2"},
				"up": {"uv": [1, 10, 0.5, 11.5], "rotation": 90, "texture": "#2"},
				"down": {"uv": [0.5, 12.5, 4, 13], "rotation": 180, "texture": "#2"}
			}
		},
		{
			"name": "Cube",
			"from": [7.305, 2.8702, 19.91347],
			"to": [8.695, 3.0152, 20.19847],
			"rotation": {"angle": 45, "axis": "x", "origin": [8, 1.9977, 19.61597]},
			"faces": {
				"north": {"uv": [0.5, 10, 0, 12], "rotation": 90, "texture": "#2"},
				"east": {"uv": [0.5, 10, 0, 12], "rotation": 90, "texture": "#2"},
				"south": {"uv": [0.5, 10, 0, 12], "rotation": 90, "texture": "#2"},
				"west": {"uv": [0.5, 10, 0, 12], "rotation": 90, "texture": "#2"},
				"up": {"uv": [0.5, 10, 0, 12], "rotation": 90, "texture": "#2"},
				"down": {"uv": [0.5, 10, 0, 12], "rotation": 90, "texture": "#2"}
			}
		},
		{
			"name": "Cube",
			"from": [7.305, 0.82729, 19.13781],
			"to": [8.695, 1.11229, 19.28281],
			"rotation": {"angle": 45, "axis": "x", "origin": [8, 2.35479, 20.59531]},
			"faces": {
				"north": {"uv": [4, 9.5, 3.5, 12.5], "rotation": 270, "texture": "#2"},
				"east": {"uv": [3.5, 10, 4, 10.5], "rotation": 90, "texture": "#2"},
				"south": {"uv": [13, 0, 14, 3.5], "rotation": 180, "texture": "#2"},
				"west": {"uv": [3.5, 12, 4, 11.5], "rotation": 270, "texture": "#2"},
				"up": {"uv": [5, 1, 4, 3.5], "texture": "#2"},
				"down": {"uv": [0, 0, 0, 0], "texture": "#2"}
			}
		},
		{
			"name": "Cube",
			"from": [7.3, 2.3052, 18.68347],
			"to": [8.7, 2.5052, 20.54847],
			"rotation": {"angle": 0, "axis": "x", "origin": [8, 1.3202, 16.94847]},
			"faces": {
				"north": {"uv": [0, 0, 0, 0], "rotation": 180, "texture": "#2"},
				"east": {"uv": [0.5, 10, 3.5, 10.5], "texture": "#2"},
				"south": {"uv": [1.5, 10, 0.5, 12], "texture": "#2"},
				"west": {"uv": [0, 12, 4, 11.5], "texture": "#2"},
				"up": {"uv": [3.5, 10.5, 0.5, 11.5], "rotation": 90, "texture": "#2"},
				"down": {"uv": [2.5, 10, 3.5, 12], "rotation": 180, "texture": "#2"}
			}
		},
		{
			"name": "Cube",
			"from": [7.4, 0.6552, 19.27347],
			"to": [8.6, 1.1902, 21.24847],
			"rotation": {"angle": 0, "axis": "x", "origin": [8, 1.3202, 16.94847]},
			"faces": {
				"north": {"uv": [0, 0, 0, 0], "rotation": 180, "texture": "#2"},
				"east": {"uv": [2.5, 5, 0, 5.5], "texture": "#2"},
				"south": {"uv": [1.5, 3, 0, 4], "texture": "#2"},
				"west": {"uv": [0, 4.5, 2.5, 5], "texture": "#2"},
				"up": {"uv": [11, 0, 12, 3.5], "texture": "#2"},
				"down": {"uv": [13, 0, 14, 3.5], "rotation": 180, "texture": "#2"}
			}
		},
		{
			"name": "Cube",
			"from": [7.4, 0.3752, 20.56847],
			"to": [8.6, 0.6552, 21.24847],
			"rotation": {"angle": 0, "axis": "x", "origin": [8, 1.3202, 16.94847]},
			"faces": {
				"north": {"uv": [1.5, 5, 1, 5.5], "texture": "#2"},
				"east": {"uv": [1.5, 5, 1, 5.5], "texture": "#2"},
				"south": {"uv": [1.5, 5, 1, 5.5], "texture": "#2"},
				"west": {"uv": [1.5, 5, 1, 5.5], "texture": "#2"},
				"up": {"uv": [1.5, 5, 1, 5.5], "texture": "#2"},
				"down": {"uv": [1.5, 5, 1, 5.5], "texture": "#2"}
			}
		},
		{
			"name": "Cube",
			"from": [7.402, 1.3352, 17.03847],
			"to": [8.598, 1.7502, 17.16347],
			"rotation": {"angle": -45, "axis": "x", "origin": [8, 1.3777, 17.64847]},
			"faces": {
				"north": {"uv": [12, 4, 13, 4.5], "rotation": 90, "texture": "#2"},
				"east": {"uv": [12, 4, 13, 4.5], "rotation": 90, "texture": "#2"},
				"south": {"uv": [12, 4, 13, 4.5], "rotation": 90, "texture": "#2"},
				"west": {"uv": [12, 4, 13, 4.5], "rotation": 90, "texture": "#2"},
				"up": {"uv": [12, 4, 13, 4.5], "rotation": 90, "texture": "#2"},
				"down": {"uv": [12, 4, 13, 4.5], "rotation": 90, "texture": "#2"}
			}
		},
		{
			"name": "Cube",
			"from": [7.401, 1.7002, 13.70347],
			"to": [8.599, 2.9002, 15.50287],
			"rotation": {"angle": 0, "axis": "x", "origin": [8, 0.6402, 16.00347]},
			"faces": {
				"north": {"uv": [12.5, 2.5, 16, 4.5], "texture": "#2"},
				"east": {"uv": [16, 3, 12.5, 4.5], "texture": "#2"},
				"south": {"uv": [12.5, 2.5, 16, 4.5], "texture": "#2"},
				"west": {"uv": [9, 3, 12.5, 4.5], "texture": "#2"},
				"up": {"uv": [12.5, 2.5, 16, 4.5], "texture": "#2"},
				"down": {"uv": [12.5, 2.5, 16, 4.5], "texture": "#2"}
			}
		},
		{
			"name": "Cube",
			"from": [7.401, 1.7002, 13.50287],
			"to": [8.599, 2.9002, 13.70287],
			"rotation": {"angle": 0, "axis": "x", "origin": [8, 0.6402, 16.00347]},
			"faces": {
				"north": {"uv": [0, 8, 0.5, 8.5], "texture": "#2"},
				"east": {"uv": [0, 8, 0.5, 8.5], "texture": "#2"},
				"south": {"uv": [0, 8, 0.5, 8.5], "texture": "#2"},
				"west": {"uv": [0, 8, 0.5, 8.5], "texture": "#2"},
				"up": {"uv": [0, 8, 0.5, 8.5], "texture": "#2"},
				"down": {"uv": [0, 8, 0.5, 8.5], "texture": "#2"}
			}
		},
		{
			"name": "Cube",
			"from": [7.5, 2.5002, 14.10347],
			"to": [8.5, 3.3002, 15.50347],
			"rotation": {"angle": 0, "axis": "x", "origin": [8, 1.5152, 21.97347]},
			"faces": {
				"north": {"uv": [0, 0, 0, 0], "rotation": 180, "texture": "#2"},
				"east": {"uv": [5.5, 0.5, 0, 1], "texture": "#2"},
				"south": {"uv": [7.5, 4.5, 6.5, 5.5], "texture": "#2"},
				"west": {"uv": [7.5, 1, 13, 0.5], "texture": "#2"},
				"up": {"uv": [6, 6, 7, 8], "texture": "#2"},
				"down": {"uv": [13, 0, 14, 3.5], "rotation": 180, "texture": "#2"}
			}
		},
		{
			"name": "Cube",
			"from": [7.89, 2.5002, 13.82847],
			"to": [8.11, 3.3002, 14.12847],
			"rotation": {"angle": 0, "axis": "x", "origin": [8, 1.5152, 21.97347]},
			"faces": {
				"north": {"uv": [0, 0, 0, 0], "rotation": 180, "texture": "#2"},
				"east": {"uv": [5.5, 0.5, 0, 1], "texture": "#2"},
				"south": {"uv": [7.5, 4.5, 6.5, 5.5], "texture": "#2"},
				"west": {"uv": [7.5, 1, 13, 0.5], "texture": "#2"},
				"up": {"uv": [6.5, 4.5, 7.5, 5.5], "texture": "#2"},
				"down": {"uv": [13, 0, 14, 3.5], "rotation": 180, "texture": "#2"}
			}
		},
		{
			"name": "Cube",
			"from": [7.775, 2.1002, 14.08847],
			"to": [8.775, 3.2952, 15.48847],
			"rotation": {"angle": -22.5, "axis": "y", "origin": [8.6, 2.9002, 14.80347]},
			"faces": {
				"north": {"uv": [0, 0, 0, 0], "rotation": 180, "texture": "#2"},
				"east": {"uv": [6, 5.5, 5, 8], "rotation": 90, "texture": "#2"},
				"south": {"uv": [7.5, 4.5, 6.5, 5.5], "texture": "#2"},
				"west": {"uv": [7.5, 1, 13, 0.5], "texture": "#2"},
				"up": {"uv": [6.5, 5.5, 7, 8], "texture": "#2"},
				"down": {"uv": [0, 8, 0.5, 8.5], "rotation": 180, "texture": "#2"}
			}
		},
		{
			"name": "Cube",
			"from": [7.225, 2.1002, 14.08847],
			"to": [8.225, 3.2952, 15.48847],
			"rotation": {"angle": 22.5, "axis": "y", "origin": [7.4, 2.9002, 14.80347]},
			"faces": {
				"north": {"uv": [0, 0, 0, 0], "rotation": 180, "texture": "#2"},
				"east": {"uv": [13, 1, 7.5, 0.5], "texture": "#2"},
				"south": {"uv": [6.5, 4.5, 7.5, 5.5], "texture": "#2"},
				"west": {"uv": [6, 8, 5, 5.5], "rotation": 90, "texture": "#2"},
				"up": {"uv": [5, 5.5, 4.5, 8], "texture": "#2"},
				"down": {"uv": [0.5, 8, 0, 8.5], "rotation": 180, "texture": "#2"}
			}
		},
		{
			"name": "Grip 2",
			"from": [7.7, 0.65032, 14.76977],
			"to": [8.35, 0.95032, 15.81977],
			"rotation": {"angle": 0, "axis": "y", "origin": [7.5, 7.75032, 8.76977]},
			"faces": {
				"north": {"uv": [3.5, 12.5, 4, 13], "texture": "#2"},
				"east": {"uv": [3.5, 12.5, 4, 13], "texture": "#2"},
				"south": {"uv": [3.5, 12.5, 4, 13], "texture": "#2"},
				"west": {"uv": [3.5, 12.5, 4, 13], "texture": "#2"},
				"up": {"uv": [3.5, 12.5, 4, 13], "texture": "#2"},
				"down": {"uv": [3.5, 12.5, 4, 13], "texture": "#2"}
			}
		},
		{
			"name": "Trigger",
			"from": [7.9, 1.18, 15.325],
			"to": [8.15, 2.015, 15.55],
			"rotation": {"angle": -45, "axis": "x", "origin": [8, 1.3375, 15.4875]},
			"faces": {
				"north": {"uv": [6.5, 4.5, 7.5, 5.5], "texture": "#2"},
				"east": {"uv": [6.5, 4.5, 7.5, 5.5], "texture": "#2"},
				"south": {"uv": [6.5, 4.5, 7.5, 5.5], "texture": "#2"},
				"west": {"uv": [6.5, 4.5, 7.5, 5.5], "texture": "#2"},
				"up": {"uv": [6.5, 4.5, 7.5, 5.5], "texture": "#2"},
				"down": {"uv": [6.5, 4.5, 7.5, 5.5], "texture": "#2"}
			}
		},
		{
			"name": "Trigger",
			"from": [7.935, 1.34, 15.525],
			"to": [8.11, 1.515, 16.05],
			"rotation": {"angle": -45, "axis": "x", "origin": [8, 1.3375, 15.4875]},
			"faces": {
				"north": {"uv": [6.5, 4.5, 7.5, 5.5], "texture": "#2"},
				"east": {"uv": [6.5, 4.5, 7.5, 5.5], "texture": "#2"},
				"south": {"uv": [6.5, 4.5, 7.5, 5.5], "texture": "#2"},
				"west": {"uv": [6.5, 4.5, 7.5, 5.5], "texture": "#2"},
				"up": {"uv": [6.5, 4.5, 7.5, 5.5], "texture": "#2"},
				"down": {"uv": [6.5, 4.5, 7.5, 5.5], "texture": "#2"}
			}
		},
		{
			"name": "Grip 3",
			"from": [7.7, 0.32532, 15.55977],
			"to": [8.35, 0.62532, 16.00977],
			"rotation": {"angle": -45, "axis": "x", "origin": [8.025, 0.80032, 15.29477]},
			"faces": {
				"north": {"uv": [3.5, 12.5, 4, 13], "texture": "#2"},
				"east": {"uv": [3.5, 12.5, 4, 13], "texture": "#2"},
				"south": {"uv": [3.5, 12.5, 4, 13], "texture": "#2"},
				"west": {"uv": [3.5, 12.5, 4, 13], "texture": "#2"},
				"up": {"uv": [3.5, 12.5, 4, 13], "texture": "#2"},
				"down": {"uv": [3.5, 12.5, 4, 13], "texture": "#2"}
			}
		},
		{
			"name": "Grip 4",
			"from": [7.7, 1.06532, 14.818],
			"to": [8.35, 1.51532, 15.118],
			"rotation": {"angle": -45, "axis": "x", "origin": [8.025, 0.80032, 15.29477]},
			"faces": {
				"north": {"uv": [3.5, 12.5, 4, 13], "rotation": 90, "texture": "#2"},
				"east": {"uv": [3.5, 12.5, 4, 13], "rotation": 90, "texture": "#2"},
				"south": {"uv": [3.5, 12.5, 4, 13], "rotation": 90, "texture": "#2"},
				"west": {"uv": [3.5, 12.5, 4, 13], "rotation": 90, "texture": "#2"},
				"up": {"uv": [3.5, 12.5, 4, 13], "rotation": 90, "texture": "#2"},
				"down": {"uv": [3.5, 12.5, 4, 13], "rotation": 90, "texture": "#2"}
			}
		},
		{
			"name": "Grip 3",
			"from": [7.7, 0.97032, 15.83477],
			"to": [8.35, 1.70032, 16.13477],
			"rotation": {"angle": 0, "axis": "x", "origin": [8.025, 0.80032, 15.29477]},
			"faces": {
				"north": {"uv": [3.5, 12.5, 4, 13], "rotation": 270, "texture": "#2"},
				"east": {"uv": [3.5, 12.5, 4, 13], "rotation": 270, "texture": "#2"},
				"south": {"uv": [3.5, 12.5, 4, 13], "rotation": 270, "texture": "#2"},
				"west": {"uv": [3.5, 12.5, 4, 13], "rotation": 270, "texture": "#2"},
				"up": {"uv": [3.5, 12.5, 4, 13], "rotation": 270, "texture": "#2"},
				"down": {"uv": [3.5, 12.5, 4, 13], "rotation": 270, "texture": "#2"}
			}
		},
		{
			"name": "Grip 4",
			"from": [7.7, 0.97032, 14.451],
			"to": [8.35, 1.70032, 14.751],
			"rotation": {"angle": 0, "axis": "x", "origin": [8.025, 0.80032, 15.29477]},
			"faces": {
				"north": {"uv": [3.5, 12.5, 4, 13], "rotation": 270, "texture": "#2"},
				"east": {"uv": [3.5, 12.5, 4, 13], "rotation": 270, "texture": "#2"},
				"south": {"uv": [3.5, 12.5, 4, 13], "rotation": 270, "texture": "#2"},
				"west": {"uv": [3.5, 12.5, 4, 13], "rotation": 270, "texture": "#2"},
				"up": {"uv": [3.5, 12.5, 4, 13], "rotation": 270, "texture": "#2"},
				"down": {"uv": [3.5, 12.5, 4, 13], "rotation": 270, "texture": "#2"}
			}
		},
		{
			"name": "Grip 5",
			"from": [7.9, 0.97032, 13.751],
			"to": [8.15, 1.70032, 14.451],
			"rotation": {"angle": 0, "axis": "x", "origin": [8.025, 0.80032, 15.29477]},
			"faces": {
				"north": {"uv": [10, 11.5, 10.5, 13], "rotation": 270, "texture": "#2"},
				"east": {"uv": [9, 11.5, 10.5, 13], "rotation": 270, "texture": "#2"},
				"south": {"uv": [9, 11.5, 10.5, 13], "rotation": 270, "texture": "#2"},
				"west": {"uv": [9, 11.5, 10.5, 13], "rotation": 270, "texture": "#2"},
				"up": {"uv": [9, 11.5, 10.5, 13], "rotation": 270, "texture": "#2"},
				"down": {"uv": [9, 12.5, 10.5, 13], "rotation": 270, "texture": "#2"}
			}
		}
	],
	"display": {
		"thirdperson_righthand": {
			"translation": [0, 6.5, -6.75],
			"scale": [1.1, 1.1, 1.1]
		},
		"firstperson_righthand": {
			"translation": [-3.5, 8.5, 0],
			"scale": [0.8, 0.8, 0.8]
		},
		"firstperson_lefthand": {
			"translation": [3.75, -3.25, 0]
		},
		"ground": {
			"translation": [0, 5, -1]
		},
		"gui": {
			"rotation": [30, 225, 0],
			"translation": [1.25, 4.5, 0],
			"scale": [1.2, 1.2, 1.2]
		},
		"fixed": {
			"rotation": [0, 90, 0],
			"translation": [-3.25, 11.25, -2],
			"scale": [2, 2, 2]
		}
	},
	"groups": [
		{
			"name": "Stock",
			"origin": [8, 1.3777, 17.64847],
			"color": 0,
			"children": [0, 1, 2, 3, 4, 5, 6, 7, 8, 9, 10, 11, 12, 13]
		},
		{
			"name": "Receiver",
			"origin": [8, 3.4502, 14.55347],
			"color": 0,
			"children": [
				14,
				15,
				16,
				17,
				18,
				19,
				{
					"name": "Magazine",
					"origin": [8, 1.05, 10.625],
					"color": 0,
					"children": [
						{
							"name": "Magazine",
							"origin": [8, 1.05, 10.5],
							"color": 0,
							"children": []
						}
					]
				}
			]
		},
		{
			"name": "Handguard",
			"origin": [8.3, 3.6002, 6.90347],
			"color": 0,
			"children": []
		},
		{
			"name": "Trigger",
			"origin": [8.025, 1.00032, 14.29477],
			"color": 0,
			"children": [20, 21, 22, 23, 24, 25, 26, 27]
		}
	]
}