{
	"credit": "Made with Blockbench",
	"texture_size": [32, 32],
	"textures": {
		"2": "moguns:items/lanchester",
		"particle": "moguns:items/lanchester"
	},
	"elements": [
		{
			"name": "Barrel 9",
			"from": [7.695, 2.9, 12.7],
			"to": [8.495, 3.4, 14.105],
			"rotation": {"angle": 0, "axis": "y", "origin": [0, -0.5, 7.7]},
			"faces": {
				"north": {"uv": [5.5, 4.5, 6.5, 5.5], "texture": "#2"},
				"east": {"uv": [5.5, 4.5, 6.5, 5.5], "texture": "#2"},
				"south": {"uv": [5.5, 4.5, 6.5, 5.5], "texture": "#2"},
				"west": {"uv": [5.5, 4.5, 6.5, 5.5], "texture": "#2"},
				"up": {"uv": [5.5, 4.5, 6.5, 5.5], "texture": "#2"},
				"down": {"uv": [5.5, 4.5, 6.5, 5.5], "texture": "#2"}
			}
		},
		{
			"name": "Barrel 10",
			"from": [7.695, 2.9, 13.1],
			"to": [8.895, 3.1, 13.3],
			"rotation": {"angle": 0, "axis": "y", "origin": [0, -0.5, 7.7]},
			"faces": {
				"north": {"uv": [5.5, 4.5, 6.5, 5.5], "texture": "#2"},
				"east": {"uv": [5.5, 4.5, 6.5, 5.5], "texture": "#2"},
				"south": {"uv": [5.5, 4.5, 6.5, 5.5], "texture": "#2"},
				"west": {"uv": [5.5, 4.5, 6.5, 5.5], "texture": "#2"},
				"up": {"uv": [5.5, 4.5, 6.5, 5.5], "texture": "#2"},
				"down": {"uv": [5.5, 4.5, 6.5, 5.5], "texture": "#2"}
			}
		}
	],
	"display": {
		"thirdperson_righthand": {
			"translation": [0, 6.5, -6.75],
			"scale": [1.1, 1.1, 1.1]
		},
		"firstperson_righthand": {
			"translation": [-3.5, 8.5, 0],
			"scale": [0.8, 0.8, 0.8]
		},
		"firstperson_lefthand": {
			"translation": [3.75, -3.25, 0]
		},
		"ground": {
			"translation": [0, 5, -1]
		},
		"gui": {
			"rotation": [30, 225, 0],
			"translation": [1.25, 4.5, 0],
			"scale": [1.2, 1.2, 1.2]
		},
		"fixed": {
			"rotation": [0, 90, 0],
			"translation": [-3.25, 11.25, -2],
			"scale": [2, 2, 2]
		}
	},
	"groups": [
		{
			"name": "Barrel",
			"origin": [8.5, 3.3, -5.1],
			"color": 0,
			"children": [
				{
					"name": "Spring",
					"origin": [0, -0.5, 7.7],
					"color": 0,
					"children": [0, 1]
				},
				{
					"name": "group",
					"origin": [8.5, 3.3, 3.6],
					"color": 0,
					"children": []
				}
			]
		},
		{
			"name": "Stock",
			"origin": [8, 1.3777, 17.64847],
			"color": 0,
			"children": []
		},
		{
			"name": "Receiver",
			"origin": [8, 3.4502, 14.55347],
			"color": 0,
			"children": []
		},
		{
			"name": "Handguard",
			"origin": [8.3, 3.6002, 6.90347],
			"color": 0,
			"children": []
		},
		{
			"name": "Chamber",
			"origin": [8, 1.9152, 21.97347],
			"color": 0,
			"children": []
		},
		{
			"name": "Trigger",
			"origin": [8.025, 1.00032, 14.29477],
			"color": 0,
			"children": []
		}
	]
}