{
	"credit": "Made with Blockbench",
	"texture_size": [32, 32],
	"textures": {
		"2": "moguns:items/lanchester",
		"particle": "moguns:items/lanchester"
	},
	"elements": [
		{
			"name": "Barrel 2",
			"from": [7.66, 3.25, 8.8],
			"to": [8.34, 3.7, 9.905],
			"rotation": {"angle": 0, "axis": "y", "origin": [0, -0.5, 2.6]},
			"faces": {
				"north": {"uv": [10, 5.5, 10.5, 6], "texture": "#2"},
				"east": {"uv": [1, 15.5, 2, 16], "texture": "#2"},
				"south": {"uv": [1.5, 14, 2, 14.5], "texture": "#2"},
				"west": {"uv": [1.5, 14.5, 2, 15], "texture": "#2"},
				"up": {"uv": [0, 14, 2, 13], "rotation": 90, "texture": "#2"},
				"down": {"uv": [1, 15.5, 0, 16], "rotation": 90, "texture": "#2"}
			}
		},
		{
			"name": "Barrel 3",
			"from": [7.32929, 3.33071, 8.801],
			"to": [7.62929, 3.69271, 9.906],
			"rotation": {"angle": -45, "axis": "z", "origin": [7.5, 3.3, 3.6]},
			"faces": {
				"north": {"uv": [11, 5.5, 11.5, 6], "texture": "#2"},
				"east": {"uv": [11, 5.5, 11.5, 6], "texture": "#2"},
				"south": {"uv": [1.5, 15.5, 2, 16], "texture": "#2"},
				"west": {"uv": [0, 13, 2, 13.5], "texture": "#2"},
				"up": {"uv": [1.5, 14.5, 2, 15], "texture": "#2"},
				"down": {"uv": [1.5, 13.5, 2, 14], "texture": "#2"}
			}
		},
		{
			"name": "Barrel 4",
			"from": [7.4, 2.76, 8.8],
			"to": [7.85, 3.44, 9.905],
			"rotation": {"angle": 0, "axis": "y", "origin": [0, -0.5, 2.6]},
			"faces": {
				"north": {"uv": [11, 5.5, 11.5, 6], "texture": "#2"},
				"east": {"uv": [0, 6, 4.5, 6.5], "rotation": 180, "texture": "#2"},
				"south": {"uv": [0.5, 12.5, 1, 13], "texture": "#2"},
				"west": {"uv": [0, 13.5, 2, 12.5], "texture": "#2"},
				"up": {"uv": [0, 7, 0.5, 7.5], "texture": "#2"},
				"down": {"uv": [0, 7.5, 0.5, 8], "texture": "#2"}
			}
		},
		{
			"name": "Barrel 5",
			"from": [6.4, 2.86, 8.9],
			"to": [7.45, 3.34, 9.705],
			"rotation": {"angle": 0, "axis": "y", "origin": [0, -0.5, 2.6]},
			"faces": {
				"north": {"uv": [10, 5.5, 11.5, 4.5], "texture": "#2"},
				"east": {"uv": [10, 5.5, 11.5, 4.5], "texture": "#2"},
				"south": {"uv": [10, 5.5, 11.5, 4.5], "texture": "#2"},
				"west": {"uv": [10, 5.5, 11.5, 4.5], "texture": "#2"},
				"up": {"uv": [10, 5, 11.5, 4.5], "texture": "#2"},
				"down": {"uv": [10, 6, 11.5, 5.5], "texture": "#2"}
			}
		},
		{
			"name": "Barrel 6",
			"from": [2.1, 2.88, 9],
			"to": [7.45, 3.32, 9.605],
			"rotation": {"angle": 0, "axis": "y", "origin": [0, -0.5, 1.9]},
			"faces": {
				"north": {"uv": [9, 4.5, 7.5, 9], "rotation": 90, "texture": "#2"},
				"east": {"uv": [10, 5.5, 11.5, 4.5], "texture": "#2"},
				"south": {"uv": [9, 4.5, 7.5, 9], "rotation": 90, "texture": "#2"},
				"west": {"uv": [9, 8.5, 7.5, 9], "rotation": 90, "texture": "#2"},
				"up": {"uv": [9, 4.5, 8.5, 9], "rotation": 90, "texture": "#2"},
				"down": {"uv": [9, 9, 9.5, 4.5], "texture": "#2"}
			}
		},
		{
			"name": "Barrel 7",
			"from": [2, 2.86, 8.9],
			"to": [2.45, 3.34, 9.705],
			"rotation": {"angle": 0, "axis": "y", "origin": [0, -0.5, 2.6]},
			"faces": {
				"north": {"uv": [7.5, 4.5, 6.5, 5.5], "rotation": 90, "texture": "#2"},
				"east": {"uv": [7.5, 4.5, 6.5, 5.5], "rotation": 90, "texture": "#2"},
				"south": {"uv": [7.5, 4.5, 6.5, 5.5], "rotation": 90, "texture": "#2"},
				"west": {"uv": [7.5, 4.5, 6.5, 5.5], "rotation": 90, "texture": "#2"},
				"up": {"uv": [7.5, 4.5, 6.5, 5.5], "rotation": 90, "texture": "#2"},
				"down": {"uv": [7.5, 4.5, 6.5, 5.5], "rotation": 90, "texture": "#2"}
			}
		},
		{
			"name": "Barrel 6",
			"from": [7.2, 2.86, 9.705],
			"to": [7.4, 3.34, 9.905],
			"rotation": {"angle": 0, "axis": "y", "origin": [0, -0.5, 2.6]},
			"faces": {
				"north": {"uv": [10, 5.5, 11.5, 4.5], "texture": "#2"},
				"east": {"uv": [10, 5.5, 11.5, 4.5], "texture": "#2"},
				"south": {"uv": [10, 5.5, 11.5, 4.5], "texture": "#2"},
				"west": {"uv": [10, 5.5, 11.5, 4.5], "texture": "#2"},
				"up": {"uv": [10, 5, 11.5, 4.5], "texture": "#2"},
				"down": {"uv": [10, 6, 11.5, 5.5], "texture": "#2"}
			}
		},
		{
			"name": "Barrel 7",
			"from": [7.235, 2.81, 9.74],
			"to": [7.365, 3.39, 9.87],
			"rotation": {"angle": 0, "axis": "y", "origin": [0, -0.5, 2.6]},
			"faces": {
				"north": {"uv": [5.5, 5.5, 6.5, 4.5], "texture": "#2"},
				"east": {"uv": [5.5, 5.5, 6.5, 4.5], "texture": "#2"},
				"south": {"uv": [5.5, 5.5, 6.5, 4.5], "texture": "#2"},
				"west": {"uv": [5.5, 5.5, 6.5, 4.5], "texture": "#2"},
				"up": {"uv": [5.5, 5.5, 6.5, 4.5], "texture": "#2"},
				"down": {"uv": [5.5, 5.5, 6.5, 4.5], "texture": "#2"}
			}
		},
		{
			"name": "Barrel 5",
			"from": [7.47071, 2.44871, 8.801],
			"to": [7.77071, 2.81071, 9.906],
			"rotation": {"angle": 45, "axis": "z", "origin": [7.5, 2.7, 3.6]},
			"faces": {
				"north": {"uv": [0, 15.5, 2, 16], "texture": "#2"},
				"east": {"uv": [0, 15.5, 2, 16], "texture": "#2"},
				"south": {"uv": [0, 15.5, 2, 16], "texture": "#2"},
				"west": {"uv": [0, 15.5, 2, 16], "texture": "#2"},
				"up": {"uv": [0, 15.5, 2, 16], "texture": "#2"},
				"down": {"uv": [0, 15.5, 2, 16], "texture": "#2"}
			}
		},
		{
			"name": "Barrel 6",
			"from": [7.66, 2.5, 8.8],
			"to": [8.34, 2.95, 9.905],
			"rotation": {"angle": 0, "axis": "y", "origin": [0, -0.5, 2.6]},
			"faces": {
				"north": {"uv": [0, 15.5, 2, 16], "rotation": 270, "texture": "#2"},
				"east": {"uv": [0, 15.5, 2, 16], "rotation": 270, "texture": "#2"},
				"south": {"uv": [0, 15.5, 2, 16], "rotation": 270, "texture": "#2"},
				"west": {"uv": [0, 15.5, 2, 16], "rotation": 270, "texture": "#2"},
				"up": {"uv": [0, 15.5, 2, 16], "rotation": 270, "texture": "#2"},
				"down": {"uv": [0, 15.5, 2, 16], "rotation": 270, "texture": "#2"}
			}
		},
		{
			"name": "Barrel 7",
			"from": [8.22929, 2.44871, 8.801],
			"to": [8.52929, 2.81071, 9.906],
			"rotation": {"angle": -45, "axis": "z", "origin": [8.5, 2.7, 3.6]},
			"faces": {
				"north": {"uv": [0, 15.5, 2, 16], "rotation": 180, "texture": "#2"},
				"east": {"uv": [0, 15.5, 2, 16], "rotation": 180, "texture": "#2"},
				"south": {"uv": [0, 15.5, 2, 16], "rotation": 180, "texture": "#2"},
				"west": {"uv": [0, 15.5, 2, 16], "rotation": 180, "texture": "#2"},
				"up": {"uv": [0, 15.5, 2, 16], "rotation": 180, "texture": "#2"},
				"down": {"uv": [0, 15.5, 2, 16], "rotation": 180, "texture": "#2"}
			}
		},
		{
			"name": "Barrel 8",
			"from": [8.15, 2.76, 8.8],
			"to": [8.6, 3.445, 9.905],
			"rotation": {"angle": 0, "axis": "y", "origin": [0, -0.5, 2.6]},
			"faces": {
				"north": {"uv": [10, 5.5, 10.5, 6], "rotation": 180, "texture": "#2"},
				"east": {"uv": [0, 14.5, 2, 15.5], "rotation": 180, "texture": "#2"},
				"south": {"uv": [1.5, 12.5, 2, 13], "rotation": 180, "texture": "#2"},
				"west": {"uv": [0, 6, 4.5, 6.5], "texture": "#2"},
				"up": {"uv": [2, 14, 2.5, 14.5], "rotation": 180, "texture": "#2"},
				"down": {"uv": [2, 13, 2.5, 13.5], "rotation": 180, "texture": "#2"}
			}
		},
		{
			"name": "Barrel 9",
			"from": [8.37071, 3.33071, 8.801],
			"to": [8.67071, 3.69271, 9.906],
			"rotation": {"angle": 45, "axis": "z", "origin": [8.5, 3.3, 3.6]},
			"faces": {
				"north": {"uv": [10.5, 5.5, 11, 6], "rotation": 180, "texture": "#2"},
				"east": {"uv": [0, 14, 2, 14.5], "rotation": 180, "texture": "#2"},
				"south": {"uv": [1.5, 12.5, 2, 13], "rotation": 180, "texture": "#2"},
				"west": {"uv": [0, 9, 0.5, 9.5], "rotation": 180, "texture": "#2"},
				"up": {"uv": [0, 8, 0.5, 8.5], "rotation": 180, "texture": "#2"},
				"down": {"uv": [2, 15.5, 2.5, 16], "rotation": 180, "texture": "#2"}
			}
		},
		{
			"name": "Barrel 10",
			"from": [7.695, 2.9, 11.305],
			"to": [8.495, 3.4, 13.605],
			"rotation": {"angle": 0, "axis": "y", "origin": [0, -0.5, 7.7]},
			"faces": {
				"east": {"uv": [7, 10.5, 13.5, 13], "texture": "#2"},
				"west": {"uv": [7, 10.5, 13.5, 13], "texture": "#2"},
				"up": {"uv": [7, 10.5, 13.5, 13], "texture": "#2"},
				"down": {"uv": [7, 10.5, 13.5, 13], "texture": "#2"}
			}
		},
		{
			"name": "Barrel 1",
			"from": [7.7, 3.45, 4.8],
			"to": [8.3, 3.6, 9.105],
			"rotation": {"angle": 0, "axis": "y", "origin": [0, -0.5, 2.6]},
			"faces": {
				"north": {"uv": [0, 5.5, 0.5, 7], "texture": "#2"},
				"east": {"uv": [0, 5.5, 4.5, 7], "texture": "#2"},
				"south": {"uv": [2, 13.5, 2.5, 14], "texture": "#2"},
				"west": {"uv": [2, 14.5, 2.5, 15], "texture": "#2"},
				"up": {"uv": [2, 14.5, 16, 16], "rotation": 90, "texture": "#2"},
				"down": {"uv": [4.5, 6, 0, 6.5], "rotation": 90, "texture": "#2"}
			}
		},
		{
			"name": "Barrel 2",
			"from": [7.42929, 3.37071, 4.801],
			"to": [7.62929, 3.65271, 9.106],
			"rotation": {"angle": -45, "axis": "z", "origin": [7.5, 3.3, 3.6]},
			"faces": {
				"north": {"uv": [0, 5.5, 0.5, 7], "texture": "#2"},
				"east": {"uv": [0, 5.5, 4.5, 7], "texture": "#2"},
				"south": {"uv": [2, 15.5, 2.5, 16], "texture": "#2"},
				"west": {"uv": [2, 15, 16, 15.5], "texture": "#2"},
				"up": {"uv": [2, 14.5, 2.5, 15], "texture": "#2"},
				"down": {"uv": [2, 13.5, 2.5, 14], "texture": "#2"}
			}
		},
		{
			"name": "Barrel 3",
			"from": [7.5, 2.8, 4.8],
			"to": [7.65, 3.4, 9.105],
			"rotation": {"angle": 0, "axis": "y", "origin": [0, -0.5, 2.6]},
			"faces": {
				"north": {"uv": [0, 5.5, 0.5, 7], "texture": "#2"},
				"east": {"uv": [0, 6, 4.5, 6.5], "rotation": 180, "texture": "#2"},
				"south": {"uv": [0, 8, 0.5, 8.5], "texture": "#2"},
				"west": {"uv": [2, 16, 16, 14.5], "texture": "#2"},
				"up": {"uv": [0, 7, 0.5, 7.5], "texture": "#2"},
				"down": {"uv": [0, 7.5, 0.5, 8], "texture": "#2"}
			}
		},
		{
			"name": "Barrel 4",
			"from": [7.57071, 2.48871, 4.801],
			"to": [7.77071, 2.77071, 9.106],
			"rotation": {"angle": 45, "axis": "z", "origin": [7.5, 2.7, 3.6]},
			"faces": {
				"north": {"uv": [0, 5.5, 0.5, 7], "texture": "#2"},
				"east": {"uv": [0, 5.5, 4.5, 7], "texture": "#2"},
				"south": {"uv": [2, 13.5, 2.5, 14], "texture": "#2"},
				"west": {"uv": [2, 13.5, 16, 14], "texture": "#2"},
				"up": {"uv": [2, 14.5, 2.5, 15], "texture": "#2"},
				"down": {"uv": [2, 15.5, 2.5, 16], "texture": "#2"}
			}
		},
		{
			"name": "Barrel 5",
			"from": [7.50571, 2.42371, 6.701],
			"to": [7.60571, 2.70571, 6.906],
			"rotation": {"angle": 45, "axis": "z", "origin": [7.5, 2.7, 3.6]},
			"faces": {
				"north": {"uv": [5.5, 4.5, 6.5, 5.5], "texture": "#2"},
				"east": {"uv": [5.5, 4.5, 6.5, 5.5], "texture": "#2"},
				"south": {"uv": [5.5, 4.5, 6.5, 5.5], "texture": "#2"},
				"west": {"uv": [5.5, 4.5, 6.5, 5.5], "texture": "#2"},
				"up": {"uv": [5.5, 4.5, 6.5, 5.5], "texture": "#2"},
				"down": {"uv": [5.5, 4.5, 6.5, 5.5], "texture": "#2"}
			}
		},
		{
			"name": "Barrel 6",
			"from": [7.50571, 2.42371, 6.401],
			"to": [7.60571, 2.70571, 6.506],
			"rotation": {"angle": 45, "axis": "z", "origin": [7.5, 2.7, 3.6]},
			"faces": {
				"north": {"uv": [5.5, 4.5, 6.5, 5.5], "texture": "#2"},
				"east": {"uv": [5.5, 4.5, 6.5, 5.5], "texture": "#2"},
				"south": {"uv": [5.5, 4.5, 6.5, 5.5], "texture": "#2"},
				"west": {"uv": [5.5, 4.5, 6.5, 5.5], "texture": "#2"},
				"up": {"uv": [5.5, 4.5, 6.5, 5.5], "texture": "#2"},
				"down": {"uv": [5.5, 4.5, 6.5, 5.5], "texture": "#2"}
			}
		},
		{
			"name": "Barrel 6",
			"from": [8.39429, 2.42371, 6.701],
			"to": [8.49429, 2.70571, 6.906],
			"rotation": {"angle": -45, "axis": "z", "origin": [8.5, 2.7, 3.6]},
			"faces": {
				"north": {"uv": [6.5, 4.5, 5.5, 5.5], "texture": "#2"},
				"east": {"uv": [6.5, 4.5, 5.5, 5.5], "texture": "#2"},
				"south": {"uv": [6.5, 4.5, 5.5, 5.5], "texture": "#2"},
				"west": {"uv": [6.5, 4.5, 5.5, 5.5], "texture": "#2"},
				"up": {"uv": [6.5, 4.5, 5.5, 5.5], "texture": "#2"},
				"down": {"uv": [6.5, 4.5, 5.5, 5.5], "texture": "#2"}
			}
		},
		{
			"name": "Barrel 7",
			"from": [8.39429, 2.42371, 6.401],
			"to": [8.49429, 2.70571, 6.506],
			"rotation": {"angle": -45, "axis": "z", "origin": [8.5, 2.7, 3.6]},
			"faces": {
				"north": {"uv": [6.5, 4.5, 5.5, 5.5], "texture": "#2"},
				"east": {"uv": [6.5, 4.5, 5.5, 5.5], "texture": "#2"},
				"south": {"uv": [6.5, 4.5, 5.5, 5.5], "texture": "#2"},
				"west": {"uv": [6.5, 4.5, 5.5, 5.5], "texture": "#2"},
				"up": {"uv": [6.5, 4.5, 5.5, 5.5], "texture": "#2"},
				"down": {"uv": [6.5, 4.5, 5.5, 5.5], "texture": "#2"}
			}
		},
		{
			"name": "Barrel 5",
			"from": [7.7, 2.6, 4.8],
			"to": [8.3, 2.75, 9.105],
			"rotation": {"angle": 0, "axis": "y", "origin": [0, -0.5, 2.6]},
			"faces": {
				"north": {"uv": [0, 5.5, 0.5, 7], "texture": "#2"},
				"east": {"uv": [0, 5.5, 4.5, 7], "texture": "#2"},
				"south": {"uv": [0, 8, 0.5, 8.5], "texture": "#2"},
				"west": {"uv": [0, 7, 0.5, 7.5], "texture": "#2"},
				"up": {"uv": [0, 6, 4.5, 6.5], "rotation": 90, "texture": "#2"},
				"down": {"uv": [2, 13, 16, 14.5], "rotation": 270, "texture": "#2"}
			}
		},
		{
			"name": "Barrel 6",
			"from": [7.8, 2.5, 4.5],
			"to": [8.2, 2.695, 5.205],
			"rotation": {"angle": 0, "axis": "y", "origin": [0, -0.5, 2.6]},
			"faces": {
				"north": {"uv": [5.5, 4.5, 6.5, 5.5], "texture": "#2"},
				"east": {"uv": [5.5, 4.5, 6.5, 5.5], "texture": "#2"},
				"south": {"uv": [5.5, 4.5, 6.5, 5.5], "texture": "#2"},
				"west": {"uv": [5.5, 4.5, 6.5, 5.5], "texture": "#2"},
				"up": {"uv": [5.5, 4.5, 6.5, 5.5], "texture": "#2"},
				"down": {"uv": [5.5, 4.5, 6.5, 5.5], "texture": "#2"}
			}
		},
		{
			"name": "Barrel 7",
			"from": [7.7, 2.51, 6.4],
			"to": [8.3, 2.605, 6.905],
			"rotation": {"angle": 0, "axis": "y", "origin": [0, -0.5, 2.6]},
			"faces": {
				"north": {"uv": [5.5, 4.5, 6.5, 5.5], "texture": "#2"},
				"east": {"uv": [5.5, 4.5, 6.5, 5.5], "texture": "#2"},
				"south": {"uv": [5.5, 4.5, 6.5, 5.5], "texture": "#2"},
				"west": {"uv": [5.5, 4.5, 6.5, 5.5], "texture": "#2"},
				"up": {"uv": [5.5, 4.5, 6.5, 5.5], "texture": "#2"},
				"down": {"uv": [5.5, 4.5, 6.5, 5.5], "texture": "#2"}
			}
		},
		{
			"name": "Barrel 8",
			"from": [7.9, 2.31, 6.5],
			"to": [8.1, 2.505, 6.805],
			"rotation": {"angle": 0, "axis": "y", "origin": [0, -0.5, 2.6]},
			"faces": {
				"north": {"uv": [5.5, 4.5, 6.5, 5.5], "texture": "#2"},
				"east": {"uv": [5.5, 4.5, 6.5, 5.5], "texture": "#2"},
				"south": {"uv": [5.5, 4.5, 6.5, 5.5], "texture": "#2"},
				"west": {"uv": [5.5, 4.5, 6.5, 5.5], "texture": "#2"},
				"up": {"uv": [5.5, 4.5, 6.5, 5.5], "texture": "#2"},
				"down": {"uv": [5.5, 4.5, 6.5, 5.5], "texture": "#2"}
			}
		},
		{
			"name": "Barrel 6",
			"from": [7.65, 2.75, 4.8],
			"to": [8.35, 3.45, 4.9],
			"rotation": {"angle": 0, "axis": "y", "origin": [0, -0.5, 2.6]},
			"faces": {
				"north": {"uv": [13.5, 10.5, 16, 13], "texture": "#2"},
				"east": {"uv": [0, 5.5, 4.5, 7], "texture": "#2"},
				"south": {"uv": [0, 8, 0.5, 8.5], "texture": "#2"},
				"west": {"uv": [0, 7, 0.5, 7.5], "texture": "#2"},
				"up": {"uv": [0, 6, 4.5, 6.5], "rotation": 90, "texture": "#2"},
				"down": {"uv": [2, 13, 16, 14.5], "rotation": 270, "texture": "#2"}
			}
		},
		{
			"name": "Barrel 6",
			"from": [8.22929, 2.48871, 4.801],
			"to": [8.42929, 2.77071, 9.106],
			"rotation": {"angle": -45, "axis": "z", "origin": [8.5, 2.7, 3.6]},
			"faces": {
				"north": {"uv": [0, 5.5, 0.5, 7], "rotation": 180, "texture": "#2"},
				"east": {"uv": [2, 13.5, 16, 14], "rotation": 180, "texture": "#2"},
				"south": {"uv": [0, 7.5, 0.5, 8], "rotation": 180, "texture": "#2"},
				"west": {"uv": [2, 15, 2.5, 15.5], "rotation": 180, "texture": "#2"},
				"up": {"uv": [2, 15.5, 2.5, 16], "rotation": 180, "texture": "#2"}
			}
		},
		{
			"name": "Barrel 7",
			"from": [8.35, 2.8, 4.8],
			"to": [8.5, 3.4, 9.105],
			"rotation": {"angle": 0, "axis": "y", "origin": [0, -0.5, 2.6]},
			"faces": {
				"north": {"uv": [0, 5.5, 0.5, 7], "rotation": 180, "texture": "#2"},
				"east": {"uv": [2, 14.5, 16, 16], "rotation": 180, "texture": "#2"},
				"south": {"uv": [0, 8, 0.5, 8.5], "rotation": 180, "texture": "#2"},
				"west": {"uv": [0, 6, 4.5, 6.5], "texture": "#2"},
				"up": {"uv": [2, 14, 2.5, 14.5], "rotation": 180, "texture": "#2"},
				"down": {"uv": [2, 13, 2.5, 13.5], "rotation": 180, "texture": "#2"}
			}
		},
		{
			"name": "Barrel 8",
			"from": [8.37071, 3.37071, 4.801],
			"to": [8.57071, 3.65271, 9.106],
			"rotation": {"angle": 45, "axis": "z", "origin": [8.5, 3.3, 3.6]},
			"faces": {
				"north": {"uv": [0, 5.5, 0.5, 7], "rotation": 180, "texture": "#2"},
				"east": {"uv": [2, 15, 16, 15.5], "rotation": 180, "texture": "#2"},
				"south": {"uv": [0, 10, 0.5, 10.5], "rotation": 180, "texture": "#2"},
				"west": {"uv": [0, 9, 0.5, 9.5], "rotation": 180, "texture": "#2"},
				"up": {"uv": [0, 8, 0.5, 8.5], "rotation": 180, "texture": "#2"},
				"down": {"uv": [2, 15.5, 2.5, 16], "rotation": 180, "texture": "#2"}
			}
		},
		{
			"name": "Barrel 4",
			"from": [7.5, 2.8, 9.9],
			"to": [7.65, 3.4, 14.605],
			"rotation": {"angle": 0, "axis": "y", "origin": [0, -0.5, 7.7]},
			"faces": {
				"north": {"uv": [7.5, 5.5, 6.5, 4.5], "rotation": 180, "texture": "#2"},
				"east": {"uv": [7.5, 5.5, 6.5, 4.5], "rotation": 180, "texture": "#2"},
				"south": {"uv": [7.5, 5.5, 6.5, 4.5], "rotation": 180, "texture": "#2"},
				"west": {"uv": [7.5, 5.5, 6.5, 4.5], "rotation": 180, "texture": "#2"},
				"up": {"uv": [7.5, 5.5, 6.5, 4.5], "rotation": 180, "texture": "#2"},
				"down": {"uv": [7.5, 5.5, 6.5, 4.5], "rotation": 180, "texture": "#2"}
			}
		},
		{
			"name": "Barrel 9",
			"from": [8.37071, 3.37071, 9.901],
			"to": [8.57071, 3.65271, 14.606],
			"rotation": {"angle": 45, "axis": "z", "origin": [8.5, 3.3, 8.7]},
			"faces": {
				"north": {"uv": [6.5, 5.5, 7.5, 4.5], "rotation": 180, "texture": "#2"},
				"east": {"uv": [6.5, 5.5, 7.5, 4.5], "rotation": 180, "texture": "#2"},
				"south": {"uv": [6.5, 5.5, 7.5, 4.5], "rotation": 180, "texture": "#2"},
				"west": {"uv": [6.5, 5.5, 7.5, 4.5], "rotation": 180, "texture": "#2"},
				"up": {"uv": [6.5, 5.5, 7.5, 4.5], "rotation": 180, "texture": "#2"},
				"down": {"uv": [6.5, 5.5, 7.5, 4.5], "rotation": 180, "texture": "#2"}
			}
		},
		{
			"name": "Barrel 2",
			"from": [7.7, 3.45, 9.9],
			"to": [8.3, 3.6, 14.605],
			"rotation": {"angle": 0, "axis": "y", "origin": [0, -0.5, 7.7]},
			"faces": {
				"north": {"uv": [7.5, 5.5, 6.5, 4.5], "texture": "#2"},
				"east": {"uv": [7.5, 5.5, 6.5, 4.5], "texture": "#2"},
				"south": {"uv": [7.5, 5.5, 6.5, 4.5], "texture": "#2"},
				"west": {"uv": [7.5, 5.5, 6.5, 4.5], "texture": "#2"},
				"up": {"uv": [7.5, 5.5, 6.5, 4.5], "texture": "#2"},
				"down": {"uv": [7.5, 5.5, 6.5, 4.5], "texture": "#2"}
			}
		},
		{
			"name": "Barrel 3",
			"from": [7.42929, 3.37071, 9.901],
			"to": [7.62929, 3.65271, 14.606],
			"rotation": {"angle": -45, "axis": "z", "origin": [7.5, 3.3, 8.7]},
			"faces": {
				"north": {"uv": [7.5, 5.5, 6.5, 4.5], "texture": "#2"},
				"east": {"uv": [7.5, 5.5, 6.5, 4.5], "texture": "#2"},
				"south": {"uv": [7.5, 5.5, 6.5, 4.5], "texture": "#2"},
				"west": {"uv": [7.5, 5.5, 6.5, 4.5], "texture": "#2"},
				"up": {"uv": [7.5, 5.5, 6.5, 4.5], "texture": "#2"},
				"down": {"uv": [7.5, 5.5, 6.5, 4.5], "texture": "#2"}
			}
		},
		{
			"name": "Barrel 6",
			"from": [7.7, 2.6, 9.9],
			"to": [8.3, 2.75, 14.605],
			"rotation": {"angle": 0, "axis": "y", "origin": [0, -0.5, 7.7]},
			"faces": {
				"north": {"uv": [7.5, 5.5, 6.5, 4.5], "texture": "#2"},
				"east": {"uv": [7.5, 5.5, 6.5, 4.5], "texture": "#2"},
				"south": {"uv": [7.5, 5.5, 6.5, 4.5], "texture": "#2"},
				"west": {"uv": [7.5, 5.5, 6.5, 4.5], "texture": "#2"},
				"up": {"uv": [7.5, 5.5, 6.5, 4.5], "texture": "#2"},
				"down": {"uv": [7.5, 5.5, 6.5, 4.5], "texture": "#2"}
			}
		},
		{
			"name": "Barrel 8",
			"from": [8.35, 2.8, 9.9],
			"to": [8.5, 3.4, 14.605],
			"rotation": {"angle": 0, "axis": "y", "origin": [0, -0.5, 7.7]},
			"faces": {
				"north": {"uv": [6.5, 4.5, 7.5, 5.5], "rotation": 180, "texture": "#2"},
				"east": {"uv": [0, 0, 7, 1], "texture": "#2"},
				"south": {"uv": [6.5, 4.5, 7.5, 5.5], "rotation": 180, "texture": "#2"},
				"west": {"uv": [6.5, 4.5, 7.5, 5.5], "rotation": 180, "texture": "#2"},
				"up": {"uv": [6.5, 4.5, 7.5, 5.5], "rotation": 180, "texture": "#2"},
				"down": {"uv": [6.5, 4.5, 7.5, 5.5], "rotation": 180, "texture": "#2"}
			}
		},
		{
			"name": "Barrel 9",
			"from": [7.66, 2.9, 9.9],
			"to": [8.5, 2.905, 14.605],
			"rotation": {"angle": 0, "axis": "y", "origin": [0, -0.5, 7.7]},
			"faces": {
				"north": {"uv": [6.5, 4.5, 7.5, 5.5], "rotation": 180, "texture": "#2"},
				"east": {"uv": [0, 0, 7, 1], "texture": "#2"},
				"south": {"uv": [6.5, 4.5, 7.5, 5.5], "rotation": 180, "texture": "#2"},
				"west": {"uv": [6.5, 4.5, 7.5, 5.5], "rotation": 180, "texture": "#2"},
				"up": {"uv": [6.5, 4.5, 7.5, 5.5], "rotation": 180, "texture": "#2"},
				"down": {"uv": [6.5, 4.5, 7.5, 5.5], "rotation": 180, "texture": "#2"}
			}
		},
		{
			"name": "Barrel 9",
			"from": [8.34, 2.905, 14.605],
			"to": [8.6, 3.44, 14.805],
			"rotation": {"angle": 0, "axis": "y", "origin": [0, -0.5, 7.7]},
			"faces": {
				"north": {"uv": [5.5, 4.5, 6.5, 5.5], "rotation": 180, "texture": "#2"},
				"east": {"uv": [5.5, 4.5, 6.5, 5.5], "rotation": 180, "texture": "#2"},
				"south": {"uv": [5.5, 4.5, 6.5, 5.5], "rotation": 180, "texture": "#2"},
				"west": {"uv": [5.5, 4.5, 6.5, 5.5], "rotation": 180, "texture": "#2"},
				"up": {"uv": [5.5, 4.5, 6.5, 5.5], "rotation": 180, "texture": "#2"},
				"down": {"uv": [5.5, 4.5, 6.5, 5.5], "rotation": 180, "texture": "#2"}
			}
		},
		{
			"name": "Barrel 4",
			"from": [7.32929, 3.33071, 14.606],
			"to": [7.62929, 3.69271, 14.806],
			"rotation": {"angle": -45, "axis": "z", "origin": [7.5, 3.3, 8.7]},
			"faces": {
				"north": {"uv": [6.5, 5.5, 5.5, 4.5], "texture": "#2"},
				"east": {"uv": [6.5, 5.5, 5.5, 4.5], "texture": "#2"},
				"south": {"uv": [6.5, 5.5, 5.5, 4.5], "texture": "#2"},
				"west": {"uv": [6.5, 5.5, 5.5, 4.5], "texture": "#2"},
				"up": {"uv": [6.5, 5.5, 5.5, 4.5], "texture": "#2"},
				"down": {"uv": [6.5, 5.5, 5.5, 4.5], "texture": "#2"}
			}
		},
		{
			"name": "Barrel 3",
			"from": [7.66, 2.555, 14.605],
			"to": [8.34, 3.7, 14.805],
			"rotation": {"angle": 0, "axis": "y", "origin": [0, -0.5, 7.7]},
			"faces": {
				"north": {"uv": [6.5, 5.5, 5.5, 4.5], "texture": "#2"},
				"east": {"uv": [6.5, 5.5, 5.5, 4.5], "texture": "#2"},
				"south": {"uv": [6.5, 5.5, 5.5, 4.5], "texture": "#2"},
				"west": {"uv": [6.5, 5.5, 5.5, 4.5], "texture": "#2"},
				"up": {"uv": [6.5, 5.5, 5.5, 4.5], "texture": "#2"},
				"down": {"uv": [6.5, 5.5, 5.5, 4.5], "texture": "#2"}
			}
		},
		{
			"name": "Barrel 4",
			"from": [7.56, 2.9, 14.605],
			"to": [8.44, 3.1, 15.405],
			"rotation": {"angle": 0, "axis": "y", "origin": [0, -0.5, 7.7]},
			"faces": {
				"north": {"uv": [7.5, 5.5, 6.5, 4.5], "texture": "#2"},
				"east": {"uv": [7.5, 5.5, 6.5, 4.5], "texture": "#2"},
				"south": {"uv": [7.5, 5.5, 6.5, 4.5], "texture": "#2"},
				"west": {"uv": [7.5, 5.5, 6.5, 4.5], "texture": "#2"},
				"up": {"uv": [7.5, 5.5, 6.5, 4.5], "texture": "#2"},
				"down": {"uv": [7.5, 5.5, 6.5, 4.5], "texture": "#2"}
			}
		},
		{
			"name": "Barrel 10",
			"from": [8.37071, 3.33071, 14.606],
			"to": [8.67071, 3.69271, 14.806],
			"rotation": {"angle": 45, "axis": "z", "origin": [8.5, 3.3, 8.7]},
			"faces": {
				"north": {"uv": [5.5, 5.5, 6.5, 4.5], "rotation": 180, "texture": "#2"},
				"east": {"uv": [5.5, 5.5, 6.5, 4.5], "rotation": 180, "texture": "#2"},
				"south": {"uv": [5.5, 5.5, 6.5, 4.5], "rotation": 180, "texture": "#2"},
				"west": {"uv": [5.5, 5.5, 6.5, 4.5], "rotation": 180, "texture": "#2"},
				"up": {"uv": [5.5, 5.5, 6.5, 4.5], "rotation": 180, "texture": "#2"},
				"down": {"uv": [5.5, 5.5, 6.5, 4.5], "rotation": 180, "texture": "#2"}
			}
		},
		{
			"name": "Barrel 5",
			"from": [7.4, 2.905, 14.605],
			"to": [7.66, 3.44, 14.805],
			"rotation": {"angle": 0, "axis": "y", "origin": [0, -0.5, 7.7]},
			"faces": {
				"north": {"uv": [6.5, 5.5, 5.5, 4.5], "rotation": 180, "texture": "#2"},
				"east": {"uv": [6.5, 5.5, 5.5, 4.5], "rotation": 180, "texture": "#2"},
				"south": {"uv": [6.5, 5.5, 5.5, 4.5], "rotation": 180, "texture": "#2"},
				"west": {"uv": [6.5, 5.5, 5.5, 4.5], "rotation": 180, "texture": "#2"},
				"up": {"uv": [6.5, 5.5, 5.5, 4.5], "rotation": 180, "texture": "#2"},
				"down": {"uv": [6.5, 5.5, 5.5, 4.5], "rotation": 180, "texture": "#2"}
			}
		},
		{
			"name": "Barrel 3",
			"from": [7.32929, 3.33071, 5.166],
			"to": [7.42929, 3.69271, 5.556],
			"rotation": {"angle": -45, "axis": "z", "origin": [7.5, 3.3, 3.6]},
			"faces": {
				"north": {"uv": [6.5, 5.5, 5.5, 4.5], "texture": "#2"},
				"east": {"uv": [6.5, 5.5, 5.5, 4.5], "texture": "#2"},
				"south": {"uv": [6.5, 5.5, 5.5, 4.5], "texture": "#2"},
				"west": {"uv": [6.5, 5.5, 5.5, 4.5], "texture": "#2"},
				"up": {"uv": [6.5, 5.5, 5.5, 4.5], "texture": "#2"},
				"down": {"uv": [6.5, 5.5, 5.5, 4.5], "texture": "#2"}
			}
		},
		{
			"name": "Barrel 5",
			"from": [7.47071, 2.44871, 5.166],
			"to": [7.57071, 2.81071, 5.556],
			"rotation": {"angle": 45, "axis": "z", "origin": [7.5, 2.7, 3.6]},
			"faces": {
				"north": {"uv": [6.5, 5.5, 5.5, 4.5], "texture": "#2"},
				"east": {"uv": [6.5, 5.5, 5.5, 4.5], "texture": "#2"},
				"south": {"uv": [6.5, 5.5, 5.5, 4.5], "texture": "#2"},
				"west": {"uv": [6.5, 5.5, 5.5, 4.5], "texture": "#2"},
				"up": {"uv": [6.5, 5.5, 5.5, 4.5], "texture": "#2"},
				"down": {"uv": [6.5, 5.5, 5.5, 4.5], "texture": "#2"}
			}
		},
		{
			"name": "Barrel 6",
			"from": [7.66, 2.5, 5.165],
			"to": [8.34, 2.6, 5.555],
			"rotation": {"angle": 0, "axis": "y", "origin": [0, -0.5, 2.6]},
			"faces": {
				"north": {"uv": [6.5, 5.5, 5.5, 4.5], "texture": "#2"},
				"east": {"uv": [6.5, 5.5, 5.5, 4.5], "texture": "#2"},
				"south": {"uv": [6.5, 5.5, 5.5, 4.5], "texture": "#2"},
				"west": {"uv": [6.5, 5.5, 5.5, 4.5], "texture": "#2"},
				"up": {"uv": [6.5, 5.5, 5.5, 4.5], "texture": "#2"},
				"down": {"uv": [6.5, 5.5, 5.5, 4.5], "texture": "#2"}
			}
		},
		{
			"name": "Barrel 7",
			"from": [8.42929, 2.44871, 5.166],
			"to": [8.52929, 2.81071, 5.556],
			"rotation": {"angle": -45, "axis": "z", "origin": [8.5, 2.7, 3.6]},
			"faces": {
				"north": {"uv": [5.5, 5.5, 6.5, 4.5], "rotation": 180, "texture": "#2"},
				"east": {"uv": [5.5, 5.5, 6.5, 4.5], "rotation": 180, "texture": "#2"},
				"south": {"uv": [5.5, 5.5, 6.5, 4.5], "rotation": 180, "texture": "#2"},
				"west": {"uv": [5.5, 5.5, 6.5, 4.5], "rotation": 180, "texture": "#2"},
				"up": {"uv": [5.5, 5.5, 6.5, 4.5], "rotation": 180, "texture": "#2"},
				"down": {"uv": [5.5, 5.5, 6.5, 4.5], "rotation": 180, "texture": "#2"}
			}
		},
		{
			"name": "Barrel 8",
			"from": [8.5, 2.76, 5.165],
			"to": [8.6, 3.44, 5.555],
			"rotation": {"angle": 0, "axis": "y", "origin": [0, -0.5, 2.6]},
			"faces": {
				"north": {"uv": [5.5, 4.5, 6.5, 5.5], "rotation": 180, "texture": "#2"},
				"east": {"uv": [5.5, 4.5, 6.5, 5.5], "rotation": 180, "texture": "#2"},
				"south": {"uv": [5.5, 4.5, 6.5, 5.5], "rotation": 180, "texture": "#2"},
				"west": {"uv": [5.5, 4.5, 6.5, 5.5], "rotation": 180, "texture": "#2"},
				"up": {"uv": [5.5, 4.5, 6.5, 5.5], "rotation": 180, "texture": "#2"},
				"down": {"uv": [5.5, 4.5, 6.5, 5.5], "rotation": 180, "texture": "#2"}
			}
		},
		{
			"name": "Barrel 4",
			"from": [7.4, 2.76, 5.165],
			"to": [7.5, 3.44, 5.555],
			"rotation": {"angle": 0, "axis": "y", "origin": [0, -0.5, 2.6]},
			"faces": {
				"north": {"uv": [6.5, 5.5, 5.5, 4.5], "rotation": 180, "texture": "#2"},
				"east": {"uv": [6.5, 5.5, 5.5, 4.5], "rotation": 180, "texture": "#2"},
				"south": {"uv": [6.5, 5.5, 5.5, 4.5], "rotation": 180, "texture": "#2"},
				"west": {"uv": [6.5, 5.5, 5.5, 4.5], "rotation": 180, "texture": "#2"},
				"up": {"uv": [6.5, 5.5, 5.5, 4.5], "rotation": 180, "texture": "#2"},
				"down": {"uv": [6.5, 5.5, 5.5, 4.5], "rotation": 180, "texture": "#2"}
			}
		},
		{
			"name": "Barrel 9",
			"from": [8.57071, 3.33071, 5.166],
			"to": [8.67071, 3.69271, 5.556],
			"rotation": {"angle": 45, "axis": "z", "origin": [8.5, 3.3, 3.6]},
			"faces": {
				"north": {"uv": [5.5, 5.5, 6.5, 4.5], "rotation": 180, "texture": "#2"},
				"east": {"uv": [5.5, 5.5, 6.5, 4.5], "rotation": 180, "texture": "#2"},
				"south": {"uv": [5.5, 5.5, 6.5, 4.5], "rotation": 180, "texture": "#2"},
				"west": {"uv": [5.5, 5.5, 6.5, 4.5], "rotation": 180, "texture": "#2"},
				"up": {"uv": [5.5, 5.5, 6.5, 4.5], "rotation": 180, "texture": "#2"},
				"down": {"uv": [5.5, 5.5, 6.5, 4.5], "rotation": 180, "texture": "#2"}
			}
		},
		{
			"name": "Grip 1",
			"from": [7.405, 1.48909, 15.2217],
			"to": [8.595, 2.49659, 17.5317],
			"rotation": {"angle": 22.5, "axis": "x", "origin": [8, 1.99159, 16.37684]},
			"faces": {
				"north": {"uv": [4.5, 1, 8, 3], "texture": "#2"},
				"east": {"uv": [4.5, 1.5, 8, 3], "texture": "#2"},
				"south": {"uv": [4.5, 1, 8, 3], "texture": "#2"},
				"west": {"uv": [4.5, 1.5, 8, 3], "texture": "#2"},
				"up": {"uv": [4.5, 1, 8, 2.5], "rotation": 90, "texture": "#2"},
				"down": {"uv": [4.5, 1, 8, 3], "texture": "#2"}
			}
		},
		{
			"name": "Grip 3",
			"from": [7.403, 1.37833, 17.62525],
			"to": [8.597, 1.87833, 21.31525],
			"rotation": {"angle": 22.5, "axis": "x", "origin": [8, 1.29333, 17.50025]},
			"faces": {
				"north": {"uv": [1, 5, 1.5, 5.5], "rotation": 90, "texture": "#2"},
				"east": {"uv": [1, 5.5, 4, 4.5], "texture": "#2"},
				"south": {"uv": [4, 1, 5, 2], "texture": "#2"},
				"west": {"uv": [1, 5.5, 4, 4.5], "texture": "#2"},
				"up": {"uv": [1, 5, 1.5, 5.5], "rotation": 90, "texture": "#2"},
				"down": {"uv": [0, 1, 3, 3], "rotation": 90, "texture": "#2"}
			}
		},
		{
			"name": "Cube",
			"from": [7.4, 0.9402, 17.97347],
			"to": [8.6, 2.2302, 21.24847],
			"rotation": {"angle": 0, "axis": "x", "origin": [8, 1.3202, 16.94847]},
			"faces": {
				"north": {"uv": [0, 0, 0, 0], "rotation": 180, "texture": "#2"},
				"east": {"uv": [0, 2.5, 4, 4.5], "texture": "#2"},
				"south": {"uv": [11, 1, 10, 3.5], "texture": "#2"},
				"west": {"uv": [0, 4.5, 4, 2.5], "texture": "#2"},
				"up": {"uv": [4, 1, 0, 2.5], "rotation": 90, "texture": "#2"},
				"down": {"uv": [12.5, 1, 16, 2], "rotation": 90, "texture": "#2"}
			}
		},
		{
			"name": "Cube",
			"from": [7.4, 0.9402, 16.72347],
			"to": [8.6, 2.2302, 17.97347],
			"rotation": {"angle": 0, "axis": "x", "origin": [8, 1.3202, 16.94847]},
			"faces": {
				"north": {"uv": [0, 1, 2, 2.5], "rotation": 180, "texture": "#2"},
				"east": {"uv": [7, 1.5, 9, 3.5], "texture": "#2"},
				"south": {"uv": [12.5, 1.5, 11.5, 4], "texture": "#2"},
				"west": {"uv": [1.5, 5.5, 3, 3.5], "texture": "#2"},
				"up": {"uv": [7, 2, 3, 3.5], "rotation": 90, "texture": "#2"},
				"down": {"uv": [12.5, 1, 16, 2], "rotation": 90, "texture": "#2"}
			}
		},
		{
			"name": "Cube",
			"from": [7.4, 0.6552, 19.27347],
			"to": [8.6, 0.9402, 21.24847],
			"rotation": {"angle": 0, "axis": "x", "origin": [8, 1.3202, 16.94847]},
			"faces": {
				"north": {"uv": [0, 0, 0, 0], "rotation": 180, "texture": "#2"},
				"east": {"uv": [2.5, 5, 0, 5.5], "texture": "#2"},
				"south": {"uv": [4, 5, 2.5, 5.5], "texture": "#2"},
				"west": {"uv": [0, 4.5, 2.5, 5], "texture": "#2"},
				"up": {"uv": [11, 0, 12, 3.5], "texture": "#2"},
				"down": {"uv": [13, 0, 14, 3.5], "rotation": 180, "texture": "#2"}
			}
		},
		{
			"name": "Cube",
			"from": [7.4, 0.3752, 20.56847],
			"to": [8.6, 0.6552, 21.24847],
			"rotation": {"angle": 0, "axis": "x", "origin": [8, 1.3202, 16.94847]},
			"faces": {
				"north": {"uv": [1.5, 5, 1, 5.5], "texture": "#2"},
				"east": {"uv": [1.5, 5, 1, 5.5], "texture": "#2"},
				"south": {"uv": [1.5, 5, 1, 5.5], "texture": "#2"},
				"west": {"uv": [1.5, 5, 1, 5.5], "texture": "#2"},
				"up": {"uv": [1.5, 5, 1, 5.5], "texture": "#2"},
				"down": {"uv": [1.5, 5, 1, 5.5], "texture": "#2"}
			}
		},
		{
			"name": "Cube",
			"from": [7.401, 1.9002, 13.90347],
			"to": [8.599, 2.9002, 15.50287],
			"rotation": {"angle": 0, "axis": "x", "origin": [8, 0.6402, 16.00347]},
			"faces": {
				"north": {"uv": [12.5, 2.5, 16, 4.5], "texture": "#2"},
				"east": {"uv": [10.5, 2, 7, 3.5], "texture": "#2"},
				"south": {"uv": [12.5, 2.5, 16, 4.5], "texture": "#2"},
				"west": {"uv": [3, 2.5, 6.5, 4], "texture": "#2"},
				"up": {"uv": [12.5, 2.5, 16, 4.5], "texture": "#2"},
				"down": {"uv": [12.5, 2.5, 16, 4.5], "texture": "#2"}
			}
		},
		{
			"name": "Cube",
			"from": [7.401, 1.9002, 9.90347],
			"to": [8.599, 2.9002, 10.20287],
			"rotation": {"angle": 0, "axis": "x", "origin": [8, 0.6402, 16.00347]},
			"faces": {
				"north": {"uv": [14, 3.5, 16, 4.5], "texture": "#2"},
				"east": {"uv": [7.5, 2, 7, 3.5], "texture": "#2"},
				"south": {"uv": [12.5, 2.5, 16, 4.5], "texture": "#2"},
				"west": {"uv": [3, 2.5, 3.5, 4], "texture": "#2"},
				"up": {"uv": [9, 2, 12.5, 2.5], "texture": "#2"},
				"down": {"uv": [15.5, 4, 16, 4.5], "texture": "#2"}
			}
		},
		{
			"name": "Cube",
			"from": [7.401, 1.9002, 10.20347],
			"to": [8.599, 2.2002, 13.90287],
			"rotation": {"angle": 0, "axis": "x", "origin": [8, 0.6402, 16.00347]},
			"faces": {
				"north": {"uv": [12.5, 2.5, 16, 4.5], "texture": "#2"},
				"east": {"uv": [3.5, 2, 0, 2.5], "texture": "#2"},
				"south": {"uv": [12.5, 2.5, 16, 4.5], "texture": "#2"},
				"west": {"uv": [3, 3.5, 6.5, 4], "texture": "#2"},
				"up": {"uv": [12.5, 2.5, 16, 4.5], "texture": "#2"},
				"down": {"uv": [12.5, 2.5, 16, 4.5], "texture": "#2"}
			}
		},
		{
			"name": "Cube",
			"from": [7.501, 2.2002, 10.20347],
			"to": [8.499, 2.7002, 13.90287],
			"rotation": {"angle": 0, "axis": "x", "origin": [8, 0.6402, 16.00347]},
			"faces": {
				"north": {"uv": [12.5, 2.5, 16, 4.5], "texture": "#2"},
				"east": {"uv": [5, 4, 3, 4.5], "texture": "#2"},
				"south": {"uv": [12.5, 2.5, 16, 4.5], "texture": "#2"},
				"west": {"uv": [3, 4, 5, 4.5], "texture": "#2"},
				"up": {"uv": [12.5, 2.5, 16, 4.5], "texture": "#2"},
				"down": {"uv": [12.5, 2.5, 16, 4.5], "texture": "#2"}
			}
		},
		{
			"name": "Cube",
			"from": [7.401, 2.7002, 10.20347],
			"to": [8.599, 2.9002, 13.90287],
			"rotation": {"angle": 0, "axis": "x", "origin": [8, 0.6402, 16.00347]},
			"faces": {
				"north": {"uv": [12.5, 2.5, 16, 4.5], "texture": "#2"},
				"east": {"uv": [12, 1, 8.5, 1.5], "texture": "#2"},
				"south": {"uv": [12.5, 2.5, 16, 4.5], "texture": "#2"},
				"west": {"uv": [3, 2.5, 6.5, 3], "texture": "#2"},
				"up": {"uv": [12.5, 2.5, 16, 4.5], "texture": "#2"},
				"down": {"uv": [12.5, 2.5, 16, 4.5], "texture": "#2"}
			}
		},
		{
			"name": "Cube",
			"from": [7.801, 2.2902, 8.93347],
			"to": [8.199, 2.6702, 10.10347],
			"rotation": {"angle": 22.5, "axis": "x", "origin": [8, 2.6502, 9.50347]},
			"faces": {
				"north": {"uv": [11.5, 5.5, 10, 6], "texture": "#2"},
				"east": {"uv": [11.5, 5.5, 10, 6], "texture": "#2"},
				"south": {"uv": [11.5, 5.5, 10, 6], "texture": "#2"},
				"west": {"uv": [11.5, 5.5, 10, 6], "texture": "#2"},
				"up": {"uv": [11.5, 5.5, 10, 6], "texture": "#2"},
				"down": {"uv": [11.5, 5.5, 10, 6], "texture": "#2"}
			}
		},
		{
			"name": "Cube",
			"from": [7.701, 2.0002, 9.63347],
			"to": [8.299, 2.2702, 9.90347],
			"rotation": {"angle": 0, "axis": "x", "origin": [8, 2.6502, 9.50347]},
			"faces": {
				"north": {"uv": [11.5, 5.5, 10, 6], "texture": "#2"},
				"east": {"uv": [11.5, 5.5, 10, 6], "texture": "#2"},
				"south": {"uv": [11.5, 5.5, 10, 6], "texture": "#2"},
				"west": {"uv": [11.5, 5.5, 10, 6], "texture": "#2"},
				"up": {"uv": [11.5, 5.5, 10, 6], "texture": "#2"},
				"down": {"uv": [11.5, 5.5, 10, 6], "texture": "#2"}
			}
		},
		{
			"name": "Cube",
			"from": [7.651, 2.0352, 9.66847],
			"to": [8.349, 2.2352, 9.86847],
			"rotation": {"angle": 0, "axis": "x", "origin": [8, 2.6502, 9.50347]},
			"faces": {
				"north": {"uv": [6.5, 4.5, 5.5, 5.5], "texture": "#2"},
				"east": {"uv": [6.5, 4.5, 5.5, 5.5], "texture": "#2"},
				"south": {"uv": [6.5, 4.5, 5.5, 5.5], "texture": "#2"},
				"west": {"uv": [6.5, 4.5, 5.5, 5.5], "texture": "#2"},
				"up": {"uv": [6.5, 4.5, 5.5, 5.5], "texture": "#2"},
				"down": {"uv": [6.5, 4.5, 5.5, 5.5], "texture": "#2"}
			}
		},
		{
			"name": "Cube",
			"from": [7.7, 3.6002, 13.638],
			"to": [7.9, 3.8502, 14.233],
			"rotation": {"angle": 0, "axis": "x", "origin": [8.2, 1.9152, 21.97347]},
			"faces": {
				"north": {"uv": [6.5, 4.5, 7.5, 5.5], "rotation": 180, "texture": "#2"},
				"east": {"uv": [6.5, 4.5, 7.5, 5.5], "rotation": 180, "texture": "#2"},
				"south": {"uv": [6.5, 4.5, 7.5, 5.5], "rotation": 180, "texture": "#2"},
				"west": {"uv": [6.5, 4.5, 7.5, 5.5], "rotation": 180, "texture": "#2"},
				"up": {"uv": [6.5, 4.5, 7.5, 5.5], "rotation": 180, "texture": "#2"},
				"down": {"uv": [6.5, 4.5, 7.5, 5.5], "rotation": 180, "texture": "#2"}
			}
		},
		{
			"name": "Cube",
			"from": [8.1, 3.6002, 13.638],
			"to": [8.3, 3.8502, 14.233],
			"rotation": {"angle": 0, "axis": "x", "origin": [7.8, 1.9152, 21.97347]},
			"faces": {
				"north": {"uv": [6.5, 4.5, 7.5, 5.5], "rotation": 180, "texture": "#2"},
				"east": {"uv": [6.5, 4.5, 7.5, 5.5], "rotation": 180, "texture": "#2"},
				"south": {"uv": [6.5, 4.5, 7.5, 5.5], "rotation": 180, "texture": "#2"},
				"west": {"uv": [6.5, 4.5, 7.5, 5.5], "rotation": 180, "texture": "#2"},
				"up": {"uv": [6.5, 4.5, 7.5, 5.5], "rotation": 180, "texture": "#2"},
				"down": {"uv": [6.5, 4.5, 7.5, 5.5], "rotation": 180, "texture": "#2"}
			}
		},
		{
			"name": "Cube",
			"from": [7.8, 3.7002, 5.163],
			"to": [7.9, 3.9002, 5.258],
			"rotation": {"angle": 0, "axis": "z", "origin": [8, 3.8002, 5.3605]},
			"faces": {
				"north": {"uv": [5.5, 4.5, 6.5, 5.5], "rotation": 180, "texture": "#2"},
				"east": {"uv": [5.5, 4.5, 6.5, 5.5], "rotation": 180, "texture": "#2"},
				"south": {"uv": [5.5, 4.5, 6.5, 5.5], "rotation": 180, "texture": "#2"},
				"west": {"uv": [5.5, 4.5, 6.5, 5.5], "rotation": 180, "texture": "#2"},
				"up": {"uv": [5.5, 4.5, 6.5, 5.5], "rotation": 180, "texture": "#2"},
				"down": {"uv": [5.5, 4.5, 6.5, 5.5], "rotation": 180, "texture": "#2"}
			}
		},
		{
			"name": "Cube",
			"from": [7.8, 3.7002, 5.463],
			"to": [7.9, 3.9002, 5.558],
			"rotation": {"angle": 0, "axis": "z", "origin": [8, 3.8002, 5.3605]},
			"faces": {
				"north": {"uv": [5.5, 4.5, 6.5, 5.5], "rotation": 180, "texture": "#2"},
				"east": {"uv": [5.5, 4.5, 6.5, 5.5], "rotation": 180, "texture": "#2"},
				"south": {"uv": [5.5, 4.5, 6.5, 5.5], "rotation": 180, "texture": "#2"},
				"west": {"uv": [5.5, 4.5, 6.5, 5.5], "rotation": 180, "texture": "#2"},
				"up": {"uv": [5.5, 4.5, 6.5, 5.5], "rotation": 180, "texture": "#2"},
				"down": {"uv": [5.5, 4.5, 6.5, 5.5], "rotation": 180, "texture": "#2"}
			}
		},
		{
			"name": "Cube",
			"from": [7.8, 3.7302, 5.478],
			"to": [7.9, 3.8502, 5.573],
			"rotation": {"angle": -45, "axis": "x", "origin": [8, 3.8002, 5.3605]},
			"faces": {
				"north": {"uv": [5.5, 4.5, 6.5, 5.5], "rotation": 180, "texture": "#2"},
				"east": {"uv": [5.5, 4.5, 6.5, 5.5], "rotation": 180, "texture": "#2"},
				"south": {"uv": [5.5, 4.5, 6.5, 5.5], "rotation": 180, "texture": "#2"},
				"west": {"uv": [5.5, 4.5, 6.5, 5.5], "rotation": 180, "texture": "#2"},
				"up": {"uv": [5.5, 4.5, 6.5, 5.5], "rotation": 180, "texture": "#2"},
				"down": {"uv": [5.5, 4.5, 6.5, 5.5], "rotation": 180, "texture": "#2"}
			}
		},
		{
			"name": "Cube",
			"from": [7.8, 3.8927, 5.2455],
			"to": [7.9, 3.9877, 5.4755],
			"rotation": {"angle": 0, "axis": "x", "origin": [8, 3.8002, 5.3605]},
			"faces": {
				"north": {"uv": [5.5, 4.5, 6.5, 5.5], "texture": "#2"},
				"east": {"uv": [5.5, 4.5, 6.5, 5.5], "rotation": 270, "texture": "#2"},
				"south": {"uv": [5.5, 4.5, 6.5, 5.5], "rotation": 180, "texture": "#2"},
				"west": {"uv": [5.5, 4.5, 6.5, 5.5], "rotation": 90, "texture": "#2"},
				"up": {"uv": [5.5, 4.5, 6.5, 5.5], "rotation": 180, "texture": "#2"},
				"down": {"uv": [5.5, 4.5, 6.5, 5.5], "texture": "#2"}
			}
		},
		{
			"name": "Cube",
			"from": [7.8, 3.9177, 5.2905],
			"to": [7.9, 4.0127, 5.4105],
			"rotation": {"angle": -45, "axis": "x", "origin": [8, 3.8002, 5.3605]},
			"faces": {
				"north": {"uv": [5.5, 4.5, 6.5, 5.5], "texture": "#2"},
				"east": {"uv": [5.5, 4.5, 6.5, 5.5], "rotation": 270, "texture": "#2"},
				"south": {"uv": [5.5, 4.5, 6.5, 5.5], "rotation": 180, "texture": "#2"},
				"west": {"uv": [5.5, 4.5, 6.5, 5.5], "rotation": 90, "texture": "#2"},
				"up": {"uv": [5.5, 4.5, 6.5, 5.5], "rotation": 180, "texture": "#2"},
				"down": {"uv": [5.5, 4.5, 6.5, 5.5], "texture": "#2"}
			}
		},
		{
			"name": "Cube",
			"from": [8.1, 3.7002, 5.163],
			"to": [8.2, 3.9002, 5.258],
			"rotation": {"angle": 0, "axis": "z", "origin": [8, 3.8002, 5.3605]},
			"faces": {
				"north": {"uv": [6.5, 4.5, 5.5, 5.5], "rotation": 180, "texture": "#2"},
				"east": {"uv": [6.5, 4.5, 5.5, 5.5], "rotation": 180, "texture": "#2"},
				"south": {"uv": [6.5, 4.5, 5.5, 5.5], "rotation": 180, "texture": "#2"},
				"west": {"uv": [6.5, 4.5, 5.5, 5.5], "rotation": 180, "texture": "#2"},
				"up": {"uv": [6.5, 4.5, 5.5, 5.5], "rotation": 180, "texture": "#2"},
				"down": {"uv": [6.5, 4.5, 5.5, 5.5], "rotation": 180, "texture": "#2"}
			}
		},
		{
			"name": "Cube",
			"from": [8.1, 3.7002, 5.463],
			"to": [8.2, 3.9002, 5.558],
			"rotation": {"angle": 0, "axis": "z", "origin": [8, 3.8002, 5.3605]},
			"faces": {
				"north": {"uv": [6.5, 4.5, 5.5, 5.5], "rotation": 180, "texture": "#2"},
				"east": {"uv": [6.5, 4.5, 5.5, 5.5], "rotation": 180, "texture": "#2"},
				"south": {"uv": [6.5, 4.5, 5.5, 5.5], "rotation": 180, "texture": "#2"},
				"west": {"uv": [6.5, 4.5, 5.5, 5.5], "rotation": 180, "texture": "#2"},
				"up": {"uv": [6.5, 4.5, 5.5, 5.5], "rotation": 180, "texture": "#2"},
				"down": {"uv": [6.5, 4.5, 5.5, 5.5], "rotation": 180, "texture": "#2"}
			}
		},
		{
			"name": "Cube",
			"from": [8.1, 3.7302, 5.478],
			"to": [8.2, 3.8502, 5.573],
			"rotation": {"angle": -45, "axis": "x", "origin": [8, 3.8002, 5.3605]},
			"faces": {
				"north": {"uv": [6.5, 4.5, 5.5, 5.5], "rotation": 180, "texture": "#2"},
				"east": {"uv": [6.5, 4.5, 5.5, 5.5], "rotation": 180, "texture": "#2"},
				"south": {"uv": [6.5, 4.5, 5.5, 5.5], "rotation": 180, "texture": "#2"},
				"west": {"uv": [6.5, 4.5, 5.5, 5.5], "rotation": 180, "texture": "#2"},
				"up": {"uv": [6.5, 4.5, 5.5, 5.5], "rotation": 180, "texture": "#2"},
				"down": {"uv": [6.5, 4.5, 5.5, 5.5], "rotation": 180, "texture": "#2"}
			}
		},
		{
			"name": "Cube",
			"from": [8.1, 3.9177, 5.2905],
			"to": [8.2, 4.0127, 5.4105],
			"rotation": {"angle": -45, "axis": "x", "origin": [8, 3.8002, 5.3605]},
			"faces": {
				"north": {"uv": [6.5, 4.5, 5.5, 5.5], "texture": "#2"},
				"east": {"uv": [5.5, 5.5, 6.5, 4.5], "rotation": 90, "texture": "#2"},
				"south": {"uv": [6.5, 4.5, 5.5, 5.5], "rotation": 180, "texture": "#2"},
				"west": {"uv": [5.5, 5.5, 6.5, 4.5], "rotation": 270, "texture": "#2"},
				"up": {"uv": [6.5, 4.5, 5.5, 5.5], "rotation": 180, "texture": "#2"},
				"down": {"uv": [6.5, 4.5, 5.5, 5.5], "texture": "#2"}
			}
		},
		{
			"name": "Cube",
			"from": [8.1, 3.8927, 5.2455],
			"to": [8.2, 3.9877, 5.4755],
			"rotation": {"angle": 0, "axis": "x", "origin": [8, 3.8002, 5.3605]},
			"faces": {
				"north": {"uv": [6.5, 4.5, 5.5, 5.5], "texture": "#2"},
				"east": {"uv": [5.5, 5.5, 6.5, 4.5], "rotation": 90, "texture": "#2"},
				"south": {"uv": [6.5, 4.5, 5.5, 5.5], "rotation": 180, "texture": "#2"},
				"west": {"uv": [5.5, 5.5, 6.5, 4.5], "rotation": 270, "texture": "#2"},
				"up": {"uv": [6.5, 4.5, 5.5, 5.5], "rotation": 180, "texture": "#2"},
				"down": {"uv": [6.5, 4.5, 5.5, 5.5], "texture": "#2"}
			}
		},
		{
			"name": "Cube",
			"from": [7.66, 3.5952, 5.168],
			"to": [8.34, 3.7002, 5.558],
			"rotation": {"angle": 0, "axis": "x", "origin": [8, 3.8502, 5.3605]},
			"faces": {
				"north": {"uv": [5.5, 4.5, 6.5, 5.5], "rotation": 180, "texture": "#2"},
				"east": {"uv": [5.5, 4.5, 6.5, 5.5], "rotation": 180, "texture": "#2"},
				"south": {"uv": [5.5, 4.5, 6.5, 5.5], "rotation": 180, "texture": "#2"},
				"west": {"uv": [5.5, 4.5, 6.5, 5.5], "rotation": 180, "texture": "#2"},
				"up": {"uv": [5.5, 4.5, 6.5, 5.5], "rotation": 180, "texture": "#2"},
				"down": {"uv": [5.5, 4.5, 6.5, 5.5], "rotation": 180, "texture": "#2"}
			}
		},
		{
			"name": "Cube",
			"from": [7.975, 3.7002, 5.308],
			"to": [8.025, 3.9002, 5.408],
			"rotation": {"angle": 0, "axis": "x", "origin": [8, 3.8502, 5.3605]},
			"faces": {
				"north": {"uv": [5.5, 4.5, 6.5, 5.5], "rotation": 180, "texture": "#2"},
				"east": {"uv": [5.5, 4.5, 6.5, 5.5], "rotation": 180, "texture": "#2"},
				"south": {"uv": [5.5, 4.5, 6.5, 5.5], "rotation": 180, "texture": "#2"},
				"west": {"uv": [5.5, 4.5, 6.5, 5.5], "rotation": 180, "texture": "#2"},
				"up": {"uv": [5.5, 4.5, 6.5, 5.5], "rotation": 180, "texture": "#2"},
				"down": {"uv": [5.5, 4.5, 6.5, 5.5], "rotation": 180, "texture": "#2"}
			}
		},
		{
			"name": "Cube",
			"from": [7.95, 3.6002, 13.738],
			"to": [8.05, 3.8502, 14.133],
			"rotation": {"angle": 0, "axis": "x", "origin": [8, 3.8502, 13.9355]},
			"faces": {
				"north": {"uv": [6.5, 4.5, 7.5, 5.5], "rotation": 180, "texture": "#2"},
				"east": {"uv": [6.5, 4.5, 7.5, 5.5], "rotation": 180, "texture": "#2"},
				"south": {"uv": [6.5, 4.5, 7.5, 5.5], "rotation": 180, "texture": "#2"},
				"west": {"uv": [6.5, 4.5, 7.5, 5.5], "rotation": 180, "texture": "#2"},
				"up": {"uv": [6.5, 4.5, 7.5, 5.5], "rotation": 180, "texture": "#2"},
				"down": {"uv": [6.5, 4.5, 7.5, 5.5], "rotation": 180, "texture": "#2"}
			}
		},
		{
			"name": "Cube",
			"from": [8.05, 3.6002, 13.738],
			"to": [8.1, 3.9002, 14.133],
			"rotation": {"angle": 0, "axis": "x", "origin": [8, 3.8502, 13.9355]},
			"faces": {
				"north": {"uv": [6.5, 4.5, 7.5, 5.5], "rotation": 180, "texture": "#2"},
				"east": {"uv": [6.5, 4.5, 7.5, 5.5], "rotation": 180, "texture": "#2"},
				"south": {"uv": [6.5, 4.5, 7.5, 5.5], "rotation": 180, "texture": "#2"},
				"west": {"uv": [6.5, 4.5, 7.5, 5.5], "rotation": 180, "texture": "#2"},
				"up": {"uv": [6.5, 4.5, 7.5, 5.5], "rotation": 180, "texture": "#2"},
				"down": {"uv": [6.5, 4.5, 7.5, 5.5], "rotation": 180, "texture": "#2"}
			}
		},
		{
			"name": "Cube",
			"from": [7.9, 3.6002, 13.738],
			"to": [7.95, 3.9002, 14.133],
			"rotation": {"angle": 0, "axis": "x", "origin": [8, 3.8502, 13.9355]},
			"faces": {
				"north": {"uv": [6.5, 4.5, 7.5, 5.5], "rotation": 180, "texture": "#2"},
				"east": {"uv": [6.5, 4.5, 7.5, 5.5], "rotation": 180, "texture": "#2"},
				"south": {"uv": [6.5, 4.5, 7.5, 5.5], "rotation": 180, "texture": "#2"},
				"west": {"uv": [6.5, 4.5, 7.5, 5.5], "rotation": 180, "texture": "#2"},
				"up": {"uv": [6.5, 4.5, 7.5, 5.5], "rotation": 180, "texture": "#2"},
				"down": {"uv": [6.5, 4.5, 7.5, 5.5], "rotation": 180, "texture": "#2"}
			}
		},
		{
			"name": "Cube",
			"from": [8.1, 3.8502, 13.838],
			"to": [8.3, 4.0502, 14.033],
			"rotation": {"angle": 0, "axis": "x", "origin": [7.8, 1.7152, 21.97347]},
			"faces": {
				"north": {"uv": [6.5, 4.5, 7.5, 5.5], "rotation": 180, "texture": "#2"},
				"east": {"uv": [6.5, 4.5, 7.5, 5.5], "rotation": 180, "texture": "#2"},
				"south": {"uv": [6.5, 4.5, 7.5, 5.5], "rotation": 180, "texture": "#2"},
				"west": {"uv": [6.5, 4.5, 7.5, 5.5], "rotation": 180, "texture": "#2"},
				"up": {"uv": [6.5, 4.5, 7.5, 5.5], "rotation": 180, "texture": "#2"},
				"down": {"uv": [6.5, 4.5, 7.5, 5.5], "rotation": 180, "texture": "#2"}
			}
		},
		{
			"name": "Cube",
			"from": [8.1, 3.8902, 13.933],
			"to": [8.3, 4.0902, 14.218],
			"rotation": {"angle": 45, "axis": "x", "origin": [8.2, 3.9502, 13.9355]},
			"faces": {
				"north": {"uv": [6.5, 4.5, 7.5, 5.5], "rotation": 180, "texture": "#2"},
				"east": {"uv": [6.5, 4.5, 7.5, 5.5], "rotation": 180, "texture": "#2"},
				"south": {"uv": [6.5, 4.5, 7.5, 5.5], "rotation": 180, "texture": "#2"},
				"west": {"uv": [6.5, 4.5, 7.5, 5.5], "rotation": 180, "texture": "#2"},
				"up": {"uv": [6.5, 4.5, 7.5, 5.5], "rotation": 180, "texture": "#2"},
				"down": {"uv": [6.5, 4.5, 7.5, 5.5], "rotation": 180, "texture": "#2"}
			}
		},
		{
			"name": "Cube",
			"from": [7.7, 3.8902, 13.933],
			"to": [7.9, 4.0902, 14.218],
			"rotation": {"angle": 45, "axis": "x", "origin": [8.6, 3.9502, 13.9355]},
			"faces": {
				"north": {"uv": [6.5, 4.5, 7.5, 5.5], "rotation": 180, "texture": "#2"},
				"east": {"uv": [6.5, 4.5, 7.5, 5.5], "rotation": 180, "texture": "#2"},
				"south": {"uv": [6.5, 4.5, 7.5, 5.5], "rotation": 180, "texture": "#2"},
				"west": {"uv": [6.5, 4.5, 7.5, 5.5], "rotation": 180, "texture": "#2"},
				"up": {"uv": [6.5, 4.5, 7.5, 5.5], "rotation": 180, "texture": "#2"},
				"down": {"uv": [6.5, 4.5, 7.5, 5.5], "rotation": 180, "texture": "#2"}
			}
		},
		{
			"name": "Cube",
			"from": [7.7, 3.8902, 13.653],
			"to": [7.9, 4.0902, 13.938],
			"rotation": {"angle": -45, "axis": "x", "origin": [8.6, 3.9502, 13.9355]},
			"faces": {
				"north": {"uv": [6.5, 4.5, 7.5, 5.5], "rotation": 180, "texture": "#2"},
				"east": {"uv": [6.5, 4.5, 7.5, 5.5], "rotation": 180, "texture": "#2"},
				"south": {"uv": [6.5, 4.5, 7.5, 5.5], "rotation": 180, "texture": "#2"},
				"west": {"uv": [6.5, 4.5, 7.5, 5.5], "rotation": 180, "texture": "#2"},
				"up": {"uv": [6.5, 4.5, 7.5, 5.5], "rotation": 180, "texture": "#2"},
				"down": {"uv": [6.5, 4.5, 7.5, 5.5], "rotation": 180, "texture": "#2"}
			}
		},
		{
			"name": "Cube",
			"from": [8.1, 3.8902, 13.653],
			"to": [8.3, 4.0902, 13.938],
			"rotation": {"angle": -45, "axis": "x", "origin": [8.2, 3.9502, 13.9355]},
			"faces": {
				"north": {"uv": [6.5, 4.5, 7.5, 5.5], "rotation": 180, "texture": "#2"},
				"east": {"uv": [6.5, 4.5, 7.5, 5.5], "rotation": 180, "texture": "#2"},
				"south": {"uv": [6.5, 4.5, 7.5, 5.5], "rotation": 180, "texture": "#2"},
				"west": {"uv": [6.5, 4.5, 7.5, 5.5], "rotation": 180, "texture": "#2"},
				"up": {"uv": [6.5, 4.5, 7.5, 5.5], "rotation": 180, "texture": "#2"},
				"down": {"uv": [6.5, 4.5, 7.5, 5.5], "rotation": 180, "texture": "#2"}
			}
		},
		{
			"name": "Cube",
			"from": [7.7, 3.8502, 13.838],
			"to": [7.9, 4.0502, 14.033],
			"rotation": {"angle": 0, "axis": "x", "origin": [8.2, 1.7152, 21.97347]},
			"faces": {
				"north": {"uv": [6.5, 4.5, 7.5, 5.5], "rotation": 180, "texture": "#2"},
				"east": {"uv": [6.5, 4.5, 7.5, 5.5], "rotation": 180, "texture": "#2"},
				"south": {"uv": [6.5, 4.5, 7.5, 5.5], "rotation": 180, "texture": "#2"},
				"west": {"uv": [6.5, 4.5, 7.5, 5.5], "rotation": 180, "texture": "#2"},
				"up": {"uv": [6.5, 4.5, 7.5, 5.5], "rotation": 180, "texture": "#2"},
				"down": {"uv": [6.5, 4.5, 7.5, 5.5], "rotation": 180, "texture": "#2"}
			}
		},
		{
			"name": "Grip 2",
			"from": [7.7, 0.85032, 13.76977],
			"to": [8.35, 1.15032, 14.81977],
			"rotation": {"angle": 0, "axis": "y", "origin": [7.5, 7.95032, 7.76977]},
			"faces": {
				"north": {"uv": [5.5, 4.5, 6.5, 5.5], "texture": "#2"},
				"east": {"uv": [5.5, 4.5, 6.5, 5.5], "texture": "#2"},
				"south": {"uv": [5.5, 4.5, 6.5, 5.5], "texture": "#2"},
				"west": {"uv": [5.5, 4.5, 6.5, 5.5], "texture": "#2"},
				"up": {"uv": [5.5, 4.5, 6.5, 5.5], "texture": "#2"},
				"down": {"uv": [5.5, 4.5, 6.5, 5.5], "texture": "#2"}
			}
		},
		{
			"name": "Trigger",
			"from": [7.9, 1.28, 14.325],
			"to": [8.15, 2.005, 14.65],
			"rotation": {"angle": 0, "axis": "x", "origin": [8, 1.5375, 14.4875]},
			"faces": {
				"north": {"uv": [6.5, 4.5, 7.5, 5.5], "texture": "#2"},
				"east": {"uv": [6.5, 4.5, 7.5, 5.5], "texture": "#2"},
				"south": {"uv": [6.5, 4.5, 7.5, 5.5], "texture": "#2"},
				"west": {"uv": [6.5, 4.5, 7.5, 5.5], "texture": "#2"},
				"up": {"uv": [6.5, 4.5, 7.5, 5.5], "texture": "#2"},
				"down": {"uv": [6.5, 4.5, 7.5, 5.5], "texture": "#2"}
			}
		},
		{
			"name": "Grip 3",
			"from": [7.7, 0.52532, 14.55977],
			"to": [8.35, 0.82532, 15.00977],
			"rotation": {"angle": -45, "axis": "x", "origin": [8.025, 1.00032, 14.29477]},
			"faces": {
				"north": {"uv": [5.5, 4.5, 6.5, 5.5], "texture": "#2"},
				"east": {"uv": [5.5, 4.5, 6.5, 5.5], "texture": "#2"},
				"south": {"uv": [5.5, 4.5, 6.5, 5.5], "texture": "#2"},
				"west": {"uv": [5.5, 4.5, 6.5, 5.5], "texture": "#2"},
				"up": {"uv": [5.5, 4.5, 6.5, 5.5], "texture": "#2"},
				"down": {"uv": [5.5, 4.5, 6.5, 5.5], "texture": "#2"}
			}
		},
		{
			"name": "Grip 4",
			"from": [7.7, 1.26532, 13.818],
			"to": [8.35, 1.71532, 14.118],
			"rotation": {"angle": -45, "axis": "x", "origin": [8.025, 1.00032, 14.29477]},
			"faces": {
				"north": {"uv": [5.5, 4.5, 6.5, 5.5], "rotation": 90, "texture": "#2"},
				"east": {"uv": [5.5, 4.5, 6.5, 5.5], "rotation": 90, "texture": "#2"},
				"south": {"uv": [5.5, 4.5, 6.5, 5.5], "rotation": 90, "texture": "#2"},
				"west": {"uv": [5.5, 4.5, 6.5, 5.5], "rotation": 90, "texture": "#2"},
				"up": {"uv": [5.5, 4.5, 6.5, 5.5], "rotation": 90, "texture": "#2"},
				"down": {"uv": [5.5, 4.5, 6.5, 5.5], "rotation": 90, "texture": "#2"}
			}
		},
		{
			"name": "Grip 3",
			"from": [7.7, 1.17032, 14.83477],
			"to": [8.35, 1.90032, 15.13477],
			"rotation": {"angle": 0, "axis": "x", "origin": [8.025, 1.00032, 14.29477]},
			"faces": {
				"north": {"uv": [5.5, 4.5, 6.5, 5.5], "rotation": 270, "texture": "#2"},
				"east": {"uv": [5.5, 4.5, 6.5, 5.5], "rotation": 270, "texture": "#2"},
				"south": {"uv": [5.5, 4.5, 6.5, 5.5], "rotation": 270, "texture": "#2"},
				"west": {"uv": [5.5, 4.5, 6.5, 5.5], "rotation": 270, "texture": "#2"},
				"up": {"uv": [5.5, 4.5, 6.5, 5.5], "rotation": 270, "texture": "#2"},
				"down": {"uv": [5.5, 4.5, 6.5, 5.5], "rotation": 270, "texture": "#2"}
			}
		},
		{
			"name": "Grip 4",
			"from": [7.7, 1.17032, 13.451],
			"to": [8.35, 1.90032, 13.751],
			"rotation": {"angle": 0, "axis": "x", "origin": [8.025, 1.00032, 14.29477]},
			"faces": {
				"north": {"uv": [5.5, 4.5, 6.5, 5.5], "rotation": 270, "texture": "#2"},
				"east": {"uv": [5.5, 4.5, 6.5, 5.5], "rotation": 270, "texture": "#2"},
				"south": {"uv": [5.5, 4.5, 6.5, 5.5], "rotation": 270, "texture": "#2"},
				"west": {"uv": [5.5, 4.5, 6.5, 5.5], "rotation": 270, "texture": "#2"},
				"up": {"uv": [5.5, 4.5, 6.5, 5.5], "rotation": 270, "texture": "#2"},
				"down": {"uv": [5.5, 4.5, 6.5, 5.5], "rotation": 270, "texture": "#2"}
			}
		}
	],
	"display": {
		"thirdperson_righthand": {
			"translation": [0, 6.5, -6.75],
			"scale": [1.1, 1.1, 1.1]
		},
		"firstperson_righthand": {
			"translation": [-3.5, 8.5, 0],
			"scale": [0.8, 0.8, 0.8]
		},
		"firstperson_lefthand": {
			"translation": [3.75, -3.25, 0]
		},
		"ground": {
			"translation": [0, 5, -1]
		},
		"gui": {
			"rotation": [30, 225, 0],
			"translation": [1.25, 4.5, 0],
			"scale": [1.2, 1.2, 1.2]
		},
		"fixed": {
			"rotation": [0, 90, 0],
			"translation": [-3.25, 11.25, -2],
			"scale": [2, 2, 2]
		}
	},
	"groups": [
		{
			"name": "Barrel",
			"origin": [8.5, 3.3, -5.1],
			"color": 0,
			"children": [
				0,
				1,
				2,
				3,
				4,
				5,
				6,
				7,
				8,
				9,
				10,
				11,
				12,
				{
					"name": "Spring",
					"origin": [0, -0.5, 7.7],
					"color": 0,
					"children": [13]
				},
				{
					"name": "group",
					"origin": [8.5, 3.3, 3.6],
					"color": 0,
					"children": [14, 15, 16, 17, 18, 19, 20, 21, 22, 23, 24, 25, 26, 27, 28, 29, 30, 31, 32, 33, 34, 35, 36, 37, 38, 39, 40, 41, 42, 43, 44, 45, 46, 47, 48, 49]
				}
			]
		},
		{
			"name": "Stock",
			"origin": [8, 1.3777, 17.64847],
			"color": 0,
			"children": [50, 51, 52, 53, 54, 55]
		},
		{
			"name": "Receiver",
			"origin": [8, 3.4502, 14.55347],
			"color": 0,
			"children": [56, 57, 58, 59, 60, 61, 62, 63, 64, 65, 66, 67, 68, 69, 70, 71, 72, 73, 74, 75, 76, 77, 78, 79, 80, 81, 82, 83, 84, 85, 86]
		},
		{
			"name": "Handguard",
			"origin": [8.3, 3.6002, 6.90347],
			"color": 0,
			"children": []
		},
		{
			"name": "Chamber",
			"origin": [8, 1.9152, 21.97347],
			"color": 0,
			"children": []
		},
		{
			"name": "Trigger",
			"origin": [8.025, 1.00032, 14.29477],
			"color": 0,
			"children": [87, 88, 89, 90, 91, 92]
		}
	]
}