{
	"credit": "Made with Blockbench",
	"texture_size": [32, 32],
	"textures": {
		"2": "moguns:items/m14_ebr",
		"particle": "moguns:items/m14_ebr"
	},
	"elements": [
		{
			"from": [8.60079, 2.09618, 14.101],
			"to": [8.90079, 2.40118, 21.101],
			"rotation": {"angle": 0, "axis": "z", "origin": [8.00079, 4.23618, 16.451]},
			"faces": {
				"north": {"uv": [10.5, 4, 9.5, 5], "texture": "#2"},
				"east": {"uv": [10.5, 4, 9.5, 5], "texture": "#2"},
				"south": {"uv": [10.5, 4, 9.5, 5], "texture": "#2"},
				"west": {"uv": [10.5, 4, 9.5, 5], "texture": "#2"},
				"up": {"uv": [10.5, 4, 9.5, 5], "texture": "#2"},
				"down": {"uv": [10.5, 4, 9.5, 5], "texture": "#2"}
			}
		},
		{
			"from": [8.57579, 0.84618, 21.101],
			"to": [8.92579, 2.50118, 21.501],
			"rotation": {"angle": 0, "axis": "z", "origin": [8.00079, 4.23618, 16.451]},
			"faces": {
				"north": {"uv": [9.5, 4, 8.5, 5], "texture": "#2"},
				"east": {"uv": [9.5, 4, 8.5, 5], "texture": "#2"},
				"south": {"uv": [9.5, 4, 8.5, 5], "texture": "#2"},
				"west": {"uv": [9.5, 4, 8.5, 5], "texture": "#2"},
				"up": {"uv": [9.5, 4, 8.5, 5], "texture": "#2"},
				"down": {"uv": [9.5, 4, 8.5, 5], "texture": "#2"}
			}
		},
		{
			"from": [7.07421, 0.84618, 21.101],
			"to": [7.42421, 2.50118, 21.501],
			"rotation": {"angle": 0, "axis": "z", "origin": [7.99921, 4.23618, 16.451]},
			"faces": {
				"north": {"uv": [8.5, 4, 9.5, 5], "texture": "#2"},
				"east": {"uv": [8.5, 4, 9.5, 5], "texture": "#2"},
				"south": {"uv": [8.5, 4, 9.5, 5], "texture": "#2"},
				"west": {"uv": [8.5, 4, 9.5, 5], "texture": "#2"},
				"up": {"uv": [8.5, 4, 9.5, 5], "texture": "#2"},
				"down": {"uv": [8.5, 4, 9.5, 5], "texture": "#2"}
			}
		},
		{
			"from": [4.94921, 1.74118, 21.101],
			"to": [5.29921, 2.49618, 21.501],
			"rotation": {"angle": 45, "axis": "z", "origin": [7.99921, 4.23618, 16.451]},
			"faces": {
				"north": {"uv": [8.5, 4, 9.5, 5], "texture": "#2"},
				"east": {"uv": [8.5, 4, 9.5, 5], "texture": "#2"},
				"south": {"uv": [8.5, 4, 9.5, 5], "texture": "#2"},
				"west": {"uv": [8.5, 4, 9.5, 5], "texture": "#2"},
				"up": {"uv": [8.5, 4, 9.5, 5], "texture": "#2"},
				"down": {"uv": [8.5, 4, 9.5, 5], "texture": "#2"}
			}
		},
		{
			"from": [10.70079, 1.74118, 21.101],
			"to": [11.05079, 2.49618, 21.501],
			"rotation": {"angle": -45, "axis": "z", "origin": [8.00079, 4.23618, 16.451]},
			"faces": {
				"north": {"uv": [9.5, 4, 8.5, 5], "texture": "#2"},
				"east": {"uv": [9.5, 4, 8.5, 5], "texture": "#2"},
				"south": {"uv": [9.5, 4, 8.5, 5], "texture": "#2"},
				"west": {"uv": [9.5, 4, 8.5, 5], "texture": "#2"},
				"up": {"uv": [9.5, 4, 8.5, 5], "texture": "#2"},
				"down": {"uv": [9.5, 4, 8.5, 5], "texture": "#2"}
			}
		},
		{
			"from": [7.60579, 0.31618, 21.101],
			"to": [8.39079, 0.66618, 21.501],
			"rotation": {"angle": 0, "axis": "z", "origin": [8.00079, 4.23618, 16.451]},
			"faces": {
				"north": {"uv": [9.5, 4, 8.5, 5], "rotation": 270, "texture": "#2"},
				"east": {"uv": [9.5, 4, 8.5, 5], "rotation": 90, "texture": "#2"},
				"south": {"uv": [9.5, 4, 8.5, 5], "rotation": 90, "texture": "#2"},
				"west": {"uv": [9.5, 4, 8.5, 5], "rotation": 90, "texture": "#2"},
				"up": {"uv": [9.5, 4, 8.5, 5], "rotation": 90, "texture": "#2"},
				"down": {"uv": [9.5, 4, 8.5, 5], "rotation": 90, "texture": "#2"}
			}
		},
		{
			"from": [7.09921, 2.09618, 14.101],
			"to": [7.39921, 2.40118, 21.101],
			"rotation": {"angle": 0, "axis": "z", "origin": [7.99921, 4.23618, 16.451]},
			"faces": {
				"north": {"uv": [9.5, 4, 10.5, 5], "texture": "#2"},
				"east": {"uv": [9.5, 4, 10.5, 5], "texture": "#2"},
				"south": {"uv": [9.5, 4, 10.5, 5], "texture": "#2"},
				"west": {"uv": [9.5, 4, 10.5, 5], "texture": "#2"},
				"up": {"uv": [9.5, 4, 10.5, 5], "texture": "#2"},
				"down": {"uv": [9.5, 4, 10.5, 5], "texture": "#2"}
			}
		}
	],
	"display": {
		"thirdperson_righthand": {
			"translation": [0, 6.5, -6.75],
			"scale": [1.1, 1.1, 1.1]
		},
		"firstperson_righthand": {
			"translation": [-3.5, 8.5, 0],
			"scale": [0.8, 0.8, 0.8]
		},
		"firstperson_lefthand": {
			"translation": [3.75, -3.25, 0]
		},
		"ground": {
			"translation": [0, 5, -1]
		},
		"gui": {
			"rotation": [30, 225, 0],
			"translation": [1.25, 4.5, 0],
			"scale": [1.2, 1.2, 1.2]
		},
		"fixed": {
			"rotation": [0, 90, 0],
			"translation": [-3.25, 11.25, -2],
			"scale": [2, 2, 2]
		}
	}
}