{
	"credit": "Made with Blockbench",
	"texture_size": [32, 32],
	"textures": {
		"1_1": "moguns:items/hellfire"
	},
	"elements": [
		{
			"from": [7.4, 2.45, 16.2],
			"to": [8.6, 3.65, 16.4],
			"rotation": {"angle": 0, "axis": "y", "origin": [8.5, 3.05, 16.8]},
			"faces": {
				"north": {"uv": [16, 10.5, 13.5, 13], "texture": "#1_1", "tintindex": 0},
				"east": {"uv": [9.5, 13, 9, 13.5], "texture": "#1_1", "tintindex": 0},
				"south": {"uv": [16, 10.5, 13.5, 13], "texture": "#1_1", "tintindex": 0},
				"west": {"uv": [14, 10.5, 13.5, 13], "texture": "#1_1", "tintindex": 0},
				"up": {"uv": [13.5, 11, 16, 10.5], "rotation": 180, "texture": "#1_1", "tintindex": 0},
				"down": {"uv": [13.5, 13, 16, 12.5], "texture": "#1_1", "tintindex": 0}
			}
		},
		{
			"from": [8.4, 1.35, 17.51],
			"to": [8.6, 1.55, 21.5],
			"rotation": {"angle": 0, "axis": "y", "origin": [16, 0, 0]},
			"faces": {
				"north": {"uv": [16, 13, 6.5, 13.5], "texture": "#1_1", "tintindex": 0},
				"east": {"uv": [16, 13, 6.5, 13.5], "texture": "#1_1", "tintindex": 0},
				"south": {"uv": [16, 13, 15.5, 13.5], "texture": "#1_1", "tintindex": 0},
				"west": {"uv": [15, 13, 5.5, 13.5], "texture": "#1_1", "tintindex": 0},
				"up": {"uv": [6, 13.5, 15.5, 13], "rotation": 90, "texture": "#1_1", "tintindex": 0},
				"down": {"uv": [5, 13.5, 14.5, 13], "rotation": 90, "texture": "#1_1", "tintindex": 0}
			}
		},
		{
			"from": [7.4, 1.55, 21.3],
			"to": [8.6, 3.85, 21.5],
			"rotation": {"angle": 0, "axis": "y", "origin": [16, 0, 0]},
			"faces": {
				"north": {"uv": [13.5, 11.5, 12, 13], "texture": "#1_1", "tintindex": 0},
				"east": {"uv": [13.5, 11.5, 13, 13], "texture": "#1_1", "tintindex": 0},
				"south": {"uv": [13.5, 11.5, 12, 13], "texture": "#1_1", "tintindex": 0},
				"west": {"uv": [12.5, 11.5, 12, 13], "texture": "#1_1", "tintindex": 0},
				"up": {"uv": [13.5, 11.5, 12, 12], "texture": "#1_1", "tintindex": 0},
				"down": {"uv": [13.5, 12.5, 12, 13], "texture": "#1_1", "tintindex": 0}
			}
		},
		{
			"from": [7.4, 1.35, 17.515],
			"to": [7.6, 1.55, 21.5],
			"rotation": {"angle": 0, "axis": "y", "origin": [16, 0, 0]},
			"faces": {
				"north": {"uv": [16, 13, 6.5, 13.5], "texture": "#1_1", "tintindex": 0},
				"east": {"uv": [16, 13, 6.5, 13.5], "texture": "#1_1", "tintindex": 0},
				"south": {"uv": [16, 13, 15.5, 13.5], "texture": "#1_1", "tintindex": 0},
				"west": {"uv": [15, 13, 5.5, 13.5], "texture": "#1_1", "tintindex": 0},
				"up": {"uv": [5, 13.5, 14.5, 13], "rotation": 90, "texture": "#1_1", "tintindex": 0},
				"down": {"uv": [5, 13.5, 14.5, 13], "rotation": 90, "texture": "#1_1", "tintindex": 0}
			}
		},
		{
			"from": [7.4, 1.35, 15.75],
			"to": [7.6, 1.55, 17.59],
			"rotation": {"angle": 45, "axis": "x", "origin": [7.5, 1.45, 17.55]},
			"faces": {
				"north": {"uv": [16, 13.5, 11, 13], "texture": "#1_1", "tintindex": 0},
				"east": {"uv": [16, 13.5, 11, 13], "texture": "#1_1", "tintindex": 0},
				"south": {"uv": [16, 13.5, 11, 13], "texture": "#1_1", "tintindex": 0},
				"west": {"uv": [16, 13.5, 11, 13], "texture": "#1_1", "tintindex": 0},
				"up": {"uv": [15, 13.5, 10, 13], "rotation": 90, "texture": "#1_1", "tintindex": 0},
				"down": {"uv": [14, 13.5, 9, 13], "rotation": 90, "texture": "#1_1", "tintindex": 0}
			}
		},
		{
			"from": [8.4, 1.35, 15.75],
			"to": [8.6, 1.55, 17.59],
			"rotation": {"angle": 45, "axis": "x", "origin": [7.5, 1.45, 17.55]},
			"faces": {
				"north": {"uv": [16, 13.5, 11, 13], "texture": "#1_1", "tintindex": 0},
				"east": {"uv": [16, 13.5, 11, 13], "texture": "#1_1", "tintindex": 0},
				"south": {"uv": [16, 13.5, 11, 13], "texture": "#1_1", "tintindex": 0},
				"west": {"uv": [16, 13.5, 11, 13], "texture": "#1_1", "tintindex": 0},
				"up": {"uv": [15, 13.5, 10, 13], "rotation": 90, "texture": "#1_1", "tintindex": 0},
				"down": {"uv": [14, 13.5, 9, 13], "rotation": 90, "texture": "#1_1", "tintindex": 0}
			}
		}
	],
	"display": {
		"thirdperson_righthand": {
			"translation": [0, 6.5, -6.75],
			"scale": [1.1, 1.1, 1.1]
		},
		"firstperson_righthand": {
			"translation": [-3.5, 8.5, 0],
			"scale": [0.8, 0.8, 0.8]
		},
		"firstperson_lefthand": {
			"translation": [3.75, -3.25, 0]
		},
		"ground": {
			"translation": [0, 5, -1]
		},
		"gui": {
			"rotation": [30, 225, 0],
			"translation": [1.25, 4.5, 0],
			"scale": [1.2, 1.2, 1.2]
		},
		"fixed": {
			"rotation": [0, 90, 0],
			"translation": [-3.25, 11.25, -2],
			"scale": [2, 2, 2]
		}
	},
	"groups": [
		{
			"name": "Chamber",
			"origin": [8.4, 7.4, 6],
			"color": 0,
			"children": []
		},
		{
			"name": "Barrel",
			"origin": [8.4, 7.4, 6],
			"color": 0,
			"children": []
		},
		{
			"name": "Sight",
			"origin": [8, 4.4, 12.8],
			"color": 0,
			"children": []
		},
		{
			"name": "Receiver",
			"origin": [8, 7.95, 8],
			"color": 0,
			"children": []
		},
		{
			"name": "Handle",
			"origin": [0, 0, 0],
			"color": 0,
			"children": []
		},
		{
			"name": "Magazine",
			"origin": [8, -0.025, 12.2],
			"color": 0,
			"children": []
		},
		{
			"name": "light_hellfire_stock",
			"origin": [8, 8, 8],
			"color": 0,
			"children": [
				{
					"name": "Stock",
					"origin": [0, 0, 0],
					"color": 0,
					"children": [0, 1, 2, 3, 4, 5]
				},
				{
					"name": "Chamber",
					"origin": [8.4, 7.4, 6],
					"color": 0,
					"children": []
				},
				{
					"name": "Barrel",
					"origin": [8.4, 7.4, 6],
					"color": 0,
					"children": []
				},
				{
					"name": "Sight",
					"origin": [8, 4.4, 12.8],
					"color": 0,
					"children": []
				},
				{
					"name": "Receiver",
					"origin": [8, 7.95, 8],
					"color": 0,
					"children": []
				},
				{
					"name": "Handle",
					"origin": [0, 0, 0],
					"color": 0,
					"children": []
				},
				{
					"name": "group",
					"origin": [8, 6.27, 13.8825],
					"color": 0,
					"children": []
				}
			]
		}
	]
}