{
	"credit": "Made with Blockbench",
	"texture_size": [32, 32],
	"textures": {
		"2": "moguns:items/m14",
		"particle": "moguns:items/m14"
	},
	"elements": [
		{
			"name": "Barrel 1",
			"from": [7.7, 3.35, -3.9],
			"to": [8.3, 3.6, 2.65],
			"rotation": {"angle": 0, "axis": "y", "origin": [0, -0.5, -6.1]},
			"faces": {
				"north": {"uv": [0, 5.5, 0.5, 7], "texture": "#2"},
				"east": {"uv": [0, 5.5, 9, 7], "texture": "#2"},
				"south": {"uv": [0, 2.5, 0.5, 3], "texture": "#2"},
				"west": {"uv": [0, 2.5, 5, 3], "texture": "#2"},
				"up": {"uv": [0, 6.5, 9, 8], "rotation": 90, "texture": "#2"},
				"down": {"uv": [9, 6, 0, 6.5], "rotation": 90, "texture": "#2"}
			}
		},
		{
			"name": "Barrel 2",
			"from": [7.42929, 3.37071, -3.899],
			"to": [7.62929, 3.65271, 2.651],
			"rotation": {"angle": -45, "axis": "z", "origin": [7.5, 3.3, -5.1]},
			"faces": {
				"north": {"uv": [0, 5.5, 0.5, 7], "texture": "#2"},
				"east": {"uv": [0, 5.5, 9, 7], "texture": "#2"},
				"south": {"uv": [0, 2.5, 0.5, 3], "texture": "#2"},
				"west": {"uv": [0, 6.5, 9, 8], "texture": "#2"},
				"up": {"uv": [0, 2.5, 5, 3], "texture": "#2"},
				"down": {"uv": [0, 2.5, 5, 3], "texture": "#2"}
			}
		},
		{
			"name": "Barrel 3",
			"from": [7.5, 2.8, -3.9],
			"to": [7.75, 3.4, 2.65],
			"rotation": {"angle": 0, "axis": "y", "origin": [0, -0.5, -6.1]},
			"faces": {
				"north": {"uv": [0, 5.5, 0.5, 7], "texture": "#2"},
				"east": {"uv": [0, 6, 9, 6.5], "rotation": 180, "texture": "#2"},
				"south": {"uv": [0, 2.5, 0.5, 3], "texture": "#2"},
				"west": {"uv": [0, 7, 9, 6], "texture": "#2"},
				"up": {"uv": [0, 2.5, 5, 3], "texture": "#2"},
				"down": {"uv": [0, 2.5, 5, 3], "texture": "#2"}
			}
		},
		{
			"name": "Barrel 4",
			"from": [7.57071, 2.48871, -3.899],
			"to": [7.77071, 2.77071, 2.651],
			"rotation": {"angle": 45, "axis": "z", "origin": [7.5, 2.7, -5.1]},
			"faces": {
				"north": {"uv": [0, 5.5, 0.5, 7], "texture": "#2"},
				"east": {"uv": [0, 5.5, 9, 7], "texture": "#2"},
				"south": {"uv": [0, 2.5, 0.5, 3], "texture": "#2"},
				"west": {"uv": [0, 5.5, 9, 6.5], "texture": "#2"},
				"up": {"uv": [0, 2.5, 5, 3], "texture": "#2"},
				"down": {"uv": [0, 2.5, 5, 3], "texture": "#2"}
			}
		},
		{
			"name": "Barrel 5",
			"from": [7.7, 2.6, -3.9],
			"to": [8.3, 2.85, 2.65],
			"rotation": {"angle": 0, "axis": "y", "origin": [0, -0.5, -6.1]},
			"faces": {
				"north": {"uv": [0, 5.5, 0.5, 7], "texture": "#2"},
				"east": {"uv": [0, 5.5, 9, 7], "texture": "#2"},
				"south": {"uv": [0, 2.5, 0.5, 3], "texture": "#2"},
				"west": {"uv": [0, 2.5, 5, 3], "texture": "#2"},
				"up": {"uv": [0, 6, 9, 6.5], "rotation": 90, "texture": "#2"},
				"down": {"uv": [0, 5.5, 9, 6.5], "rotation": 270, "texture": "#2"}
			}
		},
		{
			"name": "Barrel 6",
			"from": [8.22929, 2.48871, -3.899],
			"to": [8.42929, 2.77071, 2.651],
			"rotation": {"angle": -45, "axis": "z", "origin": [8.5, 2.7, -5.1]},
			"faces": {
				"north": {"uv": [0, 5.5, 0.5, 7], "rotation": 180, "texture": "#2"},
				"east": {"uv": [0, 5.5, 9, 6.5], "rotation": 180, "texture": "#2"},
				"south": {"uv": [0, 2.5, 0.5, 3], "rotation": 180, "texture": "#2"},
				"west": {"uv": [0, 2.5, 5, 3], "rotation": 180, "texture": "#2"},
				"up": {"uv": [0, 2.5, 5, 3], "rotation": 180, "texture": "#2"},
				"down": {"uv": [0, 2.5, 5, 3], "rotation": 180, "texture": "#2"}
			}
		},
		{
			"name": "Barrel 7",
			"from": [8.25, 2.8, -3.9],
			"to": [8.5, 3.4, 2.65],
			"rotation": {"angle": 0, "axis": "y", "origin": [0, -0.5, -6.1]},
			"faces": {
				"north": {"uv": [0, 5.5, 0.5, 7], "rotation": 180, "texture": "#2"},
				"east": {"uv": [0, 6, 9, 7], "rotation": 180, "texture": "#2"},
				"south": {"uv": [0, 2.5, 0.5, 3], "rotation": 180, "texture": "#2"},
				"west": {"uv": [0, 6, 9, 6.5], "texture": "#2"},
				"up": {"uv": [0, 2.5, 5, 3], "rotation": 180, "texture": "#2"},
				"down": {"uv": [0, 2.5, 5, 3], "rotation": 180, "texture": "#2"}
			}
		},
		{
			"name": "Barrel 8",
			"from": [8.37071, 3.37071, -3.899],
			"to": [8.57071, 3.65271, 2.651],
			"rotation": {"angle": 45, "axis": "z", "origin": [8.5, 3.3, -5.1]},
			"faces": {
				"north": {"uv": [0, 5.5, 0.5, 7], "rotation": 180, "texture": "#2"},
				"east": {"uv": [0, 6.5, 9, 8], "rotation": 180, "texture": "#2"},
				"south": {"uv": [0, 2.5, 0.5, 3], "rotation": 180, "texture": "#2"},
				"west": {"uv": [0, 2.5, 5, 3], "rotation": 180, "texture": "#2"},
				"up": {"uv": [0, 2.5, 5, 3], "rotation": 180, "texture": "#2"},
				"down": {"uv": [0, 2.5, 5, 3], "rotation": 180, "texture": "#2"}
			}
		},
		{
			"name": "Barrel 2",
			"from": [8.05, 3.605, -2.8],
			"to": [8.15, 3.955, -2.15],
			"rotation": {"angle": 0, "axis": "y", "origin": [0, -0.5, -6.1]},
			"faces": {
				"north": {"uv": [6.5, 4.5, 7.5, 5.5], "rotation": 90, "texture": "#2"},
				"east": {"uv": [6.5, 4.5, 7.5, 5.5], "rotation": 90, "texture": "#2"},
				"south": {"uv": [6.5, 4.5, 7.5, 5.5], "rotation": 90, "texture": "#2"},
				"west": {"uv": [6.5, 4.5, 7.5, 5.5], "rotation": 90, "texture": "#2"},
				"up": {"uv": [6.5, 4.5, 7.5, 5.5], "rotation": 90, "texture": "#2"},
				"down": {"uv": [6.5, 4.5, 7.5, 5.5], "rotation": 90, "texture": "#2"}
			}
		},
		{
			"name": "Barrel 3",
			"from": [7.85, 3.605, -2.8],
			"to": [7.95, 3.955, -2.15],
			"rotation": {"angle": 0, "axis": "y", "origin": [0, -0.5, -6.1]},
			"faces": {
				"north": {"uv": [6.5, 4.5, 7.5, 5.5], "rotation": 90, "texture": "#2"},
				"east": {"uv": [6.5, 4.5, 7.5, 5.5], "rotation": 90, "texture": "#2"},
				"south": {"uv": [6.5, 4.5, 7.5, 5.5], "rotation": 90, "texture": "#2"},
				"west": {"uv": [6.5, 4.5, 7.5, 5.5], "rotation": 90, "texture": "#2"},
				"up": {"uv": [6.5, 4.5, 7.5, 5.5], "rotation": 90, "texture": "#2"},
				"down": {"uv": [6.5, 4.5, 7.5, 5.5], "rotation": 90, "texture": "#2"}
			}
		},
		{
			"name": "Barrel 2",
			"from": [7.66, 3.45, -0.3],
			"to": [8.34, 3.7, 0.45],
			"rotation": {"angle": 0, "axis": "y", "origin": [0, -0.5, -6.1]},
			"faces": {
				"north": {"uv": [5.5, 5.5, 6.5, 4.5], "texture": "#2"},
				"east": {"uv": [5.5, 5.5, 6.5, 4.5], "texture": "#2"},
				"south": {"uv": [5.5, 5.5, 6.5, 4.5], "texture": "#2"},
				"west": {"uv": [5.5, 5.5, 6.5, 4.5], "texture": "#2"},
				"up": {"uv": [5.5, 5.5, 6.5, 4.5], "texture": "#2"},
				"down": {"uv": [5.5, 5.5, 6.5, 4.5], "texture": "#2"}
			}
		},
		{
			"name": "Barrel 3",
			"from": [7.32929, 3.33071, -0.299],
			"to": [7.52929, 3.69271, 0.451],
			"rotation": {"angle": -45, "axis": "z", "origin": [7.5, 3.3, -5.1]},
			"faces": {
				"north": {"uv": [5.5, 5.5, 6.5, 4.5], "texture": "#2"},
				"east": {"uv": [5.5, 5.5, 6.5, 4.5], "texture": "#2"},
				"south": {"uv": [5.5, 5.5, 6.5, 4.5], "texture": "#2"},
				"west": {"uv": [5.5, 5.5, 6.5, 4.5], "texture": "#2"},
				"up": {"uv": [5.5, 5.5, 6.5, 4.5], "texture": "#2"},
				"down": {"uv": [5.5, 5.5, 6.5, 4.5], "texture": "#2"}
			}
		},
		{
			"name": "Barrel 4",
			"from": [7.4, 2.76, -0.3],
			"to": [7.65, 3.44, 0.45],
			"rotation": {"angle": 0, "axis": "y", "origin": [0, -0.5, -6.1]},
			"faces": {
				"north": {"uv": [5.5, 5.5, 6.5, 4.5], "rotation": 180, "texture": "#2"},
				"east": {"uv": [5.5, 5.5, 6.5, 4.5], "rotation": 180, "texture": "#2"},
				"south": {"uv": [5.5, 5.5, 6.5, 4.5], "rotation": 180, "texture": "#2"},
				"west": {"uv": [5.5, 5.5, 6.5, 4.5], "rotation": 180, "texture": "#2"},
				"up": {"uv": [5.5, 5.5, 6.5, 4.5], "rotation": 180, "texture": "#2"},
				"down": {"uv": [5.5, 5.5, 6.5, 4.5], "rotation": 180, "texture": "#2"}
			}
		},
		{
			"name": "Barrel 5",
			"from": [7.47071, 2.44871, -0.299],
			"to": [7.67071, 2.81071, 0.451],
			"rotation": {"angle": 45, "axis": "z", "origin": [7.5, 2.7, -5.1]},
			"faces": {
				"north": {"uv": [5.5, 5.5, 6.5, 4.5], "texture": "#2"},
				"east": {"uv": [5.5, 5.5, 6.5, 4.5], "texture": "#2"},
				"south": {"uv": [5.5, 5.5, 6.5, 4.5], "texture": "#2"},
				"west": {"uv": [5.5, 5.5, 6.5, 4.5], "texture": "#2"},
				"up": {"uv": [5.5, 5.5, 6.5, 4.5], "texture": "#2"},
				"down": {"uv": [5.5, 5.5, 6.5, 4.5], "texture": "#2"}
			}
		},
		{
			"name": "Barrel 6",
			"from": [7.66, 2.5, -0.3],
			"to": [8.34, 2.75, 0.45],
			"rotation": {"angle": 0, "axis": "y", "origin": [0, -0.5, -6.1]},
			"faces": {
				"north": {"uv": [5.5, 5.5, 6.5, 4.5], "texture": "#2"},
				"east": {"uv": [5.5, 5.5, 6.5, 4.5], "texture": "#2"},
				"south": {"uv": [5.5, 5.5, 6.5, 4.5], "texture": "#2"},
				"west": {"uv": [5.5, 5.5, 6.5, 4.5], "texture": "#2"},
				"up": {"uv": [5.5, 5.5, 6.5, 4.5], "texture": "#2"},
				"down": {"uv": [5.5, 5.5, 6.5, 4.5], "texture": "#2"}
			}
		},
		{
			"name": "Barrel 7",
			"from": [8.32929, 2.44871, -0.299],
			"to": [8.52929, 2.81071, 0.451],
			"rotation": {"angle": -45, "axis": "z", "origin": [8.5, 2.7, -5.1]},
			"faces": {
				"north": {"uv": [5.5, 5.5, 6.5, 4.5], "rotation": 180, "texture": "#2"},
				"east": {"uv": [5.5, 5.5, 6.5, 4.5], "rotation": 180, "texture": "#2"},
				"south": {"uv": [5.5, 5.5, 6.5, 4.5], "rotation": 180, "texture": "#2"},
				"west": {"uv": [5.5, 5.5, 6.5, 4.5], "rotation": 180, "texture": "#2"},
				"up": {"uv": [5.5, 5.5, 6.5, 4.5], "rotation": 180, "texture": "#2"},
				"down": {"uv": [5.5, 5.5, 6.5, 4.5], "rotation": 180, "texture": "#2"}
			}
		},
		{
			"name": "Barrel 8",
			"from": [8.35, 2.76, -0.3],
			"to": [8.6, 3.44, 0.45],
			"rotation": {"angle": 0, "axis": "y", "origin": [0, -0.5, -6.1]},
			"faces": {
				"north": {"uv": [5.5, 5.5, 6.5, 4.5], "rotation": 180, "texture": "#2"},
				"east": {"uv": [5.5, 5.5, 6.5, 4.5], "rotation": 180, "texture": "#2"},
				"south": {"uv": [5.5, 5.5, 6.5, 4.5], "rotation": 180, "texture": "#2"},
				"west": {"uv": [5.5, 5.5, 6.5, 4.5], "rotation": 180, "texture": "#2"},
				"up": {"uv": [5.5, 5.5, 6.5, 4.5], "rotation": 180, "texture": "#2"},
				"down": {"uv": [5.5, 5.5, 6.5, 4.5], "rotation": 180, "texture": "#2"}
			}
		},
		{
			"name": "Barrel 9",
			"from": [8.47071, 3.33071, -0.299],
			"to": [8.67071, 3.69271, 0.451],
			"rotation": {"angle": 45, "axis": "z", "origin": [8.5, 3.3, -5.1]},
			"faces": {
				"north": {"uv": [5.5, 5.5, 6.5, 4.5], "rotation": 180, "texture": "#2"},
				"east": {"uv": [5.5, 5.5, 6.5, 4.5], "rotation": 180, "texture": "#2"},
				"south": {"uv": [5.5, 5.5, 6.5, 4.5], "rotation": 180, "texture": "#2"},
				"west": {"uv": [5.5, 5.5, 6.5, 4.5], "rotation": 180, "texture": "#2"},
				"up": {"uv": [5.5, 5.5, 6.5, 4.5], "rotation": 180, "texture": "#2"},
				"down": {"uv": [5.5, 5.5, 6.5, 4.5], "rotation": 180, "texture": "#2"}
			}
		},
		{
			"name": "Grip 1",
			"from": [7.4, 1.48909, 15.2217],
			"to": [8.6, 2.49659, 17.5317],
			"rotation": {"angle": 22.5, "axis": "x", "origin": [8, 1.99159, 16.37684]},
			"faces": {
				"north": {"uv": [4.5, 1, 8, 3], "texture": "#2"},
				"east": {"uv": [4.5, 1.5, 8, 3], "texture": "#2"},
				"south": {"uv": [4.5, 1, 8, 3], "texture": "#2"},
				"west": {"uv": [4.5, 1.5, 8, 3], "texture": "#2"},
				"up": {"uv": [4.5, 1, 8, 2.5], "rotation": 90, "texture": "#2"},
				"down": {"uv": [4.5, 1, 8, 3], "texture": "#2"}
			}
		},
		{
			"name": "Rear Sight 4",
			"from": [7.9, 0.425, 19.57],
			"to": [8.1, 0.525, 19.82],
			"rotation": {"angle": 0, "axis": "y", "origin": [8, 0.225, 19.695]},
			"faces": {
				"north": {"uv": [5.5, 4.5, 6.5, 5.5], "rotation": 270, "texture": "#2"},
				"east": {"uv": [5.5, 4.5, 6.5, 5.5], "rotation": 270, "texture": "#2"},
				"south": {"uv": [5.5, 4.5, 6.5, 5.5], "rotation": 270, "texture": "#2"},
				"west": {"uv": [5.5, 4.5, 6.5, 5.5], "rotation": 270, "texture": "#2"},
				"up": {"uv": [5.5, 4.5, 6.5, 5.5], "rotation": 270, "texture": "#2"},
				"down": {"uv": [5.5, 4.5, 6.5, 5.5], "rotation": 270, "texture": "#2"}
			}
		},
		{
			"name": "Rear Sight 6",
			"from": [7.9, 0.1, 19.395],
			"to": [8.1, 0.35, 19.495],
			"rotation": {"angle": 0, "axis": "y", "origin": [8, 0.225, 19.695]},
			"faces": {
				"north": {"uv": [5.5, 4.5, 6.5, 5.5], "texture": "#2"},
				"east": {"uv": [5.5, 4.5, 6.5, 5.5], "texture": "#2"},
				"south": {"uv": [5.5, 4.5, 6.5, 5.5], "texture": "#2"},
				"west": {"uv": [5.5, 4.5, 6.5, 5.5], "texture": "#2"},
				"up": {"uv": [5.5, 4.5, 6.5, 5.5], "texture": "#2"},
				"down": {"uv": [5.5, 4.5, 6.5, 5.5], "texture": "#2"}
			}
		},
		{
			"name": "Rear Sight 2",
			"from": [7.9, 0.1, 19.895],
			"to": [8.1, 0.35, 19.995],
			"rotation": {"angle": 0, "axis": "y", "origin": [8, 0.225, 19.695]},
			"faces": {
				"north": {"uv": [5.5, 4.5, 6.5, 5.5], "texture": "#2"},
				"east": {"uv": [5.5, 4.5, 6.5, 5.5], "texture": "#2"},
				"south": {"uv": [5.5, 4.5, 6.5, 5.5], "texture": "#2"},
				"west": {"uv": [5.5, 4.5, 6.5, 5.5], "texture": "#2"},
				"up": {"uv": [5.5, 4.5, 6.5, 5.5], "texture": "#2"},
				"down": {"uv": [5.5, 4.5, 6.5, 5.5], "texture": "#2"}
			}
		},
		{
			"name": "Rear Sight 9",
			"from": [7.9, -0.075, 19.57],
			"to": [8.1, 0.025, 19.82],
			"rotation": {"angle": 0, "axis": "y", "origin": [8, 0.225, 19.695]},
			"faces": {
				"north": {"uv": [5.5, 4.5, 6.5, 5.5], "rotation": 270, "texture": "#2"},
				"east": {"uv": [5.5, 4.5, 6.5, 5.5], "rotation": 270, "texture": "#2"},
				"south": {"uv": [5.5, 4.5, 6.5, 5.5], "rotation": 270, "texture": "#2"},
				"west": {"uv": [5.5, 4.5, 6.5, 5.5], "rotation": 270, "texture": "#2"},
				"up": {"uv": [5.5, 4.5, 6.5, 5.5], "rotation": 270, "texture": "#2"},
				"down": {"uv": [5.5, 4.5, 6.5, 5.5], "rotation": 270, "texture": "#2"}
			}
		},
		{
			"name": "Rear Sight 10",
			"from": [7.9, 0.1, 19.395],
			"to": [8.1, 0.35, 19.495],
			"rotation": {"angle": -45, "axis": "x", "origin": [8, 0.225, 19.695]},
			"faces": {
				"north": {"uv": [5.5, 4.5, 6.5, 5.5], "rotation": 180, "texture": "#2"},
				"east": {"uv": [5.5, 4.5, 6.5, 5.5], "rotation": 180, "texture": "#2"},
				"south": {"uv": [5.5, 4.5, 6.5, 5.5], "rotation": 180, "texture": "#2"},
				"west": {"uv": [5.5, 4.5, 6.5, 5.5], "rotation": 180, "texture": "#2"},
				"up": {"uv": [5.5, 4.5, 6.5, 5.5], "rotation": 180, "texture": "#2"},
				"down": {"uv": [5.5, 4.5, 6.5, 5.5], "rotation": 180, "texture": "#2"}
			}
		},
		{
			"name": "Rear Sight 3",
			"from": [7.9, -0.075, 19.57],
			"to": [8.1, 0.025, 19.82],
			"rotation": {"angle": -45, "axis": "x", "origin": [8, 0.225, 19.695]},
			"faces": {
				"north": {"uv": [5.5, 4.5, 6.5, 5.5], "rotation": 270, "texture": "#2"},
				"east": {"uv": [5.5, 4.5, 6.5, 5.5], "rotation": 270, "texture": "#2"},
				"south": {"uv": [5.5, 4.5, 6.5, 5.5], "rotation": 270, "texture": "#2"},
				"west": {"uv": [5.5, 4.5, 6.5, 5.5], "rotation": 270, "texture": "#2"},
				"up": {"uv": [5.5, 4.5, 6.5, 5.5], "rotation": 270, "texture": "#2"},
				"down": {"uv": [5.5, 4.5, 6.5, 5.5], "rotation": 270, "texture": "#2"}
			}
		},
		{
			"name": "Rear Sight 7",
			"from": [7.9, 0.425, 19.57],
			"to": [8.1, 0.525, 19.82],
			"rotation": {"angle": -45, "axis": "x", "origin": [8, 0.225, 19.695]},
			"faces": {
				"north": {"uv": [5.5, 4.5, 6.5, 5.5], "rotation": 270, "texture": "#2"},
				"east": {"uv": [5.5, 4.5, 6.5, 5.5], "rotation": 270, "texture": "#2"},
				"south": {"uv": [5.5, 4.5, 6.5, 5.5], "rotation": 270, "texture": "#2"},
				"west": {"uv": [5.5, 4.5, 6.5, 5.5], "rotation": 270, "texture": "#2"},
				"up": {"uv": [5.5, 4.5, 6.5, 5.5], "rotation": 270, "texture": "#2"},
				"down": {"uv": [5.5, 4.5, 6.5, 5.5], "rotation": 270, "texture": "#2"}
			}
		},
		{
			"name": "Rear Sight 5",
			"from": [7.9, 0.1, 19.895],
			"to": [8.1, 0.35, 19.995],
			"rotation": {"angle": -45, "axis": "x", "origin": [8, 0.225, 19.695]},
			"faces": {
				"north": {"uv": [5.5, 4.5, 6.5, 5.5], "rotation": 180, "texture": "#2"},
				"east": {"uv": [5.5, 4.5, 6.5, 5.5], "rotation": 180, "texture": "#2"},
				"south": {"uv": [5.5, 4.5, 6.5, 5.5], "rotation": 180, "texture": "#2"},
				"west": {"uv": [5.5, 4.5, 6.5, 5.5], "rotation": 180, "texture": "#2"},
				"up": {"uv": [5.5, 4.5, 6.5, 5.5], "rotation": 180, "texture": "#2"},
				"down": {"uv": [5.5, 4.5, 6.5, 5.5], "rotation": 180, "texture": "#2"}
			}
		},
		{
			"name": "Rear Sight 7",
			"from": [7.9, 1.75, 2.47],
			"to": [8.1, 2, 2.57],
			"rotation": {"angle": 0, "axis": "y", "origin": [8, 1.875, 2.77]},
			"faces": {
				"north": {"uv": [5.5, 4.5, 6.5, 5.5], "texture": "#2"},
				"east": {"uv": [5.5, 4.5, 6.5, 5.5], "texture": "#2"},
				"south": {"uv": [5.5, 4.5, 6.5, 5.5], "texture": "#2"},
				"west": {"uv": [5.5, 4.5, 6.5, 5.5], "texture": "#2"},
				"up": {"uv": [5.5, 4.5, 6.5, 5.5], "texture": "#2"},
				"down": {"uv": [5.5, 4.5, 6.5, 5.5], "texture": "#2"}
			}
		},
		{
			"name": "Rear Sight 3",
			"from": [7.9, 1.75, 2.97],
			"to": [8.1, 2, 3.07],
			"rotation": {"angle": 0, "axis": "y", "origin": [8, 1.875, 2.77]},
			"faces": {
				"north": {"uv": [5.5, 4.5, 6.5, 5.5], "texture": "#2"},
				"east": {"uv": [5.5, 4.5, 6.5, 5.5], "texture": "#2"},
				"south": {"uv": [5.5, 4.5, 6.5, 5.5], "texture": "#2"},
				"west": {"uv": [5.5, 4.5, 6.5, 5.5], "texture": "#2"},
				"up": {"uv": [5.5, 4.5, 6.5, 5.5], "texture": "#2"},
				"down": {"uv": [5.5, 4.5, 6.5, 5.5], "texture": "#2"}
			}
		},
		{
			"name": "Rear Sight 10",
			"from": [7.9, 1.575, 2.645],
			"to": [8.1, 1.675, 2.895],
			"rotation": {"angle": 0, "axis": "y", "origin": [8, 1.875, 2.77]},
			"faces": {
				"north": {"uv": [5.5, 4.5, 6.5, 5.5], "rotation": 270, "texture": "#2"},
				"east": {"uv": [5.5, 4.5, 6.5, 5.5], "rotation": 270, "texture": "#2"},
				"south": {"uv": [5.5, 4.5, 6.5, 5.5], "rotation": 270, "texture": "#2"},
				"west": {"uv": [5.5, 4.5, 6.5, 5.5], "rotation": 270, "texture": "#2"},
				"up": {"uv": [5.5, 4.5, 6.5, 5.5], "rotation": 270, "texture": "#2"},
				"down": {"uv": [5.5, 4.5, 6.5, 5.5], "rotation": 270, "texture": "#2"}
			}
		},
		{
			"name": "Rear Sight 11",
			"from": [7.9, 1.75, 2.47],
			"to": [8.1, 2, 2.57],
			"rotation": {"angle": -45, "axis": "x", "origin": [8, 1.875, 2.77]},
			"faces": {
				"north": {"uv": [5.5, 4.5, 6.5, 5.5], "rotation": 180, "texture": "#2"},
				"east": {"uv": [5.5, 4.5, 6.5, 5.5], "rotation": 180, "texture": "#2"},
				"south": {"uv": [5.5, 4.5, 6.5, 5.5], "rotation": 180, "texture": "#2"},
				"west": {"uv": [5.5, 4.5, 6.5, 5.5], "rotation": 180, "texture": "#2"},
				"up": {"uv": [5.5, 4.5, 6.5, 5.5], "rotation": 180, "texture": "#2"},
				"down": {"uv": [5.5, 4.5, 6.5, 5.5], "rotation": 180, "texture": "#2"}
			}
		},
		{
			"name": "Rear Sight 4",
			"from": [7.9, 1.575, 2.645],
			"to": [8.1, 1.675, 2.895],
			"rotation": {"angle": -45, "axis": "x", "origin": [8, 1.875, 2.77]},
			"faces": {
				"north": {"uv": [5.5, 4.5, 6.5, 5.5], "rotation": 270, "texture": "#2"},
				"east": {"uv": [5.5, 4.5, 6.5, 5.5], "rotation": 270, "texture": "#2"},
				"south": {"uv": [5.5, 4.5, 6.5, 5.5], "rotation": 270, "texture": "#2"},
				"west": {"uv": [5.5, 4.5, 6.5, 5.5], "rotation": 270, "texture": "#2"},
				"up": {"uv": [5.5, 4.5, 6.5, 5.5], "rotation": 270, "texture": "#2"},
				"down": {"uv": [5.5, 4.5, 6.5, 5.5], "rotation": 270, "texture": "#2"}
			}
		},
		{
			"name": "Rear Sight 8",
			"from": [7.9, 2.075, 2.645],
			"to": [8.1, 2.175, 2.895],
			"rotation": {"angle": -45, "axis": "x", "origin": [8, 1.875, 2.77]},
			"faces": {
				"north": {"uv": [5.5, 4.5, 6.5, 5.5], "rotation": 270, "texture": "#2"},
				"east": {"uv": [5.5, 4.5, 6.5, 5.5], "rotation": 270, "texture": "#2"},
				"south": {"uv": [5.5, 4.5, 6.5, 5.5], "rotation": 270, "texture": "#2"},
				"west": {"uv": [5.5, 4.5, 6.5, 5.5], "rotation": 270, "texture": "#2"},
				"up": {"uv": [5.5, 4.5, 6.5, 5.5], "rotation": 270, "texture": "#2"},
				"down": {"uv": [5.5, 4.5, 6.5, 5.5], "rotation": 270, "texture": "#2"}
			}
		},
		{
			"name": "Rear Sight 6",
			"from": [7.9, 1.75, 2.97],
			"to": [8.1, 2, 3.07],
			"rotation": {"angle": -45, "axis": "x", "origin": [8, 1.875, 2.77]},
			"faces": {
				"north": {"uv": [5.5, 4.5, 6.5, 5.5], "rotation": 180, "texture": "#2"},
				"east": {"uv": [5.5, 4.5, 6.5, 5.5], "rotation": 180, "texture": "#2"},
				"south": {"uv": [5.5, 4.5, 6.5, 5.5], "rotation": 180, "texture": "#2"},
				"west": {"uv": [5.5, 4.5, 6.5, 5.5], "rotation": 180, "texture": "#2"},
				"up": {"uv": [5.5, 4.5, 6.5, 5.5], "rotation": 180, "texture": "#2"},
				"down": {"uv": [5.5, 4.5, 6.5, 5.5], "rotation": 180, "texture": "#2"}
			}
		},
		{
			"name": "Rear Sight 5",
			"from": [7.9, 2.075, 2.645],
			"to": [8.1, 2.175, 2.895],
			"rotation": {"angle": 0, "axis": "y", "origin": [8, 1.875, 2.77]},
			"faces": {
				"north": {"uv": [5.5, 4.5, 6.5, 5.5], "rotation": 270, "texture": "#2"},
				"east": {"uv": [5.5, 4.5, 6.5, 5.5], "rotation": 270, "texture": "#2"},
				"south": {"uv": [5.5, 4.5, 6.5, 5.5], "rotation": 270, "texture": "#2"},
				"west": {"uv": [5.5, 4.5, 6.5, 5.5], "rotation": 270, "texture": "#2"},
				"up": {"uv": [5.5, 4.5, 6.5, 5.5], "rotation": 270, "texture": "#2"},
				"down": {"uv": [5.5, 4.5, 6.5, 5.5], "rotation": 270, "texture": "#2"}
			}
		},
		{
			"name": "Grip 2",
			"from": [7.402, 0.948, 16.706],
			"to": [8.598, 1.398, 17.456],
			"rotation": {"angle": -22.5, "axis": "x", "origin": [8, 2.29954, 17.051]},
			"faces": {
				"north": {"uv": [12, 4, 13, 4.5], "rotation": 90, "texture": "#2"},
				"east": {"uv": [12, 4, 13, 4.5], "rotation": 90, "texture": "#2"},
				"south": {"uv": [12, 4, 13, 4.5], "rotation": 90, "texture": "#2"},
				"west": {"uv": [12, 4, 13, 4.5], "rotation": 90, "texture": "#2"},
				"up": {"uv": [12, 4, 13, 4.5], "rotation": 90, "texture": "#2"},
				"down": {"uv": [12, 4, 13, 4.5], "rotation": 90, "texture": "#2"}
			}
		},
		{
			"name": "Grip 3",
			"from": [7.403, 1.37833, 17.62525],
			"to": [8.597, 1.87833, 21.31525],
			"rotation": {"angle": 22.5, "axis": "x", "origin": [8, 1.29333, 17.50025]},
			"faces": {
				"north": {"uv": [1, 5, 1.5, 5.5], "rotation": 90, "texture": "#2"},
				"east": {"uv": [1, 5.5, 4, 4.5], "texture": "#2"},
				"south": {"uv": [4, 1, 5, 2], "texture": "#2"},
				"west": {"uv": [1, 5.5, 4, 4.5], "texture": "#2"},
				"up": {"uv": [1, 5, 1.5, 5.5], "rotation": 90, "texture": "#2"},
				"down": {"uv": [0, 1, 3, 3], "rotation": 90, "texture": "#2"}
			}
		},
		{
			"name": "Cube",
			"from": [7.401, 1.2852, 17.30847],
			"to": [8.599, 2.2302, 18.43847],
			"rotation": {"angle": -22.5, "axis": "x", "origin": [8, 1.3202, 16.94847]},
			"faces": {
				"north": {"uv": [12, 1, 13, 2.5], "texture": "#2"},
				"east": {"uv": [12, 1, 13, 2.5], "texture": "#2"},
				"south": {"uv": [12, 1, 13, 2.5], "texture": "#2"},
				"west": {"uv": [12, 1, 13, 2.5], "texture": "#2"},
				"up": {"uv": [13, 1, 14.5, 3], "rotation": 90, "texture": "#2"},
				"down": {"uv": [12, 1, 13, 2.5], "texture": "#2"}
			}
		},
		{
			"name": "Cube",
			"from": [7.4, 1.1902, 17.97347],
			"to": [8.6, 2.7302, 21.24847],
			"rotation": {"angle": 0, "axis": "x", "origin": [8, 1.3202, 16.94847]},
			"faces": {
				"north": {"uv": [0, 0, 0, 0], "rotation": 180, "texture": "#2"},
				"east": {"uv": [0, 2.5, 4, 4.5], "texture": "#2"},
				"south": {"uv": [5, 1, 4, 3.5], "texture": "#2"},
				"west": {"uv": [0, 4.5, 4, 2.5], "texture": "#2"},
				"up": {"uv": [4, 1, 0, 2.5], "rotation": 90, "texture": "#2"},
				"down": {"uv": [13, 0, 14, 3.5], "rotation": 180, "texture": "#2"}
			}
		},
		{
			"name": "Cube",
			"from": [7.4, 0.6552, 19.27347],
			"to": [8.6, 1.1902, 21.24847],
			"rotation": {"angle": 0, "axis": "x", "origin": [8, 1.3202, 16.94847]},
			"faces": {
				"north": {"uv": [0, 0, 0, 0], "rotation": 180, "texture": "#2"},
				"east": {"uv": [2.5, 5, 0, 5.5], "texture": "#2"},
				"south": {"uv": [1.5, 3, 0, 4], "texture": "#2"},
				"west": {"uv": [0, 4.5, 2.5, 5], "texture": "#2"},
				"up": {"uv": [11, 0, 12, 3.5], "texture": "#2"},
				"down": {"uv": [13, 0, 14, 3.5], "rotation": 180, "texture": "#2"}
			}
		},
		{
			"name": "Cube",
			"from": [7.4, 0.3752, 20.56847],
			"to": [8.6, 0.6552, 21.24847],
			"rotation": {"angle": 0, "axis": "x", "origin": [8, 1.3202, 16.94847]},
			"faces": {
				"north": {"uv": [1.5, 5, 1, 5.5], "texture": "#2"},
				"east": {"uv": [1.5, 5, 1, 5.5], "texture": "#2"},
				"south": {"uv": [1.5, 5, 1, 5.5], "texture": "#2"},
				"west": {"uv": [1.5, 5, 1, 5.5], "texture": "#2"},
				"up": {"uv": [1.5, 5, 1, 5.5], "texture": "#2"},
				"down": {"uv": [1.5, 5, 1, 5.5], "texture": "#2"}
			}
		},
		{
			"name": "Cube",
			"from": [7.402, 1.3352, 17.03847],
			"to": [8.598, 1.7502, 17.16347],
			"rotation": {"angle": -45, "axis": "x", "origin": [8, 1.3777, 17.64847]},
			"faces": {
				"north": {"uv": [12, 4, 13, 4.5], "rotation": 90, "texture": "#2"},
				"east": {"uv": [12, 4, 13, 4.5], "rotation": 90, "texture": "#2"},
				"south": {"uv": [12, 4, 13, 4.5], "rotation": 90, "texture": "#2"},
				"west": {"uv": [12, 4, 13, 4.5], "rotation": 90, "texture": "#2"},
				"up": {"uv": [12, 4, 13, 4.5], "rotation": 90, "texture": "#2"},
				"down": {"uv": [12, 4, 13, 4.5], "rotation": 90, "texture": "#2"}
			}
		},
		{
			"name": "Cube",
			"from": [7.401, 1.9002, 11.95347],
			"to": [8.599, 2.9002, 15.50287],
			"rotation": {"angle": 0, "axis": "x", "origin": [8, 0.6402, 16.00347]},
			"faces": {
				"north": {"uv": [12.5, 2.5, 16, 4.5], "texture": "#2"},
				"east": {"uv": [16, 3, 12.5, 4.5], "texture": "#2"},
				"south": {"uv": [12.5, 2.5, 16, 4.5], "texture": "#2"},
				"west": {"uv": [9, 3, 12.5, 4.5], "texture": "#2"},
				"up": {"uv": [12.5, 2.5, 16, 4.5], "texture": "#2"},
				"down": {"uv": [12.5, 2.5, 16, 4.5], "texture": "#2"}
			}
		},
		{
			"name": "Cube",
			"from": [7.5, 2.9002, 4.20347],
			"to": [8.5, 3.3002, 15.20347],
			"rotation": {"angle": 0, "axis": "x", "origin": [8, 1.9152, 21.97347]},
			"faces": {
				"north": {"uv": [0, 0, 0, 0], "rotation": 180, "texture": "#2"},
				"east": {"uv": [5.5, 0.5, 0, 1], "texture": "#2"},
				"south": {"uv": [7.5, 4.5, 6.5, 5.5], "texture": "#2"},
				"west": {"uv": [0, 1, 5.5, 0.5], "texture": "#2"},
				"up": {"uv": [6.5, 4.5, 7.5, 5.5], "texture": "#2"},
				"down": {"uv": [13, 0, 14, 3.5], "rotation": 180, "texture": "#2"}
			}
		},
		{
			"name": "Cube",
			"from": [7.5, 3.3002, 9.60347],
			"to": [8.5, 3.6002, 14.48347],
			"rotation": {"angle": 0, "axis": "x", "origin": [8, 1.9152, 21.97347]},
			"faces": {
				"north": {"uv": [0, 0, 5.5, 0.5], "texture": "#2"},
				"east": {"uv": [0, 0, 5.5, 0.5], "texture": "#2"},
				"south": {"uv": [0, 0, 5.5, 0.5], "texture": "#2"},
				"west": {"uv": [0, 0, 5.5, 0.5], "texture": "#2"},
				"up": {"uv": [0, 8.5, 4.5, 11.5], "rotation": 270, "texture": "#2"},
				"down": {"uv": [0, 0, 5.5, 0.5], "texture": "#2"}
			}
		},
		{
			"name": "Cube",
			"from": [7.5, 3.6002, 13.638],
			"to": [7.7, 4.0502, 14.233],
			"rotation": {"angle": 0, "axis": "x", "origin": [8, 1.9152, 21.97347]},
			"faces": {
				"north": {"uv": [6.5, 4.5, 7.5, 5.5], "rotation": 180, "texture": "#2"},
				"east": {"uv": [6.5, 4.5, 7.5, 5.5], "rotation": 180, "texture": "#2"},
				"south": {"uv": [6.5, 4.5, 7.5, 5.5], "rotation": 180, "texture": "#2"},
				"west": {"uv": [6.5, 4.5, 7.5, 5.5], "rotation": 180, "texture": "#2"},
				"up": {"uv": [6.5, 4.5, 7.5, 5.5], "rotation": 180, "texture": "#2"},
				"down": {"uv": [6.5, 4.5, 7.5, 5.5], "rotation": 180, "texture": "#2"}
			}
		},
		{
			"name": "Cube",
			"from": [8.3, 3.6002, 13.638],
			"to": [8.5, 4.0502, 14.233],
			"rotation": {"angle": 0, "axis": "x", "origin": [8, 1.9152, 21.97347]},
			"faces": {
				"north": {"uv": [6.5, 4.5, 7.5, 5.5], "rotation": 180, "texture": "#2"},
				"east": {"uv": [6.5, 4.5, 7.5, 5.5], "rotation": 180, "texture": "#2"},
				"south": {"uv": [6.5, 4.5, 7.5, 5.5], "rotation": 180, "texture": "#2"},
				"west": {"uv": [6.5, 4.5, 7.5, 5.5], "rotation": 180, "texture": "#2"},
				"up": {"uv": [6.5, 4.5, 7.5, 5.5], "rotation": 180, "texture": "#2"},
				"down": {"uv": [6.5, 4.5, 7.5, 5.5], "rotation": 180, "texture": "#2"}
			}
		},
		{
			"name": "Cube",
			"from": [8.5, 3.75, 13.805],
			"to": [8.6, 4.05, 14.105],
			"rotation": {"angle": -45, "axis": "x", "origin": [8.55, 3.9002, 13.883]},
			"faces": {
				"north": {"uv": [6.5, 4.5, 5.5, 5.5], "texture": "#2"},
				"east": {"uv": [6.5, 4.5, 5.5, 5.5], "texture": "#2"},
				"south": {"uv": [6.5, 4.5, 5.5, 5.5], "texture": "#2"},
				"west": {"uv": [6.5, 4.5, 5.5, 5.5], "texture": "#2"},
				"up": {"uv": [6.5, 4.5, 5.5, 5.5], "texture": "#2"},
				"down": {"uv": [6.5, 4.5, 5.5, 5.5], "texture": "#2"}
			}
		},
		{
			"name": "Cube",
			"from": [7.4, 3.75, 13.805],
			"to": [7.5, 4.05, 14.105],
			"rotation": {"angle": -45, "axis": "x", "origin": [8.55, 3.9002, 13.883]},
			"faces": {
				"north": {"uv": [6.5, 4.5, 5.5, 5.5], "texture": "#2"},
				"east": {"uv": [6.5, 4.5, 5.5, 5.5], "texture": "#2"},
				"south": {"uv": [6.5, 4.5, 5.5, 5.5], "texture": "#2"},
				"west": {"uv": [6.5, 4.5, 5.5, 5.5], "texture": "#2"},
				"up": {"uv": [6.5, 4.5, 5.5, 5.5], "texture": "#2"},
				"down": {"uv": [6.5, 4.5, 5.5, 5.5], "texture": "#2"}
			}
		},
		{
			"name": "Cube",
			"from": [7.8, 3.8002, 13.638],
			"to": [7.9, 4.0002, 14.233],
			"rotation": {"angle": 0, "axis": "z", "origin": [8, 3.9002, 13.9355]},
			"faces": {
				"north": {"uv": [5.5, 4.5, 6.5, 5.5], "rotation": 180, "texture": "#2"},
				"east": {"uv": [5.5, 4.5, 6.5, 5.5], "rotation": 180, "texture": "#2"},
				"south": {"uv": [5.5, 4.5, 6.5, 5.5], "rotation": 180, "texture": "#2"},
				"west": {"uv": [5.5, 4.5, 6.5, 5.5], "rotation": 180, "texture": "#2"},
				"up": {"uv": [5.5, 4.5, 6.5, 5.5], "rotation": 180, "texture": "#2"},
				"down": {"uv": [5.5, 4.5, 6.5, 5.5], "rotation": 180, "texture": "#2"}
			}
		},
		{
			"name": "Cube",
			"from": [8.1, 3.8002, 13.638],
			"to": [8.2, 4.0002, 14.233],
			"rotation": {"angle": 0, "axis": "z", "origin": [8, 3.9002, 13.9355]},
			"faces": {
				"north": {"uv": [5.5, 4.5, 6.5, 5.5], "rotation": 180, "texture": "#2"},
				"east": {"uv": [5.5, 4.5, 6.5, 5.5], "rotation": 180, "texture": "#2"},
				"south": {"uv": [5.5, 4.5, 6.5, 5.5], "rotation": 180, "texture": "#2"},
				"west": {"uv": [5.5, 4.5, 6.5, 5.5], "rotation": 180, "texture": "#2"},
				"up": {"uv": [5.5, 4.5, 6.5, 5.5], "rotation": 180, "texture": "#2"},
				"down": {"uv": [5.5, 4.5, 6.5, 5.5], "rotation": 180, "texture": "#2"}
			}
		},
		{
			"name": "Cube",
			"from": [7.7883, 3.8252, 13.638],
			"to": [7.8883, 3.9702, 14.233],
			"rotation": {"angle": 45, "axis": "z", "origin": [8, 3.9002, 13.9355]},
			"faces": {
				"north": {"uv": [5.5, 4.5, 6.5, 5.5], "rotation": 180, "texture": "#2"},
				"east": {"uv": [5.5, 4.5, 6.5, 5.5], "rotation": 180, "texture": "#2"},
				"south": {"uv": [5.5, 4.5, 6.5, 5.5], "rotation": 180, "texture": "#2"},
				"west": {"uv": [5.5, 4.5, 6.5, 5.5], "rotation": 180, "texture": "#2"},
				"up": {"uv": [5.5, 4.5, 6.5, 5.5], "rotation": 180, "texture": "#2"},
				"down": {"uv": [5.5, 4.5, 6.5, 5.5], "rotation": 180, "texture": "#2"}
			}
		},
		{
			"name": "Cube",
			"from": [8.113, 3.8302, 13.638],
			"to": [8.213, 3.9702, 14.233],
			"rotation": {"angle": 45, "axis": "z", "origin": [8, 3.9002, 13.9355]},
			"faces": {
				"north": {"uv": [5.5, 4.5, 6.5, 5.5], "rotation": 180, "texture": "#2"},
				"east": {"uv": [5.5, 4.5, 6.5, 5.5], "rotation": 180, "texture": "#2"},
				"south": {"uv": [5.5, 4.5, 6.5, 5.5], "rotation": 180, "texture": "#2"},
				"west": {"uv": [5.5, 4.5, 6.5, 5.5], "rotation": 180, "texture": "#2"},
				"up": {"uv": [5.5, 4.5, 6.5, 5.5], "rotation": 180, "texture": "#2"},
				"down": {"uv": [5.5, 4.5, 6.5, 5.5], "rotation": 180, "texture": "#2"}
			}
		},
		{
			"name": "Cube",
			"from": [7.93009, 4.01213, 13.638],
			"to": [8.07009, 4.11213, 14.233],
			"rotation": {"angle": 45, "axis": "z", "origin": [8.00134, 3.89978, 13.9355]},
			"faces": {
				"north": {"uv": [5.5, 4.5, 6.5, 5.5], "rotation": 180, "texture": "#2"},
				"east": {"uv": [5.5, 4.5, 6.5, 5.5], "rotation": 180, "texture": "#2"},
				"south": {"uv": [5.5, 4.5, 6.5, 5.5], "rotation": 180, "texture": "#2"},
				"west": {"uv": [5.5, 4.5, 6.5, 5.5], "rotation": 180, "texture": "#2"},
				"up": {"uv": [5.5, 4.5, 6.5, 5.5], "rotation": 180, "texture": "#2"},
				"down": {"uv": [5.5, 4.5, 6.5, 5.5], "rotation": 180, "texture": "#2"}
			}
		},
		{
			"name": "Cube",
			"from": [7.93009, 3.68743, 13.638],
			"to": [8.07009, 3.78743, 14.233],
			"rotation": {"angle": 45, "axis": "z", "origin": [8.00134, 3.89978, 13.9355]},
			"faces": {
				"north": {"uv": [5.5, 4.5, 6.5, 5.5], "rotation": 180, "texture": "#2"},
				"east": {"uv": [5.5, 4.5, 6.5, 5.5], "rotation": 180, "texture": "#2"},
				"south": {"uv": [5.5, 4.5, 6.5, 5.5], "rotation": 180, "texture": "#2"},
				"west": {"uv": [5.5, 4.5, 6.5, 5.5], "rotation": 180, "texture": "#2"},
				"up": {"uv": [5.5, 4.5, 6.5, 5.5], "rotation": 180, "texture": "#2"},
				"down": {"uv": [5.5, 4.5, 6.5, 5.5], "rotation": 180, "texture": "#2"}
			}
		},
		{
			"name": "Cube",
			"from": [7.9, 4.0002, 13.638],
			"to": [8.1, 4.1002, 14.233],
			"rotation": {"angle": 0, "axis": "x", "origin": [8, 3.8502, 13.9355]},
			"faces": {
				"north": {"uv": [5.5, 4.5, 6.5, 5.5], "rotation": 180, "texture": "#2"},
				"east": {"uv": [5.5, 4.5, 6.5, 5.5], "rotation": 180, "texture": "#2"},
				"south": {"uv": [5.5, 4.5, 6.5, 5.5], "rotation": 180, "texture": "#2"},
				"west": {"uv": [5.5, 4.5, 6.5, 5.5], "rotation": 180, "texture": "#2"},
				"up": {"uv": [5.5, 4.5, 6.5, 5.5], "rotation": 180, "texture": "#2"},
				"down": {"uv": [5.5, 4.5, 6.5, 5.5], "rotation": 180, "texture": "#2"}
			}
		},
		{
			"name": "Cube",
			"from": [7.9, 3.7002, 13.638],
			"to": [8.1, 3.8002, 14.233],
			"rotation": {"angle": 0, "axis": "x", "origin": [8, 3.8502, 13.9355]},
			"faces": {
				"north": {"uv": [5.5, 4.5, 6.5, 5.5], "rotation": 180, "texture": "#2"},
				"east": {"uv": [5.5, 4.5, 6.5, 5.5], "rotation": 180, "texture": "#2"},
				"south": {"uv": [5.5, 4.5, 6.5, 5.5], "rotation": 180, "texture": "#2"},
				"west": {"uv": [5.5, 4.5, 6.5, 5.5], "rotation": 180, "texture": "#2"},
				"up": {"uv": [5.5, 4.5, 6.5, 5.5], "rotation": 180, "texture": "#2"},
				"down": {"uv": [5.5, 4.5, 6.5, 5.5], "rotation": 180, "texture": "#2"}
			}
		},
		{
			"name": "Cube",
			"from": [7.85, 3.6002, 13.738],
			"to": [8.15, 3.7502, 14.133],
			"rotation": {"angle": 0, "axis": "x", "origin": [8, 3.8502, 13.9355]},
			"faces": {
				"north": {"uv": [6.5, 4.5, 7.5, 5.5], "rotation": 180, "texture": "#2"},
				"east": {"uv": [6.5, 4.5, 7.5, 5.5], "rotation": 180, "texture": "#2"},
				"south": {"uv": [6.5, 4.5, 7.5, 5.5], "rotation": 180, "texture": "#2"},
				"west": {"uv": [6.5, 4.5, 7.5, 5.5], "rotation": 180, "texture": "#2"},
				"up": {"uv": [6.5, 4.5, 7.5, 5.5], "rotation": 180, "texture": "#2"},
				"down": {"uv": [6.5, 4.5, 7.5, 5.5], "rotation": 180, "texture": "#2"}
			}
		},
		{
			"name": "Cube",
			"from": [8.15, 3.6002, 13.738],
			"to": [8.3, 3.9002, 14.133],
			"rotation": {"angle": 0, "axis": "x", "origin": [8, 3.8502, 13.9355]},
			"faces": {
				"north": {"uv": [6.5, 4.5, 7.5, 5.5], "rotation": 180, "texture": "#2"},
				"east": {"uv": [6.5, 4.5, 7.5, 5.5], "rotation": 180, "texture": "#2"},
				"south": {"uv": [6.5, 4.5, 7.5, 5.5], "rotation": 180, "texture": "#2"},
				"west": {"uv": [6.5, 4.5, 7.5, 5.5], "rotation": 180, "texture": "#2"},
				"up": {"uv": [6.5, 4.5, 7.5, 5.5], "rotation": 180, "texture": "#2"},
				"down": {"uv": [6.5, 4.5, 7.5, 5.5], "rotation": 180, "texture": "#2"}
			}
		},
		{
			"name": "Cube",
			"from": [7.7, 3.6002, 13.738],
			"to": [7.85, 3.9002, 14.133],
			"rotation": {"angle": 0, "axis": "x", "origin": [8, 3.8502, 13.9355]},
			"faces": {
				"north": {"uv": [6.5, 4.5, 7.5, 5.5], "rotation": 180, "texture": "#2"},
				"east": {"uv": [6.5, 4.5, 7.5, 5.5], "rotation": 180, "texture": "#2"},
				"south": {"uv": [6.5, 4.5, 7.5, 5.5], "rotation": 180, "texture": "#2"},
				"west": {"uv": [6.5, 4.5, 7.5, 5.5], "rotation": 180, "texture": "#2"},
				"up": {"uv": [6.5, 4.5, 7.5, 5.5], "rotation": 180, "texture": "#2"},
				"down": {"uv": [6.5, 4.5, 7.5, 5.5], "rotation": 180, "texture": "#2"}
			}
		},
		{
			"name": "Cube",
			"from": [8.3, 4.0502, 13.838],
			"to": [8.5, 4.2502, 14.033],
			"rotation": {"angle": 0, "axis": "x", "origin": [8, 1.9152, 21.97347]},
			"faces": {
				"north": {"uv": [6.5, 4.5, 7.5, 5.5], "rotation": 180, "texture": "#2"},
				"east": {"uv": [6.5, 4.5, 7.5, 5.5], "rotation": 180, "texture": "#2"},
				"south": {"uv": [6.5, 4.5, 7.5, 5.5], "rotation": 180, "texture": "#2"},
				"west": {"uv": [6.5, 4.5, 7.5, 5.5], "rotation": 180, "texture": "#2"},
				"up": {"uv": [6.5, 4.5, 7.5, 5.5], "rotation": 180, "texture": "#2"},
				"down": {"uv": [6.5, 4.5, 7.5, 5.5], "rotation": 180, "texture": "#2"}
			}
		},
		{
			"name": "Cube",
			"from": [8.3, 4.0902, 13.933],
			"to": [8.5, 4.2902, 14.218],
			"rotation": {"angle": 45, "axis": "x", "origin": [8.4, 4.1502, 13.9355]},
			"faces": {
				"north": {"uv": [6.5, 4.5, 7.5, 5.5], "rotation": 180, "texture": "#2"},
				"east": {"uv": [6.5, 4.5, 7.5, 5.5], "rotation": 180, "texture": "#2"},
				"south": {"uv": [6.5, 4.5, 7.5, 5.5], "rotation": 180, "texture": "#2"},
				"west": {"uv": [6.5, 4.5, 7.5, 5.5], "rotation": 180, "texture": "#2"},
				"up": {"uv": [6.5, 4.5, 7.5, 5.5], "rotation": 180, "texture": "#2"},
				"down": {"uv": [6.5, 4.5, 7.5, 5.5], "rotation": 180, "texture": "#2"}
			}
		},
		{
			"name": "Cube",
			"from": [7.5, 4.0902, 13.933],
			"to": [7.7, 4.2902, 14.218],
			"rotation": {"angle": 45, "axis": "x", "origin": [8.4, 4.1502, 13.9355]},
			"faces": {
				"north": {"uv": [6.5, 4.5, 7.5, 5.5], "rotation": 180, "texture": "#2"},
				"east": {"uv": [6.5, 4.5, 7.5, 5.5], "rotation": 180, "texture": "#2"},
				"south": {"uv": [6.5, 4.5, 7.5, 5.5], "rotation": 180, "texture": "#2"},
				"west": {"uv": [6.5, 4.5, 7.5, 5.5], "rotation": 180, "texture": "#2"},
				"up": {"uv": [6.5, 4.5, 7.5, 5.5], "rotation": 180, "texture": "#2"},
				"down": {"uv": [6.5, 4.5, 7.5, 5.5], "rotation": 180, "texture": "#2"}
			}
		},
		{
			"name": "Cube",
			"from": [7.5, 4.0902, 13.653],
			"to": [7.7, 4.2902, 13.938],
			"rotation": {"angle": -45, "axis": "x", "origin": [8.4, 4.1502, 13.9355]},
			"faces": {
				"north": {"uv": [6.5, 4.5, 7.5, 5.5], "rotation": 180, "texture": "#2"},
				"east": {"uv": [6.5, 4.5, 7.5, 5.5], "rotation": 180, "texture": "#2"},
				"south": {"uv": [6.5, 4.5, 7.5, 5.5], "rotation": 180, "texture": "#2"},
				"west": {"uv": [6.5, 4.5, 7.5, 5.5], "rotation": 180, "texture": "#2"},
				"up": {"uv": [6.5, 4.5, 7.5, 5.5], "rotation": 180, "texture": "#2"},
				"down": {"uv": [6.5, 4.5, 7.5, 5.5], "rotation": 180, "texture": "#2"}
			}
		},
		{
			"name": "Cube",
			"from": [8.3, 4.0902, 13.653],
			"to": [8.5, 4.2902, 13.938],
			"rotation": {"angle": -45, "axis": "x", "origin": [8.4, 4.1502, 13.9355]},
			"faces": {
				"north": {"uv": [6.5, 4.5, 7.5, 5.5], "rotation": 180, "texture": "#2"},
				"east": {"uv": [6.5, 4.5, 7.5, 5.5], "rotation": 180, "texture": "#2"},
				"south": {"uv": [6.5, 4.5, 7.5, 5.5], "rotation": 180, "texture": "#2"},
				"west": {"uv": [6.5, 4.5, 7.5, 5.5], "rotation": 180, "texture": "#2"},
				"up": {"uv": [6.5, 4.5, 7.5, 5.5], "rotation": 180, "texture": "#2"},
				"down": {"uv": [6.5, 4.5, 7.5, 5.5], "rotation": 180, "texture": "#2"}
			}
		},
		{
			"name": "Cube",
			"from": [7.5, 4.0502, 13.838],
			"to": [7.7, 4.2502, 14.033],
			"rotation": {"angle": 0, "axis": "x", "origin": [8, 1.9152, 21.97347]},
			"faces": {
				"north": {"uv": [6.5, 4.5, 7.5, 5.5], "rotation": 180, "texture": "#2"},
				"east": {"uv": [6.5, 4.5, 7.5, 5.5], "rotation": 180, "texture": "#2"},
				"south": {"uv": [6.5, 4.5, 7.5, 5.5], "rotation": 180, "texture": "#2"},
				"west": {"uv": [6.5, 4.5, 7.5, 5.5], "rotation": 180, "texture": "#2"},
				"up": {"uv": [6.5, 4.5, 7.5, 5.5], "rotation": 180, "texture": "#2"},
				"down": {"uv": [6.5, 4.5, 7.5, 5.5], "rotation": 180, "texture": "#2"}
			}
		},
		{
			"name": "Cube",
			"from": [7.5, 3.2852, 14.42847],
			"to": [8.5, 3.5602, 15.21347],
			"rotation": {"angle": 22.5, "axis": "x", "origin": [8, 3.4502, 14.55347]},
			"faces": {
				"north": {"uv": [6.5, 4.5, 7.5, 5.5], "texture": "#2"},
				"east": {"uv": [6.5, 4.5, 7.5, 5.5], "texture": "#2"},
				"south": {"uv": [6.5, 4.5, 7.5, 5.5], "texture": "#2"},
				"west": {"uv": [6.5, 4.5, 7.5, 5.5], "texture": "#2"},
				"up": {"uv": [6.5, 4.5, 7.5, 5.5], "texture": "#2"},
				"down": {"uv": [6.5, 4.5, 7.5, 5.5], "texture": "#2"}
			}
		},
		{
			"name": "Cube",
			"from": [7.4, 1.9802, 11.15347],
			"to": [8.6, 2.9002, 11.35347],
			"rotation": {"angle": 0, "axis": "x", "origin": [8, 1.9152, 22.72347]},
			"faces": {
				"north": {"uv": [11, 1.5, 10.5, 3.5], "texture": "#2"},
				"east": {"uv": [11, 2, 10.5, 3.5], "texture": "#2"},
				"south": {"uv": [11, 1.5, 10.5, 3.5], "texture": "#2"},
				"west": {"uv": [11, 2, 10.5, 3.5], "texture": "#2"},
				"up": {"uv": [13, 2, 12.5, 1.5], "rotation": 90, "texture": "#2"},
				"down": {"uv": [4.5, 2.5, 5, 4.5], "rotation": 90, "texture": "#2"}
			}
		},
		{
			"name": "Cube",
			"from": [7.5, -0.0198, 9.73347],
			"to": [8.5, 2.1352, 11.59847],
			"rotation": {"angle": 22.5, "axis": "x", "origin": [8, 1.5902, 11.25347]},
			"faces": {
				"north": {"uv": [12, 4.5, 11.5, 7.5], "texture": "#2"},
				"east": {"uv": [12, 4.5, 9, 7.5], "texture": "#2"},
				"south": {"uv": [11, 4.5, 10.5, 7.5], "texture": "#2"},
				"west": {"uv": [9, 4.5, 12, 7.5], "texture": "#2"},
				"down": {"uv": [9, 7, 9.5, 7.5], "rotation": 90, "texture": "#2"}
			}
		},
		{
			"name": "Cube",
			"from": [7.4, -0.1198, 9.63347],
			"to": [8.6, 0.2352, 11.69847],
			"rotation": {"angle": 22.5, "axis": "x", "origin": [8, 1.5902, 11.25347]},
			"faces": {
				"north": {"uv": [5.5, 4.5, 6.5, 5.5], "texture": "#2"},
				"east": {"uv": [5.5, 4.5, 6.5, 5.5], "texture": "#2"},
				"south": {"uv": [5.5, 4.5, 6.5, 5.5], "texture": "#2"},
				"west": {"uv": [5.5, 4.5, 6.5, 5.5], "texture": "#2"},
				"up": {"uv": [5.5, 4.5, 6.5, 5.5], "texture": "#2"},
				"down": {"uv": [5.5, 4.5, 6.5, 5.5], "texture": "#2"}
			}
		},
		{
			"name": "Cube",
			"from": [7.4, 1.9602, 11.35347],
			"to": [8.6, 2.9002, 11.55347],
			"rotation": {"angle": 0, "axis": "x", "origin": [8, 1.9152, 23.72347]},
			"faces": {
				"north": {"uv": [11, 1.5, 10.5, 3.5], "texture": "#2"},
				"east": {"uv": [11, 2, 10.5, 3.5], "texture": "#2"},
				"south": {"uv": [11, 1.5, 10.5, 3.5], "texture": "#2"},
				"west": {"uv": [11, 2, 10.5, 3.5], "texture": "#2"},
				"up": {"uv": [13, 2, 12.5, 1.5], "rotation": 90, "texture": "#2"},
				"down": {"uv": [4.5, 2.5, 5, 4.5], "rotation": 90, "texture": "#2"}
			}
		},
		{
			"name": "Cube",
			"from": [7.4, 1.9402, 11.55347],
			"to": [8.6, 2.9002, 11.75347],
			"rotation": {"angle": 0, "axis": "x", "origin": [8, 1.9152, 23.72347]},
			"faces": {
				"north": {"uv": [11, 2, 10.5, 4], "texture": "#2"},
				"east": {"uv": [11, 2.5, 10.5, 4], "texture": "#2"},
				"south": {"uv": [11, 2, 10.5, 4], "texture": "#2"},
				"west": {"uv": [11, 2.5, 10.5, 4], "texture": "#2"},
				"up": {"uv": [13, 2.5, 12.5, 2], "rotation": 90, "texture": "#2"},
				"down": {"uv": [5, 4, 4.5, 4.5], "texture": "#2"}
			}
		},
		{
			"name": "Cube",
			"from": [7.4, 2.1402, 2.60347],
			"to": [8.6, 3.0002, 9.59847],
			"rotation": {"angle": 0, "axis": "x", "origin": [8, 1.9152, 21.97347]},
			"faces": {
				"north": {"uv": [10.5, 1, 10, 3.5], "texture": "#2"},
				"east": {"uv": [10.5, 2, 16, 3.5], "texture": "#2"},
				"south": {"uv": [10.5, 1, 10, 3.5], "texture": "#2"},
				"west": {"uv": [10.5, 1.5, 1, 3], "texture": "#2"},
				"up": {"uv": [12.5, 1.5, 12.5, 1], "rotation": 90, "texture": "#2"},
				"down": {"uv": [0, 3, 4.5, 5], "rotation": 90, "texture": "#2"}
			}
		},
		{
			"name": "Cube",
			"from": [7.4, 2.1402, 2.40347],
			"to": [8.6, 3.5002, 2.60347],
			"rotation": {"angle": 0, "axis": "x", "origin": [8, 1.9152, 21.97347]},
			"faces": {
				"north": {"uv": [0.5, 8.5, 0, 8], "texture": "#2"},
				"east": {"uv": [0.5, 8.5, 0, 8], "texture": "#2"},
				"south": {"uv": [0.5, 8.5, 0, 8], "texture": "#2"},
				"west": {"uv": [0.5, 8.5, 0, 8], "texture": "#2"},
				"up": {"uv": [0.5, 8.5, 0, 8], "texture": "#2"},
				"down": {"uv": [0.5, 8.5, 0, 8], "texture": "#2"}
			}
		},
		{
			"name": "Cube",
			"from": [7.825, 2.2152, -0.59653],
			"to": [8.125, 2.5152, 2.40347],
			"rotation": {"angle": -45, "axis": "z", "origin": [7.975, 2.3652, 2.30347]},
			"faces": {
				"north": {"uv": [7.5, 5.5, 6.5, 4.5], "texture": "#2"},
				"east": {"uv": [7.5, 5.5, 6.5, 4.5], "texture": "#2"},
				"south": {"uv": [7.5, 5.5, 6.5, 4.5], "texture": "#2"},
				"west": {"uv": [7.5, 5.5, 6.5, 4.5], "texture": "#2"},
				"up": {"uv": [7.5, 5.5, 6.5, 4.5], "texture": "#2"},
				"down": {"uv": [7.5, 5.5, 6.5, 4.5], "texture": "#2"}
			}
		},
		{
			"name": "Cube",
			"from": [7.725, 2.3152, -0.19653],
			"to": [8.225, 2.6152, 0.30347],
			"rotation": {"angle": 0, "axis": "z", "origin": [7.975, 2.3652, 2.30347]},
			"faces": {
				"north": {"uv": [7.5, 5.5, 6.5, 4.5], "rotation": 90, "texture": "#2"},
				"east": {"uv": [7.5, 5.5, 6.5, 4.5], "rotation": 90, "texture": "#2"},
				"south": {"uv": [7.5, 5.5, 6.5, 4.5], "rotation": 90, "texture": "#2"},
				"west": {"uv": [6.5, 5.5, 5.5, 4.5], "rotation": 90, "texture": "#2"},
				"up": {"uv": [7.5, 5.5, 6.5, 4.5], "rotation": 90, "texture": "#2"},
				"down": {"uv": [7.5, 5.5, 6.5, 4.5], "rotation": 90, "texture": "#2"}
			}
		},
		{
			"name": "Cube",
			"from": [7.76, 2.15254, -0.19653],
			"to": [8.11, 2.5052, 0.30347],
			"rotation": {"angle": 45, "axis": "z", "origin": [7.975, 2.3652, 2.30347]},
			"faces": {
				"north": {"uv": [7.5, 5.5, 6.5, 4.5], "rotation": 180, "texture": "#2"},
				"east": {"uv": [7.5, 5.5, 6.5, 4.5], "rotation": 180, "texture": "#2"},
				"south": {"uv": [7.5, 5.5, 6.5, 4.5], "rotation": 180, "texture": "#2"},
				"west": {"uv": [6.5, 5.5, 5.5, 4.5], "rotation": 180, "texture": "#2"},
				"up": {"uv": [7.5, 5.5, 6.5, 4.5], "rotation": 180, "texture": "#2"},
				"down": {"uv": [7.5, 5.5, 6.5, 4.5], "rotation": 180, "texture": "#2"}
			}
		},
		{
			"name": "Cube",
			"from": [7.4, 2.1202, 9.75347],
			"to": [8.6, 2.9002, 9.95347],
			"rotation": {"angle": 0, "axis": "x", "origin": [8, 1.9152, 22.72347]},
			"faces": {
				"north": {"uv": [10.5, 1, 10, 3.5], "texture": "#2"},
				"east": {"uv": [10.5, 1.5, 10, 3.5], "texture": "#2"},
				"south": {"uv": [10.5, 1, 10, 3.5], "texture": "#2"},
				"west": {"uv": [10.5, 1.5, 10, 3.5], "texture": "#2"},
				"up": {"uv": [12.5, 1.5, 12.5, 1], "rotation": 90, "texture": "#2"},
				"down": {"uv": [4, 3, 4.5, 5], "rotation": 90, "texture": "#2"}
			}
		},
		{
			"name": "Cube",
			"from": [7.4, 2.1402, 9.59847],
			"to": [8.6, 2.9002, 9.75347],
			"rotation": {"angle": 0, "axis": "x", "origin": [8, 1.9152, 22.72347]},
			"faces": {
				"north": {"uv": [10.5, 1, 10, 3.5], "texture": "#2"},
				"east": {"uv": [10.5, 1.5, 10, 3.5], "texture": "#2"},
				"south": {"uv": [10.5, 1, 10, 3.5], "texture": "#2"},
				"west": {"uv": [10.5, 1.5, 10, 3.5], "texture": "#2"},
				"up": {"uv": [12.5, 1.5, 12.5, 1], "rotation": 90, "texture": "#2"},
				"down": {"uv": [4, 3, 4.5, 5], "rotation": 90, "texture": "#2"}
			}
		},
		{
			"name": "Cube",
			"from": [7.4, 2.1002, 9.95347],
			"to": [8.6, 2.9002, 10.15347],
			"rotation": {"angle": 0, "axis": "x", "origin": [8, 1.9152, 22.72347]},
			"faces": {
				"north": {"uv": [10.5, 1, 10, 3.5], "texture": "#2"},
				"east": {"uv": [10.5, 1.5, 10, 3.5], "texture": "#2"},
				"south": {"uv": [10.5, 1, 10, 3.5], "texture": "#2"},
				"west": {"uv": [10.5, 1.5, 10, 3.5], "texture": "#2"},
				"up": {"uv": [12.5, 1.5, 12.5, 1], "rotation": 90, "texture": "#2"},
				"down": {"uv": [4, 3, 4.5, 5], "rotation": 90, "texture": "#2"}
			}
		},
		{
			"name": "Cube",
			"from": [7.4, 2.0802, 10.15347],
			"to": [8.6, 2.9002, 10.35347],
			"rotation": {"angle": 0, "axis": "x", "origin": [8, 1.9152, 22.72347]},
			"faces": {
				"north": {"uv": [10.5, 1, 10, 3.5], "texture": "#2"},
				"east": {"uv": [10.5, 1.5, 10, 3.5], "texture": "#2"},
				"south": {"uv": [10.5, 1, 10, 3.5], "texture": "#2"},
				"west": {"uv": [10.5, 1.5, 10, 3.5], "texture": "#2"},
				"up": {"uv": [12.5, 1.5, 12.5, 1], "rotation": 90, "texture": "#2"},
				"down": {"uv": [4, 3, 4.5, 5], "rotation": 90, "texture": "#2"}
			}
		},
		{
			"name": "Cube",
			"from": [7.4, 2.0602, 10.35347],
			"to": [8.6, 2.9002, 10.55347],
			"rotation": {"angle": 0, "axis": "x", "origin": [8, 1.9152, 22.72347]},
			"faces": {
				"north": {"uv": [10.5, 1.5, 10, 3.5], "texture": "#2"},
				"east": {"uv": [10.5, 2, 10, 3.5], "texture": "#2"},
				"south": {"uv": [10.5, 1.5, 10, 3.5], "texture": "#2"},
				"west": {"uv": [10.5, 2, 10, 3.5], "texture": "#2"},
				"up": {"uv": [12.5, 2, 12, 1.5], "rotation": 90, "texture": "#2"},
				"down": {"uv": [4, 2.5, 4.5, 4.5], "rotation": 90, "texture": "#2"}
			}
		},
		{
			"name": "Cube",
			"from": [7.4, 2.0402, 10.55347],
			"to": [8.6, 2.9002, 10.75347],
			"rotation": {"angle": 0, "axis": "x", "origin": [8, 1.9152, 22.72347]},
			"faces": {
				"north": {"uv": [10.5, 1.5, 10, 3.5], "texture": "#2"},
				"east": {"uv": [10.5, 2, 10, 3.5], "texture": "#2"},
				"south": {"uv": [10.5, 1.5, 10, 3.5], "texture": "#2"},
				"west": {"uv": [10.5, 2, 10, 3.5], "texture": "#2"},
				"up": {"uv": [12.5, 2, 12, 1.5], "rotation": 90, "texture": "#2"},
				"down": {"uv": [4, 2.5, 4.5, 4.5], "rotation": 90, "texture": "#2"}
			}
		},
		{
			"name": "Cube",
			"from": [7.4, 2.0202, 10.75347],
			"to": [8.6, 2.9002, 10.95347],
			"rotation": {"angle": 0, "axis": "x", "origin": [8, 1.9152, 22.72347]},
			"faces": {
				"north": {"uv": [10.5, 1.5, 10, 3.5], "texture": "#2"},
				"east": {"uv": [10.5, 2, 10, 3.5], "texture": "#2"},
				"south": {"uv": [10.5, 1.5, 10, 3.5], "texture": "#2"},
				"west": {"uv": [10.5, 2, 10, 3.5], "texture": "#2"},
				"up": {"uv": [12.5, 2, 12, 1.5], "rotation": 90, "texture": "#2"},
				"down": {"uv": [4, 2.5, 4.5, 4.5], "rotation": 90, "texture": "#2"}
			}
		},
		{
			"name": "Cube",
			"from": [7.4, 2.0002, 10.95347],
			"to": [8.6, 2.9002, 11.15347],
			"rotation": {"angle": 0, "axis": "x", "origin": [8, 1.9152, 22.72347]},
			"faces": {
				"north": {"uv": [10.5, 1.5, 10, 3.5], "texture": "#2"},
				"east": {"uv": [10.5, 2, 10, 3.5], "texture": "#2"},
				"south": {"uv": [10.5, 1.5, 10, 3.5], "texture": "#2"},
				"west": {"uv": [10.5, 2, 10, 3.5], "texture": "#2"},
				"up": {"uv": [12.5, 2, 12, 1.5], "rotation": 90, "texture": "#2"},
				"down": {"uv": [4, 2.5, 4.5, 4.5], "rotation": 90, "texture": "#2"}
			}
		},
		{
			"name": "Cube",
			"from": [7.4, 3.0002, 2.60347],
			"to": [8.6, 3.5002, 6.90347],
			"rotation": {"angle": 0, "axis": "x", "origin": [8, 1.9152, 21.97347]},
			"faces": {
				"north": {"uv": [6.5, 4.5, 7.5, 5.5], "rotation": 180, "texture": "#2"},
				"east": {"uv": [6.5, 4.5, 7.5, 5.5], "rotation": 180, "texture": "#2"},
				"south": {"uv": [6.5, 4.5, 7.5, 5.5], "rotation": 180, "texture": "#2"},
				"west": {"uv": [6.5, 4.5, 7.5, 5.5], "rotation": 180, "texture": "#2"},
				"up": {"uv": [6.5, 4.5, 7.5, 5.5], "rotation": 180, "texture": "#2"},
				"down": {"uv": [6.5, 4.5, 7.5, 5.5], "rotation": 180, "texture": "#2"}
			}
		},
		{
			"name": "Cube",
			"from": [7.4, 3.3002, 6.90347],
			"to": [8.6, 3.5002, 9.60347],
			"rotation": {"angle": 0, "axis": "x", "origin": [8, 1.9152, 21.97347]},
			"faces": {
				"north": {"uv": [1.5, 5.5, 0.5, 6.5], "texture": "#2"},
				"east": {"uv": [1.5, 5.5, 0.5, 6.5], "texture": "#2"},
				"south": {"uv": [1.5, 5.5, 0.5, 6.5], "texture": "#2"},
				"west": {"uv": [1.5, 5.5, 0.5, 6.5], "texture": "#2"},
				"up": {"uv": [1.5, 5.5, 0.5, 6.5], "texture": "#2"},
				"down": {"uv": [1.5, 5.5, 0.5, 6.5], "texture": "#2"}
			}
		},
		{
			"name": "Cube",
			"from": [7.6, 3.5002, 2.60347],
			"to": [8.4, 3.7002, 9.60347],
			"rotation": {"angle": 0, "axis": "x", "origin": [8, 1.9152, 21.97347]},
			"faces": {
				"north": {"uv": [0.5, 5.5, 1.5, 6.5], "rotation": 90, "texture": "#2"},
				"east": {"uv": [0.5, 5.5, 1.5, 6.5], "rotation": 90, "texture": "#2"},
				"south": {"uv": [0.5, 5.5, 1.5, 6.5], "rotation": 90, "texture": "#2"},
				"west": {"uv": [0.5, 5.5, 1.5, 6.5], "rotation": 90, "texture": "#2"},
				"up": {"uv": [0.5, 5.5, 1.5, 6.5], "rotation": 90, "texture": "#2"},
				"down": {"uv": [0.5, 5.5, 1.5, 6.5], "rotation": 90, "texture": "#2"}
			}
		},
		{
			"name": "Cube",
			"from": [7.65, 3.7002, 7.65347],
			"to": [8.35, 3.8002, 9.05347],
			"rotation": {"angle": 0, "axis": "x", "origin": [8, 1.9152, 21.97347]},
			"faces": {
				"north": {"uv": [6.5, 4.5, 7.5, 5.5], "rotation": 90, "texture": "#2"},
				"east": {"uv": [6.5, 4.5, 7.5, 5.5], "rotation": 90, "texture": "#2"},
				"south": {"uv": [6.5, 4.5, 7.5, 5.5], "rotation": 90, "texture": "#2"},
				"west": {"uv": [6.5, 4.5, 7.5, 5.5], "rotation": 90, "texture": "#2"},
				"up": {"uv": [6.5, 4.5, 7.5, 5.5], "rotation": 90, "texture": "#2"},
				"down": {"uv": [6.5, 4.5, 7.5, 5.5], "rotation": 90, "texture": "#2"}
			}
		},
		{
			"name": "Cube",
			"from": [7.65, 3.7002, 6.15347],
			"to": [8.35, 3.8002, 7.55347],
			"rotation": {"angle": 0, "axis": "x", "origin": [8, 1.9152, 21.97347]},
			"faces": {
				"north": {"uv": [6.5, 4.5, 7.5, 5.5], "rotation": 90, "texture": "#2"},
				"east": {"uv": [6.5, 4.5, 7.5, 5.5], "rotation": 90, "texture": "#2"},
				"south": {"uv": [6.5, 4.5, 7.5, 5.5], "rotation": 90, "texture": "#2"},
				"west": {"uv": [6.5, 4.5, 7.5, 5.5], "rotation": 90, "texture": "#2"},
				"up": {"uv": [6.5, 4.5, 7.5, 5.5], "rotation": 90, "texture": "#2"},
				"down": {"uv": [6.5, 4.5, 7.5, 5.5], "rotation": 90, "texture": "#2"}
			}
		},
		{
			"name": "Cube",
			"from": [7.65, 3.7002, 3.15347],
			"to": [8.35, 3.8002, 4.55347],
			"rotation": {"angle": 0, "axis": "x", "origin": [8, 1.9152, 21.97347]},
			"faces": {
				"north": {"uv": [6.5, 4.5, 7.5, 5.5], "rotation": 90, "texture": "#2"},
				"east": {"uv": [6.5, 4.5, 7.5, 5.5], "rotation": 90, "texture": "#2"},
				"south": {"uv": [6.5, 4.5, 7.5, 5.5], "rotation": 90, "texture": "#2"},
				"west": {"uv": [6.5, 4.5, 7.5, 5.5], "rotation": 90, "texture": "#2"},
				"up": {"uv": [6.5, 4.5, 7.5, 5.5], "rotation": 90, "texture": "#2"},
				"down": {"uv": [6.5, 4.5, 7.5, 5.5], "rotation": 90, "texture": "#2"}
			}
		},
		{
			"name": "Cube",
			"from": [7.65, 3.7002, 4.65347],
			"to": [8.35, 3.8002, 6.05347],
			"rotation": {"angle": 0, "axis": "x", "origin": [8, 1.9152, 21.97347]},
			"faces": {
				"north": {"uv": [6.5, 4.5, 7.5, 5.5], "rotation": 90, "texture": "#2"},
				"east": {"uv": [6.5, 4.5, 7.5, 5.5], "rotation": 90, "texture": "#2"},
				"south": {"uv": [6.5, 4.5, 7.5, 5.5], "rotation": 90, "texture": "#2"},
				"west": {"uv": [6.5, 4.5, 7.5, 5.5], "rotation": 90, "texture": "#2"},
				"up": {"uv": [6.5, 4.5, 7.5, 5.5], "rotation": 90, "texture": "#2"},
				"down": {"uv": [6.5, 4.5, 7.5, 5.5], "rotation": 90, "texture": "#2"}
			}
		},
		{
			"name": "Cube",
			"from": [7.595, 3.9652, 2.60347],
			"to": [7.87, 4.1652, 9.60347],
			"rotation": {"angle": 45, "axis": "z", "origin": [8.3, 3.6002, 6.90347]},
			"faces": {
				"north": {"uv": [0.5, 5.5, 1.5, 6.5], "texture": "#2"},
				"east": {"uv": [0.5, 5.5, 1.5, 6.5], "texture": "#2"},
				"south": {"uv": [0.5, 5.5, 1.5, 6.5], "texture": "#2"},
				"west": {"uv": [0.5, 5.5, 1.5, 6.5], "texture": "#2"},
				"up": {"uv": [0.5, 5.5, 1.5, 6.5], "texture": "#2"},
				"down": {"uv": [0.5, 5.5, 1.5, 6.5], "texture": "#2"}
			}
		},
		{
			"name": "Cube",
			"from": [7.4, 1.9202, 11.75347],
			"to": [8.6, 2.9002, 11.95347],
			"rotation": {"angle": 0, "axis": "x", "origin": [8, 1.9152, 23.72347]},
			"faces": {
				"north": {"uv": [11, 2, 10.5, 4], "texture": "#2"},
				"east": {"uv": [11, 2.5, 10.5, 4], "texture": "#2"},
				"south": {"uv": [11, 2, 10.5, 4], "texture": "#2"},
				"west": {"uv": [11, 2.5, 10.5, 4], "texture": "#2"},
				"up": {"uv": [13, 2.5, 12.5, 2], "rotation": 90, "texture": "#2"},
				"down": {"uv": [5, 4, 4.5, 4.5], "texture": "#2"}
			}
		},
		{
			"name": "Cube",
			"from": [8.299, 3.541, 2.60347],
			"to": [8.584, 3.741, 9.60347],
			"rotation": {"angle": -45, "axis": "z", "origin": [8.3, 3.6002, 6.90347]},
			"faces": {
				"north": {"uv": [0.5, 5.5, 1.5, 6.5], "rotation": 90, "texture": "#2"},
				"east": {"uv": [0.5, 5.5, 1.5, 6.5], "rotation": 90, "texture": "#2"},
				"south": {"uv": [0.5, 5.5, 1.5, 6.5], "rotation": 90, "texture": "#2"},
				"west": {"uv": [0.5, 5.5, 1.5, 6.5], "rotation": 90, "texture": "#2"},
				"up": {"uv": [0.5, 5.5, 1.5, 6.5], "rotation": 90, "texture": "#2"},
				"down": {"uv": [0.5, 5.5, 1.5, 6.5], "rotation": 90, "texture": "#2"}
			}
		},
		{
			"name": "Cube",
			"from": [7.6, 3.5002, 2.40347],
			"to": [8.4, 3.7002, 2.60347],
			"rotation": {"angle": 0, "axis": "x", "origin": [8, 1.9152, 21.97347]},
			"faces": {
				"north": {"uv": [6.5, 5.5, 7.5, 4.5], "rotation": 180, "texture": "#2"},
				"east": {"uv": [6.5, 5.5, 7.5, 4.5], "rotation": 180, "texture": "#2"},
				"south": {"uv": [6.5, 5.5, 7.5, 4.5], "rotation": 180, "texture": "#2"},
				"west": {"uv": [6.5, 5.5, 7.5, 4.5], "rotation": 180, "texture": "#2"},
				"up": {"uv": [6.5, 5.5, 7.5, 4.5], "rotation": 180, "texture": "#2"},
				"down": {"uv": [6.5, 5.5, 7.5, 4.5], "rotation": 180, "texture": "#2"}
			}
		},
		{
			"name": "Cube",
			"from": [8.299, 3.541, 2.40347],
			"to": [8.584, 3.741, 2.60347],
			"rotation": {"angle": -45, "axis": "z", "origin": [8.3, 3.6002, 6.90347]},
			"faces": {
				"north": {"uv": [6.5, 5.5, 7.5, 4.5], "texture": "#2"},
				"east": {"uv": [6.5, 5.5, 7.5, 4.5], "texture": "#2"},
				"south": {"uv": [6.5, 5.5, 7.5, 4.5], "texture": "#2"},
				"west": {"uv": [6.5, 5.5, 7.5, 4.5], "texture": "#2"},
				"up": {"uv": [6.5, 5.5, 7.5, 4.5], "texture": "#2"},
				"down": {"uv": [6.5, 5.5, 7.5, 4.5], "texture": "#2"}
			}
		},
		{
			"name": "Cube",
			"from": [7.595, 3.9652, 2.40347],
			"to": [7.87, 4.1652, 2.60347],
			"rotation": {"angle": 45, "axis": "z", "origin": [8.3, 3.6002, 6.90347]},
			"faces": {
				"north": {"uv": [6.5, 5.5, 7.5, 4.5], "rotation": 180, "texture": "#2"},
				"east": {"uv": [6.5, 5.5, 7.5, 4.5], "rotation": 180, "texture": "#2"},
				"south": {"uv": [6.5, 5.5, 7.5, 4.5], "rotation": 180, "texture": "#2"},
				"west": {"uv": [6.5, 5.5, 7.5, 4.5], "rotation": 180, "texture": "#2"},
				"up": {"uv": [6.5, 5.5, 7.5, 4.5], "rotation": 180, "texture": "#2"},
				"down": {"uv": [6.5, 5.5, 7.5, 4.5], "rotation": 180, "texture": "#2"}
			}
		},
		{
			"name": "Grip 2",
			"from": [7.7, 0.85032, 13.76977],
			"to": [8.35, 1.15032, 14.81977],
			"rotation": {"angle": 0, "axis": "y", "origin": [7.5, 7.95032, 7.76977]},
			"faces": {
				"north": {"uv": [5.5, 4.5, 6.5, 5.5], "texture": "#2"},
				"east": {"uv": [5.5, 4.5, 6.5, 5.5], "texture": "#2"},
				"south": {"uv": [5.5, 4.5, 6.5, 5.5], "texture": "#2"},
				"west": {"uv": [5.5, 4.5, 6.5, 5.5], "texture": "#2"},
				"up": {"uv": [5.5, 4.5, 6.5, 5.5], "texture": "#2"},
				"down": {"uv": [5.5, 4.5, 6.5, 5.5], "texture": "#2"}
			}
		},
		{
			"name": "Trigger",
			"from": [7.9, 1.28, 14.325],
			"to": [8.15, 2.005, 14.65],
			"rotation": {"angle": -22.5, "axis": "x", "origin": [8, 1.5375, 14.4875]},
			"faces": {
				"north": {"uv": [5.5, 4.5, 6.5, 5.5], "texture": "#2"},
				"east": {"uv": [5.5, 4.5, 6.5, 5.5], "texture": "#2"},
				"south": {"uv": [5.5, 4.5, 6.5, 5.5], "texture": "#2"},
				"west": {"uv": [5.5, 4.5, 6.5, 5.5], "texture": "#2"},
				"up": {"uv": [5.5, 4.5, 6.5, 5.5], "texture": "#2"},
				"down": {"uv": [5.5, 4.5, 6.5, 5.5], "texture": "#2"}
			}
		},
		{
			"name": "Grip 3",
			"from": [7.7, 0.52532, 14.55977],
			"to": [8.35, 0.82532, 15.00977],
			"rotation": {"angle": -45, "axis": "x", "origin": [8.025, 1.00032, 14.29477]},
			"faces": {
				"north": {"uv": [5.5, 4.5, 6.5, 5.5], "texture": "#2"},
				"east": {"uv": [5.5, 4.5, 6.5, 5.5], "texture": "#2"},
				"south": {"uv": [5.5, 4.5, 6.5, 5.5], "texture": "#2"},
				"west": {"uv": [5.5, 4.5, 6.5, 5.5], "texture": "#2"},
				"up": {"uv": [5.5, 4.5, 6.5, 5.5], "texture": "#2"},
				"down": {"uv": [5.5, 4.5, 6.5, 5.5], "texture": "#2"}
			}
		},
		{
			"name": "Grip 4",
			"from": [7.7, 1.26532, 13.818],
			"to": [8.35, 1.71532, 14.118],
			"rotation": {"angle": -45, "axis": "x", "origin": [8.025, 1.00032, 14.29477]},
			"faces": {
				"north": {"uv": [5.5, 4.5, 6.5, 5.5], "rotation": 90, "texture": "#2"},
				"east": {"uv": [5.5, 4.5, 6.5, 5.5], "rotation": 90, "texture": "#2"},
				"south": {"uv": [5.5, 4.5, 6.5, 5.5], "rotation": 90, "texture": "#2"},
				"west": {"uv": [5.5, 4.5, 6.5, 5.5], "rotation": 90, "texture": "#2"},
				"up": {"uv": [5.5, 4.5, 6.5, 5.5], "rotation": 90, "texture": "#2"},
				"down": {"uv": [5.5, 4.5, 6.5, 5.5], "rotation": 90, "texture": "#2"}
			}
		},
		{
			"name": "Grip 3",
			"from": [7.7, 1.17032, 14.83477],
			"to": [8.35, 1.90032, 15.13477],
			"rotation": {"angle": 0, "axis": "x", "origin": [8.025, 1.00032, 14.29477]},
			"faces": {
				"north": {"uv": [5.5, 4.5, 6.5, 5.5], "rotation": 270, "texture": "#2"},
				"east": {"uv": [5.5, 4.5, 6.5, 5.5], "rotation": 270, "texture": "#2"},
				"south": {"uv": [5.5, 4.5, 6.5, 5.5], "rotation": 270, "texture": "#2"},
				"west": {"uv": [5.5, 4.5, 6.5, 5.5], "rotation": 270, "texture": "#2"},
				"up": {"uv": [5.5, 4.5, 6.5, 5.5], "rotation": 270, "texture": "#2"},
				"down": {"uv": [5.5, 4.5, 6.5, 5.5], "rotation": 270, "texture": "#2"}
			}
		},
		{
			"name": "Grip 4",
			"from": [7.7, 1.17032, 13.451],
			"to": [8.35, 1.90032, 13.751],
			"rotation": {"angle": 0, "axis": "x", "origin": [8.025, 1.00032, 14.29477]},
			"faces": {
				"north": {"uv": [5.5, 4.5, 6.5, 5.5], "rotation": 270, "texture": "#2"},
				"east": {"uv": [5.5, 4.5, 6.5, 5.5], "rotation": 270, "texture": "#2"},
				"south": {"uv": [5.5, 4.5, 6.5, 5.5], "rotation": 270, "texture": "#2"},
				"west": {"uv": [5.5, 4.5, 6.5, 5.5], "rotation": 270, "texture": "#2"},
				"up": {"uv": [5.5, 4.5, 6.5, 5.5], "rotation": 270, "texture": "#2"},
				"down": {"uv": [5.5, 4.5, 6.5, 5.5], "rotation": 270, "texture": "#2"}
			}
		},
		{
			"name": "Grip 5",
			"from": [7.9, 1.17032, 13.051],
			"to": [8.15, 1.90032, 13.451],
			"rotation": {"angle": 0, "axis": "x", "origin": [8.025, 1.00032, 14.29477]},
			"faces": {
				"north": {"uv": [5.5, 4.5, 6.5, 5.5], "rotation": 270, "texture": "#2"},
				"east": {"uv": [5.5, 4.5, 6.5, 5.5], "rotation": 270, "texture": "#2"},
				"south": {"uv": [5.5, 4.5, 6.5, 5.5], "rotation": 270, "texture": "#2"},
				"west": {"uv": [5.5, 4.5, 6.5, 5.5], "rotation": 270, "texture": "#2"},
				"up": {"uv": [5.5, 4.5, 6.5, 5.5], "rotation": 270, "texture": "#2"},
				"down": {"uv": [5.5, 4.5, 6.5, 5.5], "rotation": 270, "texture": "#2"}
			}
		},
		{
			"name": "Grip 6",
			"from": [7.9, 1.47032, 15.131],
			"to": [8.15, 1.90032, 15.536],
			"rotation": {"angle": 0, "axis": "x", "origin": [8.025, 1.00032, 14.29477]},
			"faces": {
				"north": {"uv": [5.5, 4.5, 6.5, 5.5], "rotation": 270, "texture": "#2"},
				"east": {"uv": [5.5, 4.5, 6.5, 5.5], "rotation": 270, "texture": "#2"},
				"south": {"uv": [5.5, 4.5, 6.5, 5.5], "rotation": 270, "texture": "#2"},
				"west": {"uv": [5.5, 4.5, 6.5, 5.5], "rotation": 270, "texture": "#2"},
				"up": {"uv": [5.5, 4.5, 6.5, 5.5], "rotation": 270, "texture": "#2"},
				"down": {"uv": [5.5, 4.5, 6.5, 5.5], "rotation": 270, "texture": "#2"}
			}
		}
	],
	"display": {
		"thirdperson_righthand": {
			"translation": [0, 6.5, -6.75],
			"scale": [1.1, 1.1, 1.1]
		},
		"firstperson_righthand": {
			"translation": [-3.5, 8.5, 0],
			"scale": [0.8, 0.8, 0.8]
		},
		"firstperson_lefthand": {
			"translation": [3.75, -3.25, 0]
		},
		"ground": {
			"translation": [0, 5, -1]
		},
		"gui": {
			"rotation": [30, 225, 0],
			"translation": [1.25, 4.5, 0],
			"scale": [1.2, 1.2, 1.2]
		},
		"fixed": {
			"rotation": [0, 90, 0],
			"translation": [-3.25, 11.25, -2],
			"scale": [2, 2, 2]
		}
	},
	"groups": [
		{
			"name": "Barrel",
			"origin": [8.5, 3.3, -5.1],
			"color": 0,
			"children": [
				{
					"name": "group",
					"origin": [8.5, 3.3, -5.1],
					"color": 0,
					"children": [0, 1, 2, 3, 4, 5, 6, 7]
				},
				8,
				9,
				10,
				11,
				12,
				13,
				14,
				15,
				16,
				17
			]
		},
		{
			"name": "Stock",
			"origin": [8, 1.3777, 17.64847],
			"color": 0,
			"children": [18, 19, 20, 21, 22, 23, 24, 25, 26, 27, 28, 29, 30, 31, 32, 33, 34, 35, 36, 37, 38, 39, 40, 41]
		},
		{
			"name": "Receiver",
			"origin": [8, 3.4502, 14.55347],
			"color": 0,
			"children": [42, 43, 44, 45, 46, 47, 48, 49, 50, 51, 52, 53, 54, 55, 56, 57, 58, 59, 60, 61, 62, 63, 64, 65, 66]
		},
		{
			"name": "Handguard",
			"origin": [8.3, 3.6002, 6.90347],
			"color": 0,
			"children": [67, 68, 69, 70, 71, 72, 73, 74, 75, 76, 77, 78, 79, 80, 81, 82, 83, 84, 85, 86, 87, 88, 89, 90, 91, 92, 93, 94, 95, 96, 97]
		},
		{
			"name": "Trigger",
			"origin": [8.025, 1.00032, 14.29477],
			"color": 0,
			"children": [98, 99, 100, 101, 102, 103, 104, 105]
		}
	]
}