{
	"credit": "Made with Blockbench",
	"texture_size": [32, 32],
	"textures": {
		"2": "moguns:items/m14_ebr",
		"particle": "moguns:items/m14_ebr"
	},
	"elements": [
		{
			"name": "Barrel 1",
			"from": [7.7, 3.35, -3.9],
			"to": [8.3, 3.6, 9.65],
			"rotation": {"angle": 0, "axis": "y", "origin": [0, -0.5, -6.1]},
			"faces": {
				"north": {"uv": [5, 13.5, 5.5, 14], "texture": "#2"},
				"east": {"uv": [0, 5.5, 9, 7], "texture": "#2"},
				"south": {"uv": [0, 2.5, 0.5, 3], "texture": "#2"},
				"west": {"uv": [5, 15, 16, 16], "texture": "#2"},
				"up": {"uv": [5, 14, 16, 14.5], "rotation": 90, "texture": "#2"},
				"down": {"uv": [9, 6, 0, 6.5], "rotation": 90, "texture": "#2"}
			}
		},
		{
			"name": "Barrel 2",
			"from": [7.42929, 3.37071, -3.899],
			"to": [7.62929, 3.65271, 9.651],
			"rotation": {"angle": -45, "axis": "z", "origin": [7.5, 3.3, -5.1]},
			"faces": {
				"north": {"uv": [5, 13.5, 5.5, 14], "texture": "#2"},
				"east": {"uv": [0, 5.5, 9, 7], "texture": "#2"},
				"south": {"uv": [0, 2.5, 0.5, 3], "texture": "#2"},
				"west": {"uv": [5, 14.5, 16, 15], "texture": "#2"},
				"up": {"uv": [0, 2.5, 5, 3], "texture": "#2"},
				"down": {"uv": [0, 2.5, 5, 3], "texture": "#2"}
			}
		},
		{
			"name": "Barrel 3",
			"from": [7.5, 2.8, -3.9],
			"to": [7.75, 3.4, 9.65],
			"rotation": {"angle": 0, "axis": "y", "origin": [0, -0.5, -6.1]},
			"faces": {
				"north": {"uv": [5, 13.5, 5.5, 14], "texture": "#2"},
				"east": {"uv": [0, 6, 9, 6.5], "rotation": 180, "texture": "#2"},
				"south": {"uv": [0, 2.5, 0.5, 3], "texture": "#2"},
				"west": {"uv": [5, 14.5, 16, 15.5], "texture": "#2"},
				"up": {"uv": [0, 2.5, 5, 3], "texture": "#2"},
				"down": {"uv": [0, 2.5, 5, 3], "texture": "#2"}
			}
		},
		{
			"name": "Barrel 4",
			"from": [7.57071, 2.48871, -3.899],
			"to": [7.77071, 2.77071, 9.651],
			"rotation": {"angle": 45, "axis": "z", "origin": [7.5, 2.7, -5.1]},
			"faces": {
				"north": {"uv": [5, 13.5, 5.5, 14], "texture": "#2"},
				"east": {"uv": [0, 5.5, 9, 7], "texture": "#2"},
				"south": {"uv": [0, 2.5, 0.5, 3], "texture": "#2"},
				"west": {"uv": [5, 15.5, 16, 16], "texture": "#2"},
				"up": {"uv": [0, 2.5, 5, 3], "texture": "#2"},
				"down": {"uv": [0, 2.5, 5, 3], "texture": "#2"}
			}
		},
		{
			"name": "Barrel 5",
			"from": [7.7, 2.6, -3.9],
			"to": [8.3, 2.85, 9.65],
			"rotation": {"angle": 0, "axis": "y", "origin": [0, -0.5, -6.1]},
			"faces": {
				"north": {"uv": [5, 13.5, 5.5, 14], "texture": "#2"},
				"east": {"uv": [0, 5.5, 9, 7], "texture": "#2"},
				"south": {"uv": [0, 2.5, 0.5, 3], "texture": "#2"},
				"west": {"uv": [5, 15, 16, 16], "texture": "#2"},
				"up": {"uv": [0, 6, 9, 6.5], "rotation": 90, "texture": "#2"},
				"down": {"uv": [5, 15, 16, 16], "rotation": 270, "texture": "#2"}
			}
		},
		{
			"name": "Barrel 6",
			"from": [8.22929, 2.48871, -3.899],
			"to": [8.42929, 2.77071, 9.651],
			"rotation": {"angle": -45, "axis": "z", "origin": [8.5, 2.7, -5.1]},
			"faces": {
				"north": {"uv": [5, 13.5, 5.5, 14], "rotation": 180, "texture": "#2"},
				"east": {"uv": [5, 15.5, 16, 16], "rotation": 180, "texture": "#2"},
				"south": {"uv": [0, 2.5, 0.5, 3], "rotation": 180, "texture": "#2"},
				"west": {"uv": [5, 15, 16, 16], "rotation": 180, "texture": "#2"},
				"up": {"uv": [0, 2.5, 5, 3], "rotation": 180, "texture": "#2"},
				"down": {"uv": [0, 2.5, 5, 3], "rotation": 180, "texture": "#2"}
			}
		},
		{
			"name": "Barrel 7",
			"from": [8.25, 2.8, -3.9],
			"to": [8.5, 3.4, 9.65],
			"rotation": {"angle": 0, "axis": "y", "origin": [0, -0.5, -6.1]},
			"faces": {
				"north": {"uv": [5, 13.5, 5.5, 14], "rotation": 180, "texture": "#2"},
				"east": {"uv": [5, 15.5, 16, 14.5], "rotation": 180, "texture": "#2"},
				"south": {"uv": [0, 2.5, 0.5, 3], "rotation": 180, "texture": "#2"},
				"west": {"uv": [5, 15, 16, 16], "texture": "#2"},
				"up": {"uv": [0, 2.5, 5, 3], "rotation": 180, "texture": "#2"},
				"down": {"uv": [0, 2.5, 5, 3], "rotation": 180, "texture": "#2"}
			}
		},
		{
			"name": "Barrel 8",
			"from": [8.37071, 3.37071, -3.899],
			"to": [8.57071, 3.65271, 9.651],
			"rotation": {"angle": 45, "axis": "z", "origin": [8.5, 3.3, -5.1]},
			"faces": {
				"north": {"uv": [5, 13.5, 5.5, 14], "rotation": 180, "texture": "#2"},
				"east": {"uv": [5, 14.5, 16, 15], "rotation": 180, "texture": "#2"},
				"south": {"uv": [0, 2.5, 0.5, 3], "rotation": 180, "texture": "#2"},
				"west": {"uv": [5, 15, 16, 16], "rotation": 180, "texture": "#2"},
				"up": {"uv": [0, 2.5, 5, 3], "rotation": 180, "texture": "#2"},
				"down": {"uv": [0, 2.5, 5, 3], "rotation": 180, "texture": "#2"}
			}
		},
		{
			"name": "Barrel 3",
			"from": [7.8, 4.07, -1.4],
			"to": [8.05, 4.17, -0.75],
			"rotation": {"angle": -45, "axis": "z", "origin": [7.9, 4.1, -1.075]},
			"faces": {
				"north": {"uv": [7.5, 4.5, 6.5, 5.5], "texture": "#2"},
				"east": {"uv": [7.5, 4.5, 6.5, 5.5], "rotation": 180, "texture": "#2"},
				"south": {"uv": [7.5, 4.5, 6.5, 5.5], "rotation": 180, "texture": "#2"},
				"west": {"uv": [7.5, 4.5, 6.5, 5.5], "rotation": 180, "texture": "#2"},
				"up": {"uv": [7.5, 4.5, 6.5, 5.5], "rotation": 180, "texture": "#2"},
				"down": {"uv": [7.5, 4.5, 6.5, 5.5], "rotation": 180, "texture": "#2"}
			}
		},
		{
			"name": "Barrel 4",
			"from": [7.95, 4.07, -1.4],
			"to": [8.2, 4.17, -0.75],
			"rotation": {"angle": 45, "axis": "z", "origin": [8.1, 4.1, -1.075]},
			"faces": {
				"north": {"uv": [6.5, 4.5, 7.5, 5.5], "texture": "#2"},
				"east": {"uv": [6.5, 4.5, 7.5, 5.5], "rotation": 180, "texture": "#2"},
				"south": {"uv": [6.5, 4.5, 7.5, 5.5], "rotation": 180, "texture": "#2"},
				"west": {"uv": [6.5, 4.5, 7.5, 5.5], "rotation": 180, "texture": "#2"},
				"up": {"uv": [6.5, 4.5, 7.5, 5.5], "rotation": 180, "texture": "#2"},
				"down": {"uv": [6.5, 4.5, 7.5, 5.5], "rotation": 180, "texture": "#2"}
			}
		},
		{
			"name": "Barrel 4",
			"from": [7.9, 3.605, -1.4],
			"to": [8.1, 4.1, -0.75],
			"rotation": {"angle": 0, "axis": "y", "origin": [0, -0.5, -6.1]},
			"faces": {
				"north": {"uv": [6.5, 4.5, 7.5, 5.5], "rotation": 90, "texture": "#2"},
				"east": {"uv": [6.5, 4.5, 7.5, 5.5], "rotation": 90, "texture": "#2"},
				"south": {"uv": [6.5, 4.5, 7.5, 5.5], "rotation": 90, "texture": "#2"},
				"west": {"uv": [6.5, 4.5, 7.5, 5.5], "rotation": 90, "texture": "#2"},
				"up": {"uv": [6.5, 4.5, 7.5, 5.5], "rotation": 90, "texture": "#2"},
				"down": {"uv": [6.5, 4.5, 7.5, 5.5], "rotation": 90, "texture": "#2"}
			}
		},
		{
			"name": "Barrel 2",
			"from": [7.66, 3.45, -0.3],
			"to": [8.34, 3.7, 0.45],
			"rotation": {"angle": 0, "axis": "y", "origin": [0, -0.5, -6.1]},
			"faces": {
				"north": {"uv": [8.5, 1.5, 10, 0], "texture": "#2"},
				"east": {"uv": [8.5, 1.5, 10, 0], "texture": "#2"},
				"south": {"uv": [8.5, 1.5, 10, 0], "texture": "#2"},
				"west": {"uv": [8.5, 1.5, 10, 0], "texture": "#2"},
				"up": {"uv": [8.5, 1.5, 10, 0], "texture": "#2"},
				"down": {"uv": [8.5, 1.5, 10, 0], "texture": "#2"}
			}
		},
		{
			"name": "Barrel 3",
			"from": [7.32929, 3.33071, -0.299],
			"to": [7.52929, 3.69271, 0.451],
			"rotation": {"angle": -45, "axis": "z", "origin": [7.5, 3.3, -5.1]},
			"faces": {
				"north": {"uv": [8.5, 1.5, 10, 0], "texture": "#2"},
				"east": {"uv": [8.5, 1.5, 10, 0], "texture": "#2"},
				"south": {"uv": [8.5, 1.5, 10, 0], "texture": "#2"},
				"west": {"uv": [8.5, 1.5, 10, 0], "texture": "#2"},
				"up": {"uv": [8.5, 1.5, 10, 0], "texture": "#2"},
				"down": {"uv": [8.5, 1.5, 10, 0], "texture": "#2"}
			}
		},
		{
			"name": "Barrel 4",
			"from": [7.4, 2.76, -0.3],
			"to": [7.65, 3.44, 0.45],
			"rotation": {"angle": 0, "axis": "y", "origin": [0, -0.5, -6.1]},
			"faces": {
				"north": {"uv": [8.5, 1.5, 10, 0], "rotation": 180, "texture": "#2"},
				"east": {"uv": [8.5, 1.5, 10, 0], "rotation": 180, "texture": "#2"},
				"south": {"uv": [8.5, 1.5, 10, 0], "rotation": 180, "texture": "#2"},
				"west": {"uv": [8.5, 1.5, 10, 0], "rotation": 180, "texture": "#2"},
				"up": {"uv": [8.5, 1.5, 10, 0], "rotation": 180, "texture": "#2"},
				"down": {"uv": [8.5, 1.5, 10, 0], "rotation": 180, "texture": "#2"}
			}
		},
		{
			"name": "Barrel 5",
			"from": [7.47071, 2.44871, -0.299],
			"to": [7.67071, 2.81071, 0.451],
			"rotation": {"angle": 45, "axis": "z", "origin": [7.5, 2.7, -5.1]},
			"faces": {
				"north": {"uv": [8.5, 1.5, 10, 0], "texture": "#2"},
				"east": {"uv": [8.5, 1.5, 10, 0], "texture": "#2"},
				"south": {"uv": [8.5, 1.5, 10, 0], "texture": "#2"},
				"west": {"uv": [8.5, 1.5, 10, 0], "texture": "#2"},
				"up": {"uv": [8.5, 1.5, 10, 0], "texture": "#2"},
				"down": {"uv": [8.5, 1.5, 10, 0], "texture": "#2"}
			}
		},
		{
			"name": "Barrel 6",
			"from": [7.66, 2.5, -0.3],
			"to": [8.34, 2.75, 0.45],
			"rotation": {"angle": 0, "axis": "y", "origin": [0, -0.5, -6.1]},
			"faces": {
				"north": {"uv": [8.5, 1.5, 10, 0], "texture": "#2"},
				"east": {"uv": [8.5, 1.5, 10, 0], "texture": "#2"},
				"south": {"uv": [8.5, 1.5, 10, 0], "texture": "#2"},
				"west": {"uv": [8.5, 1.5, 10, 0], "texture": "#2"},
				"up": {"uv": [8.5, 1.5, 10, 0], "texture": "#2"},
				"down": {"uv": [8.5, 1.5, 10, 0], "texture": "#2"}
			}
		},
		{
			"name": "Barrel 7",
			"from": [8.32929, 2.44871, -0.299],
			"to": [8.52929, 2.81071, 0.451],
			"rotation": {"angle": -45, "axis": "z", "origin": [8.5, 2.7, -5.1]},
			"faces": {
				"north": {"uv": [8.5, 1.5, 10, 0], "rotation": 180, "texture": "#2"},
				"east": {"uv": [8.5, 1.5, 10, 0], "rotation": 180, "texture": "#2"},
				"south": {"uv": [8.5, 1.5, 10, 0], "rotation": 180, "texture": "#2"},
				"west": {"uv": [8.5, 1.5, 10, 0], "rotation": 180, "texture": "#2"},
				"up": {"uv": [8.5, 1.5, 10, 0], "rotation": 180, "texture": "#2"},
				"down": {"uv": [8.5, 1.5, 10, 0], "rotation": 180, "texture": "#2"}
			}
		},
		{
			"name": "Barrel 8",
			"from": [8.35, 2.76, -0.3],
			"to": [8.6, 3.44, 0.45],
			"rotation": {"angle": 0, "axis": "y", "origin": [0, -0.5, -6.1]},
			"faces": {
				"north": {"uv": [8.5, 1.5, 10, 0], "rotation": 180, "texture": "#2"},
				"east": {"uv": [8.5, 1.5, 10, 0], "rotation": 180, "texture": "#2"},
				"south": {"uv": [8.5, 1.5, 10, 0], "rotation": 180, "texture": "#2"},
				"west": {"uv": [8.5, 1.5, 10, 0], "rotation": 180, "texture": "#2"},
				"up": {"uv": [8.5, 1.5, 10, 0], "rotation": 180, "texture": "#2"},
				"down": {"uv": [8.5, 1.5, 10, 0], "rotation": 180, "texture": "#2"}
			}
		},
		{
			"name": "Barrel 9",
			"from": [8.47071, 3.33071, -0.299],
			"to": [8.67071, 3.69271, 0.451],
			"rotation": {"angle": 45, "axis": "z", "origin": [8.5, 3.3, -5.1]},
			"faces": {
				"north": {"uv": [8.5, 1.5, 10, 0], "rotation": 180, "texture": "#2"},
				"east": {"uv": [8.5, 1.5, 10, 0], "rotation": 180, "texture": "#2"},
				"south": {"uv": [8.5, 1.5, 10, 0], "rotation": 180, "texture": "#2"},
				"west": {"uv": [8.5, 1.5, 10, 0], "rotation": 180, "texture": "#2"},
				"up": {"uv": [8.5, 1.5, 10, 0], "rotation": 180, "texture": "#2"},
				"down": {"uv": [8.5, 1.5, 10, 0], "rotation": 180, "texture": "#2"}
			}
		},
		{
			"name": "Barrel 3",
			"from": [7.66, 3.45, 1.1],
			"to": [8.34, 3.7, 1.85],
			"rotation": {"angle": 0, "axis": "y", "origin": [0, -0.5, -4.7]},
			"faces": {
				"north": {"uv": [8.5, 1.5, 10, 0], "texture": "#2"},
				"east": {"uv": [8.5, 1.5, 10, 0], "texture": "#2"},
				"south": {"uv": [8.5, 1.5, 10, 0], "texture": "#2"},
				"west": {"uv": [8.5, 1.5, 10, 0], "texture": "#2"},
				"up": {"uv": [8.5, 1.5, 10, 0], "texture": "#2"},
				"down": {"uv": [8.5, 1.5, 10, 0], "texture": "#2"}
			}
		},
		{
			"name": "Barrel 4",
			"from": [7.32929, 3.33071, 1.101],
			"to": [7.52929, 3.69271, 1.851],
			"rotation": {"angle": -45, "axis": "z", "origin": [7.5, 3.3, -3.7]},
			"faces": {
				"north": {"uv": [8.5, 1.5, 10, 0], "texture": "#2"},
				"east": {"uv": [8.5, 1.5, 10, 0], "texture": "#2"},
				"south": {"uv": [8.5, 1.5, 10, 0], "texture": "#2"},
				"west": {"uv": [8.5, 1.5, 10, 0], "texture": "#2"},
				"up": {"uv": [8.5, 1.5, 10, 0], "texture": "#2"},
				"down": {"uv": [8.5, 1.5, 10, 0], "texture": "#2"}
			}
		},
		{
			"name": "Barrel 5",
			"from": [7.4, 2.76, 1.1],
			"to": [7.65, 3.44, 1.85],
			"rotation": {"angle": 0, "axis": "y", "origin": [0, -0.5, -4.7]},
			"faces": {
				"north": {"uv": [8.5, 1.5, 10, 0], "rotation": 180, "texture": "#2"},
				"east": {"uv": [8.5, 1.5, 10, 0], "rotation": 180, "texture": "#2"},
				"south": {"uv": [8.5, 1.5, 10, 0], "rotation": 180, "texture": "#2"},
				"west": {"uv": [8.5, 1.5, 10, 0], "rotation": 180, "texture": "#2"},
				"up": {"uv": [8.5, 1.5, 10, 0], "rotation": 180, "texture": "#2"},
				"down": {"uv": [8.5, 1.5, 10, 0], "rotation": 180, "texture": "#2"}
			}
		},
		{
			"name": "Barrel 6",
			"from": [7.47071, 2.44871, 1.101],
			"to": [7.67071, 2.81071, 1.851],
			"rotation": {"angle": 45, "axis": "z", "origin": [7.5, 2.7, -3.7]},
			"faces": {
				"north": {"uv": [8.5, 1.5, 10, 0], "texture": "#2"},
				"east": {"uv": [8.5, 1.5, 10, 0], "texture": "#2"},
				"south": {"uv": [8.5, 1.5, 10, 0], "texture": "#2"},
				"west": {"uv": [8.5, 1.5, 10, 0], "texture": "#2"},
				"up": {"uv": [8.5, 1.5, 10, 0], "texture": "#2"},
				"down": {"uv": [8.5, 1.5, 10, 0], "texture": "#2"}
			}
		},
		{
			"name": "Barrel 7",
			"from": [7.66, 2.5, 1.1],
			"to": [8.34, 2.75, 1.85],
			"rotation": {"angle": 0, "axis": "y", "origin": [0, -0.5, -4.7]},
			"faces": {
				"north": {"uv": [8.5, 1.5, 10, 0], "texture": "#2"},
				"east": {"uv": [8.5, 1.5, 10, 0], "texture": "#2"},
				"south": {"uv": [8.5, 1.5, 10, 0], "texture": "#2"},
				"west": {"uv": [8.5, 1.5, 10, 0], "texture": "#2"},
				"up": {"uv": [8.5, 1.5, 10, 0], "texture": "#2"},
				"down": {"uv": [8.5, 1.5, 10, 0], "texture": "#2"}
			}
		},
		{
			"name": "Barrel 8",
			"from": [8.32929, 2.44871, 1.101],
			"to": [8.52929, 2.81071, 1.851],
			"rotation": {"angle": -45, "axis": "z", "origin": [8.5, 2.7, -3.7]},
			"faces": {
				"north": {"uv": [8.5, 1.5, 10, 0], "rotation": 180, "texture": "#2"},
				"east": {"uv": [8.5, 1.5, 10, 0], "rotation": 180, "texture": "#2"},
				"south": {"uv": [8.5, 1.5, 10, 0], "rotation": 180, "texture": "#2"},
				"west": {"uv": [8.5, 1.5, 10, 0], "rotation": 180, "texture": "#2"},
				"up": {"uv": [8.5, 1.5, 10, 0], "rotation": 180, "texture": "#2"},
				"down": {"uv": [8.5, 1.5, 10, 0], "rotation": 180, "texture": "#2"}
			}
		},
		{
			"name": "Barrel 9",
			"from": [8.35, 2.76, 1.1],
			"to": [8.6, 3.44, 1.85],
			"rotation": {"angle": 0, "axis": "y", "origin": [0, -0.5, -4.7]},
			"faces": {
				"north": {"uv": [8.5, 1.5, 10, 0], "rotation": 180, "texture": "#2"},
				"east": {"uv": [8.5, 1.5, 10, 0], "rotation": 180, "texture": "#2"},
				"south": {"uv": [8.5, 1.5, 10, 0], "rotation": 180, "texture": "#2"},
				"west": {"uv": [8.5, 1.5, 10, 0], "rotation": 180, "texture": "#2"},
				"up": {"uv": [8.5, 1.5, 10, 0], "rotation": 180, "texture": "#2"},
				"down": {"uv": [8.5, 1.5, 10, 0], "rotation": 180, "texture": "#2"}
			}
		},
		{
			"name": "Barrel 10",
			"from": [8.47071, 3.33071, 1.101],
			"to": [8.67071, 3.69271, 1.851],
			"rotation": {"angle": 45, "axis": "z", "origin": [8.5, 3.3, -3.7]},
			"faces": {
				"north": {"uv": [8.5, 1.5, 10, 0], "rotation": 180, "texture": "#2"},
				"east": {"uv": [8.5, 1.5, 10, 0], "rotation": 180, "texture": "#2"},
				"south": {"uv": [8.5, 1.5, 10, 0], "rotation": 180, "texture": "#2"},
				"west": {"uv": [8.5, 1.5, 10, 0], "rotation": 180, "texture": "#2"},
				"up": {"uv": [8.5, 1.5, 10, 0], "rotation": 180, "texture": "#2"},
				"down": {"uv": [8.5, 1.5, 10, 0], "rotation": 180, "texture": "#2"}
			}
		},
		{
			"name": "Grip 1",
			"from": [7.5, 0.93673, 15.59934],
			"to": [8.5, 2.10173, 16.88184],
			"rotation": {"angle": 22.5, "axis": "x", "origin": [8, 1.99159, 16.37684]},
			"faces": {
				"north": {"uv": [8.5, 1.5, 12.5, 2], "rotation": 270, "texture": "#2"},
				"east": {"uv": [8.5, 1.5, 12.5, 2], "rotation": 270, "texture": "#2"},
				"south": {"uv": [8.5, 1.5, 12.5, 2], "rotation": 270, "texture": "#2"},
				"west": {"uv": [8.5, 1.5, 12.5, 2], "rotation": 270, "texture": "#2"},
				"up": {"uv": [8.5, 1.5, 12.5, 2], "rotation": 270, "texture": "#2"},
				"down": {"uv": [8.5, 1.5, 12.5, 2], "rotation": 270, "texture": "#2"}
			}
		},
		{
			"name": "Grip 2",
			"from": [7.505, -0.46827, 15.08434],
			"to": [8.495, 1.79673, 16.21184],
			"rotation": {"angle": -22.5, "axis": "x", "origin": [8, 1.99159, 16.37684]},
			"faces": {
				"north": {"uv": [9.5, 1.5, 10.5, 4], "rotation": 180, "texture": "#2"},
				"east": {"uv": [8.5, 1.5, 9.5, 4], "texture": "#2"},
				"south": {"uv": [11.5, 1.5, 12.5, 4], "texture": "#2"},
				"west": {"uv": [10.5, 1.5, 11.5, 4], "texture": "#2"},
				"up": {"uv": [4.5, 1, 8, 3], "rotation": 180, "texture": "#2"},
				"down": {"uv": [9.5, 4, 10.5, 5], "texture": "#2"}
			}
		},
		{
			"name": "Cube",
			"from": [8.0925, 3.1477, 9.70347],
			"to": [8.0925, 3.5477, 12.48347],
			"rotation": {"angle": 0, "axis": "z", "origin": [8, 3.5477, 10.69347]},
			"faces": {
				"north": {"uv": [5.5, 0, 7.5, 1], "texture": "#2"},
				"east": {"uv": [5.5, 0, 7.5, 1], "texture": "#2"},
				"south": {"uv": [5.5, 0, 7.5, 1], "texture": "#2"},
				"west": {"uv": [5.5, 0, 7.5, 1], "texture": "#2"},
				"up": {"uv": [5.5, 0, 7.5, 1], "texture": "#2"},
				"down": {"uv": [5.5, 0, 7.5, 1], "texture": "#2"}
			}
		},
		{
			"name": "Cube",
			"from": [8.0925, 3.1477, 9.70847],
			"to": [8.4875, 3.5477, 9.70847],
			"rotation": {"angle": 0, "axis": "z", "origin": [8, 3.5477, 10.69347]},
			"faces": {
				"north": {"uv": [5.5, 0, 7.5, 1], "texture": "#2"},
				"east": {"uv": [5.5, 0, 7.5, 1], "texture": "#2"},
				"south": {"uv": [5.5, 0, 7.5, 1], "texture": "#2"},
				"west": {"uv": [5.5, 0, 7.5, 1], "texture": "#2"},
				"up": {"uv": [5.5, 0, 7.5, 1], "texture": "#2"},
				"down": {"uv": [5.5, 0, 7.5, 1], "texture": "#2"}
			}
		},
		{
			"name": "Cube",
			"from": [8.0925, 3.5477, 9.70347],
			"to": [8.4875, 3.5477, 12.48347],
			"rotation": {"angle": 0, "axis": "z", "origin": [8, 3.5477, 10.69347]},
			"faces": {
				"north": {"uv": [5.5, 0, 7.5, 1], "texture": "#2"},
				"east": {"uv": [5.5, 0, 7.5, 1], "texture": "#2"},
				"south": {"uv": [5.5, 0, 7.5, 1], "texture": "#2"},
				"west": {"uv": [5.5, 0, 7.5, 1], "texture": "#2"},
				"up": {"uv": [5.5, 0, 7.5, 1], "texture": "#2"},
				"down": {"uv": [5.5, 0, 7.5, 1], "texture": "#2"}
			}
		},
		{
			"name": "Cube",
			"from": [8.0925, 3.1477, 9.70347],
			"to": [8.4875, 3.1477, 12.48347],
			"rotation": {"angle": 0, "axis": "z", "origin": [8, 3.5477, 10.69347]},
			"faces": {
				"north": {"uv": [5.5, 0, 7.5, 1], "texture": "#2"},
				"east": {"uv": [5.5, 0, 7.5, 1], "texture": "#2"},
				"south": {"uv": [5.5, 0, 7.5, 1], "texture": "#2"},
				"west": {"uv": [5.5, 0, 7.5, 1], "texture": "#2"},
				"up": {"uv": [5.5, 0, 7.5, 1], "texture": "#2"},
				"down": {"uv": [5.5, 0, 7.5, 1], "texture": "#2"}
			}
		},
		{
			"name": "Cube",
			"from": [8.0925, 3.1477, 12.48347],
			"to": [8.4875, 3.5477, 12.48347],
			"rotation": {"angle": 0, "axis": "z", "origin": [8, 3.5477, 10.69347]},
			"faces": {
				"north": {"uv": [5.5, 0, 7.5, 1], "texture": "#2"},
				"east": {"uv": [5.5, 0, 7.5, 1], "texture": "#2"},
				"south": {"uv": [5.5, 0, 7.5, 1], "texture": "#2"},
				"west": {"uv": [5.5, 0, 7.5, 1], "texture": "#2"},
				"up": {"uv": [5.5, 0, 7.5, 1], "texture": "#2"},
				"down": {"uv": [5.5, 0, 7.5, 1], "texture": "#2"}
			}
		},
		{
			"name": "Cube",
			"from": [7.401, 1.9002, 9.60347],
			"to": [8.599, 2.9002, 15.20287],
			"rotation": {"angle": 0, "axis": "x", "origin": [8, 0.6402, 16.00347]},
			"faces": {
				"north": {"uv": [12.5, 2.5, 16, 4.5], "texture": "#2"},
				"east": {"uv": [0, 1, 6.5, 2.5], "texture": "#2"},
				"south": {"uv": [6.5, 0, 8.5, 2.5], "texture": "#2"},
				"west": {"uv": [6.5, 1, 0, 2.5], "texture": "#2"},
				"up": {"uv": [0, 0, 1, 1], "texture": "#2"},
				"down": {"uv": [0, 2.5, 8.5, 4], "rotation": 90, "texture": "#2"}
			}
		},
		{
			"name": "Cube",
			"from": [7.401, 1.9002, 15.20347],
			"to": [8.599, 2.6002, 17.00287],
			"rotation": {"angle": 0, "axis": "x", "origin": [8, 0.6402, 16.00347]},
			"faces": {
				"north": {"uv": [11.5, 4, 10.5, 5], "texture": "#2"},
				"east": {"uv": [11.5, 4, 10.5, 5], "texture": "#2"},
				"south": {"uv": [11.5, 4, 10.5, 5], "texture": "#2"},
				"west": {"uv": [11.5, 4, 10.5, 5], "texture": "#2"},
				"up": {"uv": [11.5, 4, 10.5, 5], "texture": "#2"},
				"down": {"uv": [11.5, 4, 10.5, 5], "texture": "#2"}
			}
		},
		{
			"name": "Cube",
			"from": [7.101, 2.4002, 15.70347],
			"to": [8.899, 2.5002, 16.80287],
			"rotation": {"angle": 0, "axis": "x", "origin": [8, 0.6402, 16.00347]},
			"faces": {
				"north": {"uv": [14.5, 0, 14, 1.5], "texture": "#2"},
				"east": {"uv": [14.5, 0, 14, 1.5], "texture": "#2"},
				"south": {"uv": [14.5, 0, 14, 1.5], "texture": "#2"},
				"west": {"uv": [14.5, 0, 14, 1.5], "texture": "#2"},
				"up": {"uv": [14.5, 0, 14, 1.5], "texture": "#2"},
				"down": {"uv": [14.5, 0, 14, 1.5], "texture": "#2"}
			}
		},
		{
			"name": "Cube",
			"from": [7.101, 2.0002, 15.70347],
			"to": [8.899, 2.1002, 16.80287],
			"rotation": {"angle": 0, "axis": "x", "origin": [8, 0.6402, 16.00347]},
			"faces": {
				"north": {"uv": [14.5, 0, 14, 1.5], "texture": "#2"},
				"east": {"uv": [14.5, 0, 14, 1.5], "texture": "#2"},
				"south": {"uv": [14.5, 0, 14, 1.5], "texture": "#2"},
				"west": {"uv": [14.5, 0, 14, 1.5], "texture": "#2"},
				"up": {"uv": [14.5, 0, 14, 1.5], "texture": "#2"},
				"down": {"uv": [14.5, 0, 14, 1.5], "texture": "#2"}
			}
		},
		{
			"name": "Cube",
			"from": [8.901, 2.1002, 15.70347],
			"to": [8.999, 2.4002, 16.80287],
			"rotation": {"angle": 0, "axis": "x", "origin": [8, 0.6402, 16.00347]},
			"faces": {
				"north": {"uv": [14.5, 0, 14, 1.5], "texture": "#2"},
				"east": {"uv": [14.5, 0, 14, 1.5], "texture": "#2"},
				"south": {"uv": [14.5, 0, 14, 1.5], "texture": "#2"},
				"west": {"uv": [14.5, 0, 14, 1.5], "texture": "#2"},
				"up": {"uv": [14.5, 0, 14, 1.5], "texture": "#2"},
				"down": {"uv": [14.5, 0, 14, 1.5], "texture": "#2"}
			}
		},
		{
			"name": "Cube",
			"from": [7.001, 2.1002, 15.70347],
			"to": [7.099, 2.4002, 16.80287],
			"rotation": {"angle": 0, "axis": "x", "origin": [8, 0.6402, 16.00347]},
			"faces": {
				"north": {"uv": [14.5, 0, 14, 1.5], "texture": "#2"},
				"east": {"uv": [14.5, 0, 14, 1.5], "texture": "#2"},
				"south": {"uv": [14.5, 0, 14, 1.5], "texture": "#2"},
				"west": {"uv": [14.5, 0, 14, 1.5], "texture": "#2"},
				"up": {"uv": [14.5, 0, 14, 1.5], "texture": "#2"},
				"down": {"uv": [14.5, 0, 14, 1.5], "texture": "#2"}
			}
		},
		{
			"name": "Cube",
			"from": [6.981, 2.3502, 15.70347],
			"to": [7.119, 2.4502, 16.80287],
			"rotation": {"angle": 45, "axis": "z", "origin": [7.05, 2.4502, 16.25317]},
			"faces": {
				"north": {"uv": [14.5, 0, 14, 1.5], "texture": "#2"},
				"east": {"uv": [14.5, 0, 14, 1.5], "texture": "#2"},
				"south": {"uv": [14.5, 0, 14, 1.5], "texture": "#2"},
				"west": {"uv": [14.5, 0, 14, 1.5], "texture": "#2"},
				"up": {"uv": [14.5, 0, 14, 1.5], "texture": "#2"},
				"down": {"uv": [14.5, 0, 14, 1.5], "texture": "#2"}
			}
		},
		{
			"name": "Cube",
			"from": [6.765, 2.0962, 15.70347],
			"to": [6.865, 2.2342, 16.80287],
			"rotation": {"angle": 45, "axis": "z", "origin": [7.05, 2.4502, 16.25317]},
			"faces": {
				"north": {"uv": [14.5, 0, 14, 1.5], "rotation": 270, "texture": "#2"},
				"east": {"uv": [14.5, 0, 14, 1.5], "rotation": 270, "texture": "#2"},
				"south": {"uv": [14.5, 0, 14, 1.5], "rotation": 270, "texture": "#2"},
				"west": {"uv": [14.5, 0, 14, 1.5], "rotation": 270, "texture": "#2"},
				"up": {"uv": [14.5, 0, 14, 1.5], "rotation": 270, "texture": "#2"},
				"down": {"uv": [14.5, 0, 14, 1.5], "rotation": 270, "texture": "#2"}
			}
		},
		{
			"name": "Cube",
			"from": [9.135, 2.0962, 15.70347],
			"to": [9.235, 2.2342, 16.80287],
			"rotation": {"angle": -45, "axis": "z", "origin": [8.95, 2.4502, 16.25317]},
			"faces": {
				"north": {"uv": [14.5, 1.5, 14, 0], "rotation": 270, "texture": "#2"},
				"east": {"uv": [14.5, 1.5, 14, 0], "rotation": 270, "texture": "#2"},
				"south": {"uv": [14.5, 1.5, 14, 0], "rotation": 270, "texture": "#2"},
				"west": {"uv": [14.5, 1.5, 14, 0], "rotation": 270, "texture": "#2"},
				"up": {"uv": [14.5, 1.5, 14, 0], "rotation": 270, "texture": "#2"},
				"down": {"uv": [14.5, 1.5, 14, 0], "rotation": 270, "texture": "#2"}
			}
		},
		{
			"name": "Cube",
			"from": [8.881, 2.3502, 15.70347],
			"to": [9.019, 2.4502, 16.80287],
			"rotation": {"angle": -45, "axis": "z", "origin": [8.95, 2.4502, 16.25317]},
			"faces": {
				"north": {"uv": [14.5, 0, 14, 1.5], "texture": "#2"},
				"east": {"uv": [14.5, 0, 14, 1.5], "texture": "#2"},
				"south": {"uv": [14.5, 0, 14, 1.5], "texture": "#2"},
				"west": {"uv": [14.5, 0, 14, 1.5], "texture": "#2"},
				"up": {"uv": [14.5, 0, 14, 1.5], "texture": "#2"},
				"down": {"uv": [14.5, 0, 14, 1.5], "texture": "#2"}
			}
		},
		{
			"name": "Cube",
			"from": [8.301, 2.6002, 15.70347],
			"to": [8.399, 2.8002, 16.80287],
			"rotation": {"angle": 0, "axis": "x", "origin": [7.4, 1.0402, 16.00347]},
			"faces": {
				"north": {"uv": [14.5, 0, 14, 1.5], "texture": "#2"},
				"east": {"uv": [14.5, 0, 14, 1.5], "texture": "#2"},
				"south": {"uv": [14.5, 0, 14, 1.5], "texture": "#2"},
				"west": {"uv": [14.5, 0, 14, 1.5], "texture": "#2"},
				"up": {"uv": [14.5, 0, 14, 1.5], "texture": "#2"},
				"down": {"uv": [14.5, 0, 14, 1.5], "texture": "#2"}
			}
		},
		{
			"name": "Cube",
			"from": [8.281, 2.7502, 15.70347],
			"to": [8.419, 2.8502, 16.80287],
			"rotation": {"angle": -45, "axis": "z", "origin": [8.35, 2.8502, 16.25317]},
			"faces": {
				"north": {"uv": [14.5, 0, 14, 1.5], "texture": "#2"},
				"east": {"uv": [14.5, 0, 14, 1.5], "texture": "#2"},
				"south": {"uv": [14.5, 0, 14, 1.5], "texture": "#2"},
				"west": {"uv": [14.5, 0, 14, 1.5], "texture": "#2"},
				"up": {"uv": [14.5, 0, 14, 1.5], "texture": "#2"},
				"down": {"uv": [14.5, 0, 14, 1.5], "texture": "#2"}
			}
		},
		{
			"name": "Cube",
			"from": [7.601, 2.6002, 15.70347],
			"to": [7.699, 2.8002, 16.80287],
			"rotation": {"angle": 0, "axis": "x", "origin": [8.6, 1.0402, 16.00347]},
			"faces": {
				"north": {"uv": [14.5, 0, 14, 1.5], "texture": "#2"},
				"east": {"uv": [14.5, 0, 14, 1.5], "texture": "#2"},
				"south": {"uv": [14.5, 0, 14, 1.5], "texture": "#2"},
				"west": {"uv": [14.5, 0, 14, 1.5], "texture": "#2"},
				"up": {"uv": [14.5, 0, 14, 1.5], "texture": "#2"},
				"down": {"uv": [14.5, 0, 14, 1.5], "texture": "#2"}
			}
		},
		{
			"name": "Cube",
			"from": [7.581, 2.7502, 15.70347],
			"to": [7.719, 2.8502, 16.80287],
			"rotation": {"angle": 45, "axis": "z", "origin": [7.65, 2.8502, 16.25317]},
			"faces": {
				"north": {"uv": [14.5, 0, 14, 1.5], "texture": "#2"},
				"east": {"uv": [14.5, 0, 14, 1.5], "texture": "#2"},
				"south": {"uv": [14.5, 0, 14, 1.5], "texture": "#2"},
				"west": {"uv": [14.5, 0, 14, 1.5], "texture": "#2"},
				"up": {"uv": [14.5, 0, 14, 1.5], "texture": "#2"},
				"down": {"uv": [14.5, 0, 14, 1.5], "texture": "#2"}
			}
		},
		{
			"name": "Cube",
			"from": [7.801, 2.9002, 15.80347],
			"to": [8.199, 3.0002, 16.70287],
			"rotation": {"angle": 0, "axis": "x", "origin": [8, 0.6402, 16.00347]},
			"faces": {
				"north": {"uv": [15.5, 1.5, 15, 3], "texture": "#2"},
				"east": {"uv": [15.5, 1.5, 15, 3], "texture": "#2"},
				"south": {"uv": [15.5, 1.5, 15, 3], "texture": "#2"},
				"west": {"uv": [15.5, 1.5, 15, 3], "texture": "#2"},
				"up": {"uv": [15.5, 3, 15, 5], "texture": "#2"},
				"down": {"uv": [15.5, 1.5, 15, 3], "texture": "#2"}
			}
		},
		{
			"name": "Cube",
			"from": [7.801, 3.7002, 2.70347],
			"to": [8.199, 3.9002, 9.35287],
			"rotation": {"angle": 0, "axis": "x", "origin": [8, 0.6402, 16.00347]},
			"faces": {
				"north": {"uv": [15.5, 1.5, 15, 3], "texture": "#2"},
				"east": {"uv": [15.5, 1.5, 15, 3], "texture": "#2"},
				"south": {"uv": [15.5, 1.5, 15, 3], "texture": "#2"},
				"west": {"uv": [15.5, 1.5, 15, 3], "texture": "#2"},
				"up": {"uv": [15.5, 3, 15, 13.5], "texture": "#2"},
				"down": {"uv": [15.5, 1.5, 15, 3], "texture": "#2"}
			}
		},
		{
			"name": "Cube",
			"from": [7.701, 2.8002, 15.70347],
			"to": [8.299, 2.9002, 16.80287],
			"rotation": {"angle": 0, "axis": "x", "origin": [8, 0.6402, 16.00347]},
			"faces": {
				"north": {"uv": [14.5, 0, 14, 1.5], "texture": "#2"},
				"east": {"uv": [14.5, 0, 14, 1.5], "texture": "#2"},
				"south": {"uv": [14.5, 0, 14, 1.5], "texture": "#2"},
				"west": {"uv": [14.5, 0, 14, 1.5], "texture": "#2"},
				"up": {"uv": [14.5, 0, 14, 1.5], "texture": "#2"},
				"down": {"uv": [14.5, 0, 14, 1.5], "texture": "#2"}
			}
		},
		{
			"name": "Cube",
			"from": [7.5, 2.9002, 9.60347],
			"to": [8.5, 3.6002, 13.51347],
			"rotation": {"angle": 0, "axis": "x", "origin": [8, 1.5152, 21.97347]},
			"faces": {
				"north": {"uv": [0, 0, 5.5, 0.5], "texture": "#2"},
				"east": {"uv": [8.5, 0, 14, 1.5], "texture": "#2"},
				"south": {"uv": [0, 0, 5.5, 0.5], "texture": "#2"},
				"west": {"uv": [10, 0, 8.5, 1.5], "texture": "#2"},
				"up": {"uv": [8.5, 0, 10, 1.5], "rotation": 270, "texture": "#2"},
				"down": {"uv": [0, 0, 5.5, 0.5], "texture": "#2"}
			}
		},
		{
			"name": "Cube",
			"from": [7.5, 3.6002, 12.923],
			"to": [7.7, 4.0502, 13.518],
			"rotation": {"angle": 0, "axis": "x", "origin": [8, 1.9152, 21.25847]},
			"faces": {
				"north": {"uv": [15.5, 1.5, 14, 3], "rotation": 180, "texture": "#2"},
				"east": {"uv": [15.5, 1.5, 14, 3], "rotation": 180, "texture": "#2"},
				"south": {"uv": [15.5, 1.5, 14, 3], "rotation": 180, "texture": "#2"},
				"west": {"uv": [15.5, 1.5, 14, 3], "rotation": 180, "texture": "#2"},
				"up": {"uv": [15.5, 1.5, 14, 3], "rotation": 180, "texture": "#2"},
				"down": {"uv": [15.5, 1.5, 14, 3], "rotation": 180, "texture": "#2"}
			}
		},
		{
			"name": "Cube",
			"from": [7.5, 3.7277, 12.5005],
			"to": [8.5, 3.8777, 12.9205],
			"rotation": {"angle": -22.5, "axis": "x", "origin": [7.6, 3.8252, 13.2205]},
			"faces": {
				"north": {"uv": [15.5, 1.5, 14, 3], "texture": "#2"},
				"east": {"uv": [15.5, 1.5, 14, 3], "texture": "#2"},
				"south": {"uv": [15.5, 1.5, 14, 3], "texture": "#2"},
				"west": {"uv": [15.5, 1.5, 14, 3], "texture": "#2"},
				"up": {"uv": [15.5, 1.5, 14, 3], "texture": "#2"},
				"down": {"uv": [15.5, 1.5, 14, 3], "texture": "#2"}
			}
		},
		{
			"name": "Cube",
			"from": [7.7, 2.9277, 12.3605],
			"to": [8.3, 3.1777, 12.9205],
			"rotation": {"angle": 45, "axis": "x", "origin": [7.6, 3.8252, 13.2205]},
			"faces": {
				"north": {"uv": [8.5, 4, 9.5, 5], "texture": "#2"},
				"east": {"uv": [8.5, 4, 9.5, 5], "texture": "#2"},
				"south": {"uv": [8.5, 4, 9.5, 5], "texture": "#2"},
				"west": {"uv": [8.5, 4, 9.5, 5], "texture": "#2"},
				"up": {"uv": [8.5, 4, 9.5, 5], "texture": "#2"},
				"down": {"uv": [8.5, 4, 9.5, 5], "texture": "#2"}
			}
		},
		{
			"name": "Cube",
			"from": [7.7, 3.79958, 9.03364],
			"to": [8.3, 3.97458, 12.15364],
			"rotation": {"angle": 0, "axis": "x", "origin": [8, 3.63958, 12.31364]},
			"faces": {
				"north": {"uv": [8.5, 4, 9.5, 5], "rotation": 90, "texture": "#2"},
				"east": {"uv": [8.5, 4, 9.5, 5], "rotation": 90, "texture": "#2"},
				"south": {"uv": [8.5, 4, 9.5, 5], "rotation": 90, "texture": "#2"},
				"west": {"uv": [8.5, 4, 9.5, 5], "rotation": 90, "texture": "#2"},
				"up": {"uv": [8.5, 4, 9.5, 5], "rotation": 90, "texture": "#2"},
				"down": {"uv": [8.5, 4, 9.5, 5], "rotation": 90, "texture": "#2"}
			}
		},
		{
			"name": "Cube",
			"from": [7.8, 3.97458, 9.43364],
			"to": [8.2, 4.07458, 12.15364],
			"rotation": {"angle": 0, "axis": "x", "origin": [8, 3.63958, 12.31364]},
			"faces": {
				"north": {"uv": [15, 0, 15.5, 1.5], "rotation": 90, "texture": "#2"},
				"east": {"uv": [15, 0, 15.5, 1.5], "rotation": 90, "texture": "#2"},
				"south": {"uv": [15, 0, 15.5, 1.5], "rotation": 90, "texture": "#2"},
				"west": {"uv": [15, 0, 15.5, 1.5], "rotation": 90, "texture": "#2"},
				"up": {"uv": [15.5, 0, 16, 5], "texture": "#2"},
				"down": {"uv": [15, 0, 15.5, 1.5], "rotation": 90, "texture": "#2"}
			}
		},
		{
			"name": "Cube",
			"from": [7.9, 3.97458, 9.09864],
			"to": [8.1, 4.07458, 9.29864],
			"rotation": {"angle": 0, "axis": "x", "origin": [8, 3.63958, 12.31364]},
			"faces": {
				"north": {"uv": [9.5, 4, 10.5, 5], "texture": "#2"},
				"east": {"uv": [9.5, 4, 10.5, 5], "texture": "#2"},
				"south": {"uv": [9.5, 4, 10.5, 5], "texture": "#2"},
				"west": {"uv": [9.5, 4, 10.5, 5], "texture": "#2"},
				"up": {"uv": [9.5, 4, 10.5, 5], "texture": "#2"},
				"down": {"uv": [9.5, 4, 10.5, 5], "texture": "#2"}
			}
		},
		{
			"name": "Cube",
			"from": [8.3, 3.6002, 12.923],
			"to": [8.5, 4.0502, 13.518],
			"rotation": {"angle": 0, "axis": "x", "origin": [8, 1.9152, 21.25847]},
			"faces": {
				"north": {"uv": [15.5, 1.5, 14, 3], "rotation": 180, "texture": "#2"},
				"east": {"uv": [15.5, 1.5, 14, 3], "rotation": 180, "texture": "#2"},
				"south": {"uv": [15.5, 1.5, 14, 3], "rotation": 180, "texture": "#2"},
				"west": {"uv": [15.5, 1.5, 14, 3], "rotation": 180, "texture": "#2"},
				"up": {"uv": [15.5, 1.5, 14, 3], "rotation": 180, "texture": "#2"},
				"down": {"uv": [15.5, 1.5, 14, 3], "rotation": 180, "texture": "#2"}
			}
		},
		{
			"name": "Cube",
			"from": [8.5, 3.7, 13.04],
			"to": [8.8, 4.1, 13.44],
			"rotation": {"angle": -45, "axis": "x", "origin": [8.55, 3.9002, 13.168]},
			"faces": {
				"north": {"uv": [9.5, 4, 10.5, 5], "texture": "#2"},
				"east": {"uv": [9.5, 4, 10.5, 5], "texture": "#2"},
				"south": {"uv": [9.5, 4, 10.5, 5], "texture": "#2"},
				"west": {"uv": [9.5, 4, 10.5, 5], "texture": "#2"},
				"up": {"uv": [9.5, 4, 10.5, 5], "texture": "#2"},
				"down": {"uv": [9.5, 4, 10.5, 5], "texture": "#2"}
			}
		},
		{
			"name": "Cube",
			"from": [7.2, 3.7, 13.04],
			"to": [7.5, 4.1, 13.44],
			"rotation": {"angle": -45, "axis": "x", "origin": [8.55, 3.9002, 13.168]},
			"faces": {
				"north": {"uv": [9.5, 4, 10.5, 5], "texture": "#2"},
				"east": {"uv": [9.5, 4, 10.5, 5], "texture": "#2"},
				"south": {"uv": [9.5, 4, 10.5, 5], "texture": "#2"},
				"west": {"uv": [9.5, 4, 10.5, 5], "texture": "#2"},
				"up": {"uv": [9.5, 4, 10.5, 5], "texture": "#2"},
				"down": {"uv": [9.5, 4, 10.5, 5], "texture": "#2"}
			}
		},
		{
			"name": "Cube",
			"from": [7.8, 4.1002, 12.923],
			"to": [7.9, 4.3002, 13.518],
			"rotation": {"angle": 0, "axis": "z", "origin": [8, 4.2002, 13.2205]},
			"faces": {
				"north": {"uv": [10.5, 4, 9.5, 5], "rotation": 180, "texture": "#2"},
				"east": {"uv": [10.5, 4, 9.5, 5], "rotation": 180, "texture": "#2"},
				"south": {"uv": [10.5, 4, 9.5, 5], "rotation": 180, "texture": "#2"},
				"west": {"uv": [10.5, 4, 9.5, 5], "rotation": 180, "texture": "#2"},
				"up": {"uv": [10.5, 4, 9.5, 5], "rotation": 180, "texture": "#2"},
				"down": {"uv": [10.5, 4, 9.5, 5], "rotation": 180, "texture": "#2"}
			}
		},
		{
			"name": "Cube",
			"from": [8.1, 4.1002, 12.923],
			"to": [8.2, 4.3002, 13.518],
			"rotation": {"angle": 0, "axis": "z", "origin": [8, 4.2002, 13.2205]},
			"faces": {
				"north": {"uv": [10.5, 4, 9.5, 5], "rotation": 180, "texture": "#2"},
				"east": {"uv": [10.5, 4, 9.5, 5], "rotation": 180, "texture": "#2"},
				"south": {"uv": [10.5, 4, 9.5, 5], "rotation": 180, "texture": "#2"},
				"west": {"uv": [10.5, 4, 9.5, 5], "rotation": 180, "texture": "#2"},
				"up": {"uv": [10.5, 4, 9.5, 5], "rotation": 180, "texture": "#2"},
				"down": {"uv": [10.5, 4, 9.5, 5], "rotation": 180, "texture": "#2"}
			}
		},
		{
			"name": "Cube",
			"from": [7.7883, 4.1252, 12.923],
			"to": [7.8883, 4.2702, 13.518],
			"rotation": {"angle": 45, "axis": "z", "origin": [8, 4.2002, 13.2205]},
			"faces": {
				"north": {"uv": [10.5, 4, 9.5, 5], "rotation": 180, "texture": "#2"},
				"east": {"uv": [10.5, 4, 9.5, 5], "rotation": 180, "texture": "#2"},
				"south": {"uv": [10.5, 4, 9.5, 5], "rotation": 180, "texture": "#2"},
				"west": {"uv": [10.5, 4, 9.5, 5], "rotation": 180, "texture": "#2"},
				"up": {"uv": [10.5, 4, 9.5, 5], "rotation": 180, "texture": "#2"},
				"down": {"uv": [10.5, 4, 9.5, 5], "rotation": 180, "texture": "#2"}
			}
		},
		{
			"name": "Cube",
			"from": [8.113, 4.1302, 12.923],
			"to": [8.213, 4.2702, 13.518],
			"rotation": {"angle": 45, "axis": "z", "origin": [8, 4.2002, 13.2205]},
			"faces": {
				"north": {"uv": [10.5, 4, 9.5, 5], "rotation": 180, "texture": "#2"},
				"east": {"uv": [10.5, 4, 9.5, 5], "rotation": 180, "texture": "#2"},
				"south": {"uv": [10.5, 4, 9.5, 5], "rotation": 180, "texture": "#2"},
				"west": {"uv": [10.5, 4, 9.5, 5], "rotation": 180, "texture": "#2"},
				"up": {"uv": [10.5, 4, 9.5, 5], "rotation": 180, "texture": "#2"},
				"down": {"uv": [10.5, 4, 9.5, 5], "rotation": 180, "texture": "#2"}
			}
		},
		{
			"name": "Cube",
			"from": [7.93009, 4.31213, 12.923],
			"to": [8.07009, 4.41213, 13.518],
			"rotation": {"angle": 45, "axis": "z", "origin": [8.00134, 4.19978, 13.2205]},
			"faces": {
				"north": {"uv": [10.5, 4, 9.5, 5], "rotation": 180, "texture": "#2"},
				"east": {"uv": [10.5, 4, 9.5, 5], "rotation": 180, "texture": "#2"},
				"south": {"uv": [10.5, 4, 9.5, 5], "rotation": 180, "texture": "#2"},
				"west": {"uv": [10.5, 4, 9.5, 5], "rotation": 180, "texture": "#2"},
				"up": {"uv": [10.5, 4, 9.5, 5], "rotation": 180, "texture": "#2"},
				"down": {"uv": [10.5, 4, 9.5, 5], "rotation": 180, "texture": "#2"}
			}
		},
		{
			"name": "Cube",
			"from": [7.93009, 3.98743, 12.923],
			"to": [8.07009, 4.08743, 13.518],
			"rotation": {"angle": 45, "axis": "z", "origin": [8.00134, 4.19978, 13.2205]},
			"faces": {
				"north": {"uv": [10.5, 4, 9.5, 5], "rotation": 180, "texture": "#2"},
				"east": {"uv": [10.5, 4, 9.5, 5], "rotation": 180, "texture": "#2"},
				"south": {"uv": [10.5, 4, 9.5, 5], "rotation": 180, "texture": "#2"},
				"west": {"uv": [10.5, 4, 9.5, 5], "rotation": 180, "texture": "#2"},
				"up": {"uv": [10.5, 4, 9.5, 5], "rotation": 180, "texture": "#2"},
				"down": {"uv": [10.5, 4, 9.5, 5], "rotation": 180, "texture": "#2"}
			}
		},
		{
			"name": "Cube",
			"from": [7.9, 4.3002, 12.923],
			"to": [8.1, 4.4002, 13.518],
			"rotation": {"angle": 0, "axis": "x", "origin": [8, 4.1502, 13.2205]},
			"faces": {
				"north": {"uv": [10.5, 4, 9.5, 5], "rotation": 180, "texture": "#2"},
				"east": {"uv": [10.5, 4, 9.5, 5], "rotation": 180, "texture": "#2"},
				"south": {"uv": [10.5, 4, 9.5, 5], "rotation": 180, "texture": "#2"},
				"west": {"uv": [10.5, 4, 9.5, 5], "rotation": 180, "texture": "#2"},
				"up": {"uv": [10.5, 4, 9.5, 5], "rotation": 180, "texture": "#2"},
				"down": {"uv": [10.5, 4, 9.5, 5], "rotation": 180, "texture": "#2"}
			}
		},
		{
			"name": "Cube",
			"from": [7.9, 4.0002, 12.923],
			"to": [8.1, 4.1002, 13.518],
			"rotation": {"angle": 0, "axis": "x", "origin": [8, 4.1502, 13.2205]},
			"faces": {
				"north": {"uv": [10.5, 4, 9.5, 5], "rotation": 180, "texture": "#2"},
				"east": {"uv": [10.5, 4, 9.5, 5], "rotation": 180, "texture": "#2"},
				"south": {"uv": [10.5, 4, 9.5, 5], "rotation": 180, "texture": "#2"},
				"west": {"uv": [10.5, 4, 9.5, 5], "rotation": 180, "texture": "#2"},
				"up": {"uv": [10.5, 4, 9.5, 5], "rotation": 180, "texture": "#2"},
				"down": {"uv": [10.5, 4, 9.5, 5], "rotation": 180, "texture": "#2"}
			}
		},
		{
			"name": "Cube",
			"from": [7.85, 3.6002, 13.023],
			"to": [8.15, 4.0502, 13.418],
			"rotation": {"angle": 0, "axis": "x", "origin": [8, 4.1502, 13.2205]},
			"faces": {
				"north": {"uv": [15.5, 1.5, 14, 3], "rotation": 180, "texture": "#2"},
				"east": {"uv": [15.5, 1.5, 14, 3], "rotation": 180, "texture": "#2"},
				"south": {"uv": [15.5, 1.5, 14, 3], "rotation": 180, "texture": "#2"},
				"west": {"uv": [15.5, 1.5, 14, 3], "rotation": 180, "texture": "#2"},
				"up": {"uv": [15.5, 1.5, 14, 3], "rotation": 180, "texture": "#2"},
				"down": {"uv": [15.5, 1.5, 14, 3], "rotation": 180, "texture": "#2"}
			}
		},
		{
			"name": "Cube",
			"from": [8.15, 3.6002, 13.023],
			"to": [8.3, 4.2002, 13.418],
			"rotation": {"angle": 0, "axis": "x", "origin": [8, 4.1502, 13.2205]},
			"faces": {
				"north": {"uv": [15.5, 1.5, 14, 3], "rotation": 180, "texture": "#2"},
				"east": {"uv": [15.5, 1.5, 14, 3], "rotation": 180, "texture": "#2"},
				"south": {"uv": [15.5, 1.5, 14, 3], "rotation": 180, "texture": "#2"},
				"west": {"uv": [15.5, 1.5, 14, 3], "rotation": 180, "texture": "#2"},
				"up": {"uv": [15.5, 1.5, 14, 3], "rotation": 180, "texture": "#2"},
				"down": {"uv": [15.5, 1.5, 14, 3], "rotation": 180, "texture": "#2"}
			}
		},
		{
			"name": "Cube",
			"from": [7.7, 3.6002, 13.023],
			"to": [7.85, 4.2002, 13.418],
			"rotation": {"angle": 0, "axis": "x", "origin": [8, 4.1502, 13.2205]},
			"faces": {
				"north": {"uv": [15.5, 1.5, 14, 3], "rotation": 180, "texture": "#2"},
				"east": {"uv": [15.5, 1.5, 14, 3], "rotation": 180, "texture": "#2"},
				"south": {"uv": [15.5, 1.5, 14, 3], "rotation": 180, "texture": "#2"},
				"west": {"uv": [15.5, 1.5, 14, 3], "rotation": 180, "texture": "#2"},
				"up": {"uv": [15.5, 1.5, 14, 3], "rotation": 180, "texture": "#2"},
				"down": {"uv": [15.5, 1.5, 14, 3], "rotation": 180, "texture": "#2"}
			}
		},
		{
			"name": "Cube",
			"from": [8.3, 4.0502, 13.123],
			"to": [8.5, 4.2502, 13.318],
			"rotation": {"angle": 0, "axis": "x", "origin": [8, 1.9152, 21.25847]},
			"faces": {
				"north": {"uv": [15.5, 1.5, 14, 3], "rotation": 180, "texture": "#2"},
				"east": {"uv": [15.5, 1.5, 14, 3], "rotation": 180, "texture": "#2"},
				"south": {"uv": [15.5, 1.5, 14, 3], "rotation": 180, "texture": "#2"},
				"west": {"uv": [15.5, 1.5, 14, 3], "rotation": 180, "texture": "#2"},
				"up": {"uv": [15.5, 1.5, 14, 3], "rotation": 180, "texture": "#2"},
				"down": {"uv": [15.5, 1.5, 14, 3], "rotation": 180, "texture": "#2"}
			}
		},
		{
			"name": "Cube",
			"from": [8.3, 4.0902, 13.218],
			"to": [8.5, 4.2902, 13.503],
			"rotation": {"angle": 45, "axis": "x", "origin": [8.4, 4.1502, 13.2205]},
			"faces": {
				"north": {"uv": [15.5, 1.5, 14, 3], "rotation": 180, "texture": "#2"},
				"east": {"uv": [15.5, 1.5, 14, 3], "rotation": 180, "texture": "#2"},
				"south": {"uv": [15.5, 1.5, 14, 3], "rotation": 180, "texture": "#2"},
				"west": {"uv": [15.5, 1.5, 14, 3], "rotation": 180, "texture": "#2"},
				"up": {"uv": [15.5, 1.5, 14, 3], "rotation": 180, "texture": "#2"},
				"down": {"uv": [15.5, 1.5, 14, 3], "rotation": 180, "texture": "#2"}
			}
		},
		{
			"name": "Cube",
			"from": [7.5, 4.0902, 13.218],
			"to": [7.7, 4.2902, 13.503],
			"rotation": {"angle": 45, "axis": "x", "origin": [8.4, 4.1502, 13.2205]},
			"faces": {
				"north": {"uv": [15.5, 1.5, 14, 3], "rotation": 180, "texture": "#2"},
				"east": {"uv": [15.5, 1.5, 14, 3], "rotation": 180, "texture": "#2"},
				"south": {"uv": [15.5, 1.5, 14, 3], "rotation": 180, "texture": "#2"},
				"west": {"uv": [15.5, 1.5, 14, 3], "rotation": 180, "texture": "#2"},
				"up": {"uv": [15.5, 1.5, 14, 3], "rotation": 180, "texture": "#2"},
				"down": {"uv": [15.5, 1.5, 14, 3], "rotation": 180, "texture": "#2"}
			}
		},
		{
			"name": "Cube",
			"from": [7.5, 4.0902, 12.938],
			"to": [7.7, 4.2902, 13.223],
			"rotation": {"angle": -45, "axis": "x", "origin": [8.4, 4.1502, 13.2205]},
			"faces": {
				"north": {"uv": [15.5, 1.5, 14, 3], "rotation": 180, "texture": "#2"},
				"east": {"uv": [15.5, 1.5, 14, 3], "rotation": 180, "texture": "#2"},
				"south": {"uv": [15.5, 1.5, 14, 3], "rotation": 180, "texture": "#2"},
				"west": {"uv": [15.5, 1.5, 14, 3], "rotation": 180, "texture": "#2"},
				"up": {"uv": [15.5, 1.5, 14, 3], "rotation": 180, "texture": "#2"},
				"down": {"uv": [15.5, 1.5, 14, 3], "rotation": 180, "texture": "#2"}
			}
		},
		{
			"name": "Cube",
			"from": [8.3, 4.0902, 12.938],
			"to": [8.5, 4.2902, 13.223],
			"rotation": {"angle": -45, "axis": "x", "origin": [8.4, 4.1502, 13.2205]},
			"faces": {
				"north": {"uv": [15.5, 1.5, 14, 3], "rotation": 180, "texture": "#2"},
				"east": {"uv": [15.5, 1.5, 14, 3], "rotation": 180, "texture": "#2"},
				"south": {"uv": [15.5, 1.5, 14, 3], "rotation": 180, "texture": "#2"},
				"west": {"uv": [15.5, 1.5, 14, 3], "rotation": 180, "texture": "#2"},
				"up": {"uv": [15.5, 1.5, 14, 3], "rotation": 180, "texture": "#2"},
				"down": {"uv": [15.5, 1.5, 14, 3], "rotation": 180, "texture": "#2"}
			}
		},
		{
			"name": "Cube",
			"from": [7.5, 4.0502, 13.123],
			"to": [7.7, 4.2502, 13.318],
			"rotation": {"angle": 0, "axis": "x", "origin": [8, 1.9152, 21.25847]},
			"faces": {
				"north": {"uv": [15.5, 1.5, 14, 3], "rotation": 180, "texture": "#2"},
				"east": {"uv": [15.5, 1.5, 14, 3], "rotation": 180, "texture": "#2"},
				"south": {"uv": [15.5, 1.5, 14, 3], "rotation": 180, "texture": "#2"},
				"west": {"uv": [15.5, 1.5, 14, 3], "rotation": 180, "texture": "#2"},
				"up": {"uv": [15.5, 1.5, 14, 3], "rotation": 180, "texture": "#2"},
				"down": {"uv": [15.5, 1.5, 14, 3], "rotation": 180, "texture": "#2"}
			}
		},
		{
			"name": "Cube",
			"from": [7.5, 2.5102, 13.38347],
			"to": [8.5, 3.1602, 15.21347],
			"rotation": {"angle": 22.5, "axis": "x", "origin": [8, 3.0502, 14.55347]},
			"faces": {
				"north": {"uv": [8.5, 0, 10, 1.5], "texture": "#2"},
				"east": {"uv": [8.5, 0, 10, 1.5], "texture": "#2"},
				"south": {"uv": [8.5, 0, 10, 1.5], "texture": "#2"},
				"west": {"uv": [8.5, 0, 10, 1.5], "texture": "#2"},
				"up": {"uv": [8.5, 0, 10, 1.5], "texture": "#2"},
				"down": {"uv": [8.5, 0, 10, 1.5], "texture": "#2"}
			}
		},
		{
			"name": "Cube",
			"from": [7.5, -0.2198, 9.68347],
			"to": [8.5, 1.9352, 11.59847],
			"rotation": {"angle": 0, "axis": "x", "origin": [8, 1.5902, 10.50347]},
			"faces": {
				"north": {"uv": [11, 5, 10.5, 8], "texture": "#2"},
				"east": {"uv": [8.5, 5, 11.5, 8], "texture": "#2"},
				"south": {"uv": [11.5, 5, 11, 8], "texture": "#2"},
				"west": {"uv": [11.5, 5, 8.5, 8], "texture": "#2"},
				"down": {"uv": [10.5, 4, 11.5, 5], "rotation": 90, "texture": "#2"}
			}
		},
		{
			"name": "Cube",
			"from": [7.4, -0.3198, 9.58347],
			"to": [8.6, 0.0352, 11.69847],
			"rotation": {"angle": 0, "axis": "x", "origin": [8, 1.5902, 10.50347]},
			"faces": {
				"north": {"uv": [8.5, 4, 9.5, 5], "texture": "#2"},
				"east": {"uv": [8.5, 4, 9.5, 5], "texture": "#2"},
				"south": {"uv": [8.5, 4, 9.5, 5], "texture": "#2"},
				"west": {"uv": [8.5, 4, 9.5, 5], "texture": "#2"},
				"up": {"uv": [8.5, 4, 9.5, 5], "texture": "#2"},
				"down": {"uv": [8.5, 4, 9.5, 5], "texture": "#2"}
			}
		},
		{
			"name": "Cube",
			"from": [7.4, 2.1402, 2.60347],
			"to": [8.6, 3.0002, 9.60347],
			"rotation": {"angle": 0, "axis": "x", "origin": [8, 1.9152, 21.97347]},
			"faces": {
				"north": {"uv": [10.5, 1, 10, 3.5], "texture": "#2"},
				"east": {"uv": [0, 10, 8.5, 8], "texture": "#2"},
				"south": {"uv": [10.5, 1, 10, 3.5], "texture": "#2"},
				"west": {"uv": [8.5, 10, 0, 8], "texture": "#2"},
				"up": {"uv": [11.5, 4.5, 11, 4], "rotation": 90, "texture": "#2"},
				"down": {"uv": [1, 2.5, 8.5, 4], "rotation": 90, "texture": "#2"}
			}
		},
		{
			"name": "Cube",
			"from": [7.3, 2.6052, 2.80347],
			"to": [8.7, 3.1252, 4.70347],
			"rotation": {"angle": 0, "axis": "x", "origin": [8, 1.9152, 21.97347]},
			"faces": {
				"north": {"uv": [15.5, 3.5, 15, 3], "rotation": 90, "texture": "#2"},
				"east": {"uv": [15.5, 7, 15, 3], "rotation": 90, "texture": "#2"},
				"south": {"uv": [15.5, 3.5, 15, 3], "rotation": 90, "texture": "#2"},
				"west": {"uv": [15.5, 7, 15, 3], "rotation": 90, "texture": "#2"},
				"up": {"uv": [15.5, 3.5, 15, 3], "rotation": 90, "texture": "#2"},
				"down": {"uv": [15.5, 3.5, 15, 3], "rotation": 90, "texture": "#2"}
			}
		},
		{
			"name": "Cube",
			"from": [7.3, 2.0402, 5.10347],
			"to": [8.7, 2.7002, 9.00347],
			"rotation": {"angle": 0, "axis": "x", "origin": [8, 1.9152, 21.97347]},
			"faces": {
				"north": {"uv": [8.5, 5, 8, 6], "texture": "#2"},
				"east": {"uv": [8.5, 5, 2, 6], "texture": "#2"},
				"south": {"uv": [8.5, 5, 2, 6], "texture": "#2"},
				"west": {"uv": [8.5, 5, 2, 6], "texture": "#2"},
				"up": {"uv": [9.5, 4, 8.5, 5], "texture": "#2"},
				"down": {"uv": [6, 2.5, 4.5, 4], "texture": "#2"}
			}
		},
		{
			"name": "Cube",
			"from": [7.3, 2.7002, 5.60347],
			"to": [8.7, 3.1002, 9.00347],
			"rotation": {"angle": 0, "axis": "x", "origin": [8, 1.9152, 21.97347]},
			"faces": {
				"north": {"uv": [0, 4.5, 8.5, 5], "texture": "#2"},
				"east": {"uv": [0, 4.5, 8.5, 5], "texture": "#2"},
				"south": {"uv": [0, 4.5, 8.5, 5], "texture": "#2"},
				"west": {"uv": [0, 4.5, 8.5, 5], "texture": "#2"},
				"up": {"uv": [0, 4.5, 8.5, 5], "texture": "#2"},
				"down": {"uv": [0, 4.5, 8.5, 5], "texture": "#2"}
			}
		},
		{
			"name": "Cube",
			"from": [7.3, 3.1002, 7.60347],
			"to": [8.7, 3.5002, 9.00347],
			"rotation": {"angle": 0, "axis": "x", "origin": [8, 1.9152, 21.97347]},
			"faces": {
				"north": {"uv": [8.5, 4, 0, 4.5], "texture": "#2"},
				"east": {"uv": [8.5, 4, 0, 4.5], "texture": "#2"},
				"south": {"uv": [8.5, 4, 0, 4.5], "texture": "#2"},
				"west": {"uv": [8.5, 4, 0, 4.5], "texture": "#2"},
				"up": {"uv": [8.5, 4, 0, 4.5], "texture": "#2"},
				"down": {"uv": [8.5, 4, 0, 4.5], "texture": "#2"}
			}
		},
		{
			"name": "Cube",
			"from": [7.4, 2.1402, 2.40347],
			"to": [8.6, 3.5002, 2.60347],
			"rotation": {"angle": 0, "axis": "x", "origin": [8, 1.9152, 21.97347]},
			"faces": {
				"north": {"uv": [0.5, 8.5, 0, 8], "texture": "#2"},
				"east": {"uv": [0.5, 8.5, 0, 8], "texture": "#2"},
				"south": {"uv": [0.5, 8.5, 0, 8], "texture": "#2"},
				"west": {"uv": [0.5, 8.5, 0, 8], "texture": "#2"},
				"up": {"uv": [0.5, 8.5, 0, 8], "texture": "#2"},
				"down": {"uv": [0.5, 8.5, 0, 8], "texture": "#2"}
			}
		},
		{
			"name": "Cube",
			"from": [7.825, 2.2152, -1.59653],
			"to": [8.125, 2.5152, 2.40347],
			"rotation": {"angle": -45, "axis": "z", "origin": [7.975, 2.3652, 2.30347]},
			"faces": {
				"north": {"uv": [5.5, 14, 5, 13.5], "texture": "#2"},
				"east": {"uv": [5.5, 14, 5, 13.5], "texture": "#2"},
				"south": {"uv": [5.5, 14, 5, 13.5], "texture": "#2"},
				"west": {"uv": [5.5, 14, 5, 13.5], "texture": "#2"},
				"up": {"uv": [5.5, 14, 5, 13.5], "texture": "#2"},
				"down": {"uv": [5.5, 14, 5, 13.5], "texture": "#2"}
			}
		},
		{
			"name": "Cube",
			"from": [7.725, 2.3152, -0.19653],
			"to": [8.225, 2.6152, 0.30347],
			"rotation": {"angle": 0, "axis": "z", "origin": [7.975, 2.3652, 2.30347]},
			"faces": {
				"north": {"uv": [10, 1.5, 8.5, 0], "rotation": 90, "texture": "#2"},
				"east": {"uv": [10, 1.5, 8.5, 0], "rotation": 90, "texture": "#2"},
				"south": {"uv": [10, 1.5, 8.5, 0], "rotation": 90, "texture": "#2"},
				"west": {"uv": [10, 1.5, 8.5, 0], "rotation": 90, "texture": "#2"},
				"up": {"uv": [10, 1.5, 8.5, 0], "rotation": 90, "texture": "#2"},
				"down": {"uv": [10, 1.5, 8.5, 0], "rotation": 90, "texture": "#2"}
			}
		},
		{
			"name": "Cube",
			"from": [7.76, 2.15254, -0.19653],
			"to": [8.11, 2.5052, 0.30347],
			"rotation": {"angle": 45, "axis": "z", "origin": [7.975, 2.3652, 2.30347]},
			"faces": {
				"north": {"uv": [10, 1.5, 8.5, 0], "rotation": 180, "texture": "#2"},
				"east": {"uv": [10, 1.5, 8.5, 0], "rotation": 180, "texture": "#2"},
				"south": {"uv": [10, 1.5, 8.5, 0], "rotation": 180, "texture": "#2"},
				"west": {"uv": [10, 1.5, 8.5, 0], "rotation": 180, "texture": "#2"},
				"up": {"uv": [10, 1.5, 8.5, 0], "rotation": 180, "texture": "#2"},
				"down": {"uv": [10, 1.5, 8.5, 0], "rotation": 180, "texture": "#2"}
			}
		},
		{
			"name": "Cube",
			"from": [7.725, 2.3152, 1.20347],
			"to": [8.225, 2.6152, 1.70347],
			"rotation": {"angle": 0, "axis": "z", "origin": [7.975, 2.3652, 3.70347]},
			"faces": {
				"north": {"uv": [10, 1.5, 8.5, 0], "rotation": 90, "texture": "#2"},
				"east": {"uv": [10, 1.5, 8.5, 0], "rotation": 90, "texture": "#2"},
				"south": {"uv": [10, 1.5, 8.5, 0], "rotation": 90, "texture": "#2"},
				"west": {"uv": [10, 1.5, 8.5, 0], "rotation": 90, "texture": "#2"},
				"up": {"uv": [10, 1.5, 8.5, 0], "rotation": 90, "texture": "#2"},
				"down": {"uv": [10, 1.5, 8.5, 0], "rotation": 90, "texture": "#2"}
			}
		},
		{
			"name": "Cube",
			"from": [7.76, 2.15254, 1.20347],
			"to": [8.11, 2.5052, 1.70347],
			"rotation": {"angle": 45, "axis": "z", "origin": [7.975, 2.3652, 3.70347]},
			"faces": {
				"north": {"uv": [10, 1.5, 8.5, 0], "rotation": 180, "texture": "#2"},
				"east": {"uv": [10, 1.5, 8.5, 0], "rotation": 180, "texture": "#2"},
				"south": {"uv": [10, 1.5, 8.5, 0], "rotation": 180, "texture": "#2"},
				"west": {"uv": [10, 1.5, 8.5, 0], "rotation": 180, "texture": "#2"},
				"up": {"uv": [10, 1.5, 8.5, 0], "rotation": 180, "texture": "#2"},
				"down": {"uv": [10, 1.5, 8.5, 0], "rotation": 180, "texture": "#2"}
			}
		},
		{
			"name": "Cube",
			"from": [7.4, 2.1352, 9.16347],
			"to": [8.6, 2.3602, 9.78847],
			"rotation": {"angle": 22.5, "axis": "x", "origin": [8, 2.4802, 9.10347]},
			"faces": {
				"north": {"uv": [6, 3, 5, 4], "texture": "#2"},
				"east": {"uv": [6, 3, 5, 4], "texture": "#2"},
				"south": {"uv": [6, 3, 5, 4], "texture": "#2"},
				"west": {"uv": [6, 3, 5, 4], "texture": "#2"},
				"up": {"uv": [6, 3, 5, 4], "texture": "#2"},
				"down": {"uv": [6, 3, 5, 4], "texture": "#2"}
			}
		},
		{
			"name": "Cube",
			"from": [7.4, 3.0002, 2.60347],
			"to": [8.6, 3.5002, 9.60347],
			"rotation": {"angle": 0, "axis": "x", "origin": [8, 1.9152, 21.97347]},
			"faces": {
				"north": {"uv": [6.5, 4.5, 7.5, 5.5], "rotation": 180, "texture": "#2"},
				"east": {"uv": [0, 8, 8.5, 9.5], "texture": "#2"},
				"south": {"uv": [6.5, 4.5, 7.5, 5.5], "rotation": 180, "texture": "#2"},
				"west": {"uv": [0, 8, 8.5, 9.5], "texture": "#2"},
				"up": {"uv": [6.5, 4.5, 7.5, 5.5], "rotation": 180, "texture": "#2"},
				"down": {"uv": [6.5, 4.5, 7.5, 5.5], "rotation": 180, "texture": "#2"}
			}
		},
		{
			"name": "Cube",
			"from": [7.6, 3.5002, 2.60347],
			"to": [8.4, 3.7002, 9.60347],
			"rotation": {"angle": 0, "axis": "x", "origin": [8, 1.9152, 21.97347]},
			"faces": {
				"north": {"uv": [0.5, 5.5, 1.5, 6.5], "rotation": 90, "texture": "#2"},
				"east": {"uv": [0.5, 5.5, 1.5, 6.5], "rotation": 90, "texture": "#2"},
				"south": {"uv": [0.5, 5.5, 1.5, 6.5], "rotation": 90, "texture": "#2"},
				"west": {"uv": [0.5, 5.5, 1.5, 6.5], "rotation": 90, "texture": "#2"},
				"up": {"uv": [0.5, 5.5, 1.5, 6.5], "rotation": 90, "texture": "#2"},
				"down": {"uv": [0.5, 5.5, 1.5, 6.5], "rotation": 90, "texture": "#2"}
			}
		},
		{
			"name": "Cube",
			"from": [8.299, 3.541, 2.60347],
			"to": [8.584, 3.741, 9.60347],
			"rotation": {"angle": -45, "axis": "z", "origin": [8.3, 3.6002, 6.90347]},
			"faces": {
				"north": {"uv": [0.5, 5.5, 1.5, 6.5], "rotation": 90, "texture": "#2"},
				"east": {"uv": [0.5, 5.5, 1.5, 6.5], "rotation": 90, "texture": "#2"},
				"south": {"uv": [0.5, 5.5, 1.5, 6.5], "rotation": 90, "texture": "#2"},
				"west": {"uv": [0.5, 5.5, 1.5, 6.5], "rotation": 90, "texture": "#2"},
				"up": {"uv": [0, 8.5, 8.5, 9], "rotation": 90, "texture": "#2"},
				"down": {"uv": [0.5, 5.5, 1.5, 6.5], "rotation": 90, "texture": "#2"}
			}
		},
		{
			"name": "Cube",
			"from": [8.299, 3.541, 2.40347],
			"to": [8.584, 3.741, 2.60347],
			"rotation": {"angle": -45, "axis": "z", "origin": [8.3, 3.6002, 6.90347]},
			"faces": {
				"north": {"uv": [5.5, 13.5, 5, 14], "rotation": 270, "texture": "#2"},
				"east": {"uv": [5.5, 13.5, 5, 14], "rotation": 270, "texture": "#2"},
				"south": {"uv": [5.5, 13.5, 5, 14], "rotation": 270, "texture": "#2"},
				"west": {"uv": [5.5, 13.5, 5, 14], "rotation": 270, "texture": "#2"},
				"up": {"uv": [5.5, 13.5, 5, 14], "rotation": 270, "texture": "#2"},
				"down": {"uv": [5.5, 13.5, 5, 14], "rotation": 270, "texture": "#2"}
			}
		},
		{
			"name": "Cube",
			"from": [7.595, 3.9652, 2.40347],
			"to": [7.87, 4.1652, 2.60347],
			"rotation": {"angle": 45, "axis": "z", "origin": [8.3, 3.6002, 6.90347]},
			"faces": {
				"north": {"uv": [5.5, 13.5, 5, 14], "rotation": 90, "texture": "#2"},
				"east": {"uv": [5.5, 13.5, 5, 14], "rotation": 90, "texture": "#2"},
				"south": {"uv": [5.5, 13.5, 5, 14], "rotation": 90, "texture": "#2"},
				"west": {"uv": [5.5, 13.5, 5, 14], "rotation": 90, "texture": "#2"},
				"up": {"uv": [5.5, 13.5, 5, 14], "rotation": 90, "texture": "#2"},
				"down": {"uv": [5.5, 13.5, 5, 14], "rotation": 90, "texture": "#2"}
			}
		},
		{
			"name": "Cube",
			"from": [7.595, 3.9652, 2.60347],
			"to": [7.87, 4.1652, 9.60347],
			"rotation": {"angle": 45, "axis": "z", "origin": [8.3, 3.6002, 6.90347]},
			"faces": {
				"north": {"uv": [0.5, 5.5, 1.5, 6.5], "texture": "#2"},
				"east": {"uv": [0.5, 5.5, 1.5, 6.5], "texture": "#2"},
				"south": {"uv": [0.5, 5.5, 1.5, 6.5], "texture": "#2"},
				"west": {"uv": [0.5, 5.5, 1.5, 6.5], "texture": "#2"},
				"up": {"uv": [0, 8.5, 8.5, 9], "rotation": 90, "texture": "#2"},
				"down": {"uv": [0.5, 5.5, 1.5, 6.5], "texture": "#2"}
			}
		},
		{
			"name": "Cube",
			"from": [7.6, 3.5002, 2.40347],
			"to": [8.4, 3.7002, 2.60347],
			"rotation": {"angle": 0, "axis": "x", "origin": [8, 1.9152, 21.97347]},
			"faces": {
				"north": {"uv": [5.5, 13.5, 5, 14], "rotation": 90, "texture": "#2"},
				"east": {"uv": [5.5, 13.5, 5, 14], "rotation": 90, "texture": "#2"},
				"south": {"uv": [5.5, 13.5, 5, 14], "rotation": 90, "texture": "#2"},
				"west": {"uv": [5.5, 13.5, 5, 14], "rotation": 90, "texture": "#2"},
				"up": {"uv": [5.5, 13.5, 5, 14], "rotation": 90, "texture": "#2"},
				"down": {"uv": [5.5, 13.5, 5, 14], "rotation": 90, "texture": "#2"}
			}
		},
		{
			"name": "Grip 2",
			"from": [7.7, 0.85032, 13.76977],
			"to": [8.35, 1.15032, 14.81977],
			"rotation": {"angle": 0, "axis": "y", "origin": [7.5, 7.95032, 7.76977]},
			"faces": {
				"north": {"uv": [10.5, 4, 11.5, 5], "texture": "#2"},
				"east": {"uv": [10.5, 4, 11.5, 5], "texture": "#2"},
				"south": {"uv": [10.5, 4, 11.5, 5], "texture": "#2"},
				"west": {"uv": [10.5, 4, 11.5, 5], "texture": "#2"},
				"up": {"uv": [10.5, 4, 11.5, 5], "texture": "#2"},
				"down": {"uv": [10.5, 4, 11.5, 5], "texture": "#2"}
			}
		},
		{
			"name": "Trigger",
			"from": [7.9, 1.28, 14.325],
			"to": [8.15, 2.005, 14.65],
			"rotation": {"angle": -22.5, "axis": "x", "origin": [8, 1.5375, 14.4875]},
			"faces": {
				"north": {"uv": [9.5, 4, 10.5, 5], "texture": "#2"},
				"east": {"uv": [9.5, 4, 10.5, 5], "texture": "#2"},
				"south": {"uv": [9.5, 4, 10.5, 5], "texture": "#2"},
				"west": {"uv": [9.5, 4, 10.5, 5], "texture": "#2"},
				"up": {"uv": [9.5, 4, 10.5, 5], "texture": "#2"},
				"down": {"uv": [9.5, 4, 10.5, 5], "texture": "#2"}
			}
		},
		{
			"name": "Grip 3",
			"from": [7.7, 0.52532, 14.55977],
			"to": [8.35, 0.82532, 15.00977],
			"rotation": {"angle": -45, "axis": "x", "origin": [8.025, 1.00032, 14.29477]},
			"faces": {
				"north": {"uv": [10.5, 4, 11.5, 5], "texture": "#2"},
				"east": {"uv": [10.5, 4, 11.5, 5], "texture": "#2"},
				"south": {"uv": [10.5, 4, 11.5, 5], "texture": "#2"},
				"west": {"uv": [10.5, 4, 11.5, 5], "texture": "#2"},
				"up": {"uv": [10.5, 4, 11.5, 5], "texture": "#2"},
				"down": {"uv": [10.5, 4, 11.5, 5], "texture": "#2"}
			}
		},
		{
			"name": "Grip 4",
			"from": [7.7, 1.26532, 13.818],
			"to": [8.35, 1.71532, 14.118],
			"rotation": {"angle": -45, "axis": "x", "origin": [8.025, 1.00032, 14.29477]},
			"faces": {
				"north": {"uv": [10.5, 4, 11.5, 5], "rotation": 90, "texture": "#2"},
				"east": {"uv": [10.5, 4, 11.5, 5], "rotation": 90, "texture": "#2"},
				"south": {"uv": [10.5, 4, 11.5, 5], "rotation": 90, "texture": "#2"},
				"west": {"uv": [10.5, 4, 11.5, 5], "rotation": 90, "texture": "#2"},
				"up": {"uv": [10.5, 4, 11.5, 5], "rotation": 90, "texture": "#2"},
				"down": {"uv": [10.5, 4, 11.5, 5], "rotation": 90, "texture": "#2"}
			}
		},
		{
			"name": "Grip 3",
			"from": [7.7, 1.17032, 14.83477],
			"to": [8.35, 1.90032, 15.13477],
			"rotation": {"angle": 0, "axis": "x", "origin": [8.025, 1.00032, 14.29477]},
			"faces": {
				"north": {"uv": [10.5, 4, 11.5, 5], "rotation": 270, "texture": "#2"},
				"east": {"uv": [10.5, 4, 11.5, 5], "rotation": 270, "texture": "#2"},
				"south": {"uv": [10.5, 4, 11.5, 5], "rotation": 270, "texture": "#2"},
				"west": {"uv": [10.5, 4, 11.5, 5], "rotation": 270, "texture": "#2"},
				"up": {"uv": [10.5, 4, 11.5, 5], "rotation": 270, "texture": "#2"},
				"down": {"uv": [10.5, 4, 11.5, 5], "rotation": 270, "texture": "#2"}
			}
		},
		{
			"name": "Grip 4",
			"from": [7.7, 1.17032, 13.451],
			"to": [8.35, 1.90032, 13.751],
			"rotation": {"angle": 0, "axis": "x", "origin": [8.025, 1.00032, 14.29477]},
			"faces": {
				"north": {"uv": [10.5, 4, 11.5, 5], "rotation": 270, "texture": "#2"},
				"east": {"uv": [10.5, 4, 11.5, 5], "rotation": 270, "texture": "#2"},
				"south": {"uv": [10.5, 4, 11.5, 5], "rotation": 270, "texture": "#2"},
				"west": {"uv": [10.5, 4, 11.5, 5], "rotation": 270, "texture": "#2"},
				"up": {"uv": [10.5, 4, 11.5, 5], "rotation": 270, "texture": "#2"},
				"down": {"uv": [10.5, 4, 11.5, 5], "rotation": 270, "texture": "#2"}
			}
		},
		{
			"name": "Grip 5",
			"from": [7.9, 1.17032, 13.051],
			"to": [8.15, 1.90032, 13.451],
			"rotation": {"angle": 0, "axis": "x", "origin": [8.025, 1.00032, 14.29477]},
			"faces": {
				"north": {"uv": [10.5, 4, 11.5, 5], "rotation": 270, "texture": "#2"},
				"east": {"uv": [10.5, 4, 11.5, 5], "rotation": 270, "texture": "#2"},
				"south": {"uv": [10.5, 4, 11.5, 5], "rotation": 270, "texture": "#2"},
				"west": {"uv": [10.5, 4, 11.5, 5], "rotation": 270, "texture": "#2"},
				"up": {"uv": [10.5, 4, 11.5, 5], "rotation": 270, "texture": "#2"},
				"down": {"uv": [10.5, 4, 11.5, 5], "rotation": 270, "texture": "#2"}
			}
		},
		{
			"name": "Grip 6",
			"from": [7.9, 1.47032, 15.131],
			"to": [8.15, 1.90032, 15.536],
			"rotation": {"angle": 0, "axis": "x", "origin": [8.025, 1.00032, 14.29477]},
			"faces": {
				"north": {"uv": [10.5, 4, 11.5, 5], "rotation": 270, "texture": "#2"},
				"east": {"uv": [10.5, 4, 11.5, 5], "rotation": 270, "texture": "#2"},
				"south": {"uv": [10.5, 4, 11.5, 5], "rotation": 270, "texture": "#2"},
				"west": {"uv": [10.5, 4, 11.5, 5], "rotation": 270, "texture": "#2"},
				"up": {"uv": [10.5, 4, 11.5, 5], "rotation": 270, "texture": "#2"},
				"down": {"uv": [10.5, 4, 11.5, 5], "rotation": 270, "texture": "#2"}
			}
		}
	],
	"display": {
		"thirdperson_righthand": {
			"translation": [0, 6.5, -6.75],
			"scale": [1.1, 1.1, 1.1]
		},
		"firstperson_righthand": {
			"translation": [-3.5, 8.5, 0],
			"scale": [0.8, 0.8, 0.8]
		},
		"firstperson_lefthand": {
			"translation": [3.75, -3.25, 0]
		},
		"ground": {
			"translation": [0, 5, -1]
		},
		"gui": {
			"rotation": [30, 225, 0],
			"translation": [1.25, 4.5, 0],
			"scale": [1.2, 1.2, 1.2]
		},
		"fixed": {
			"rotation": [0, 90, 0],
			"translation": [-3.25, 11.25, -2],
			"scale": [2, 2, 2]
		}
	},
	"groups": [
		{
			"name": "Barrel",
			"origin": [8.5, 3.3, -5.1],
			"color": 0,
			"children": [
				{
					"name": "group",
					"origin": [8.5, 3.3, -5.1],
					"color": 0,
					"children": [0, 1, 2, 3, 4, 5, 6, 7]
				},
				8,
				9,
				10,
				11,
				12,
				13,
				14,
				15,
				16,
				17,
				18,
				19,
				20,
				21,
				22,
				23,
				24,
				25,
				26
			]
		},
		{
			"name": "Stock",
			"origin": [8, 1.3777, 17.64847],
			"color": 0,
			"children": [27, 28]
		},
		{
			"name": "Receiver",
			"origin": [8, 3.4502, 14.55347],
			"color": 0,
			"children": [29, 30, 31, 32, 33, 34, 35, 36, 37, 38, 39, 40, 41, 42, 43, 44, 45, 46, 47, 48, 49, 50, 51, 52, 53, 54, 55, 56, 57, 58, 59, 60, 61, 62, 63, 64, 65, 66, 67, 68, 69, 70, 71, 72, 73, 74, 75, 76, 77, 78]
		},
		{
			"name": "Handguard",
			"origin": [8.3, 3.6002, 6.90347],
			"color": 0,
			"children": [79, 80, 81, 82, 83, 84, 85, 86, 87, 88, 89, 90, 91, 92, 93, 94, 95, 96, 97, 98, 99]
		},
		{
			"name": "Trigger",
			"origin": [8.025, 1.00032, 14.29477],
			"color": 0,
			"children": [100, 101, 102, 103, 104, 105, 106, 107]
		},
		{
			"name": "m1_garand_charging_handle",
			"origin": [8, 8, 8],
			"color": 0,
			"children": []
		}
	]
}