{
	"credit": "Made with Blockbench",
	"textures": {
		"1": "moguns:items/m1911",
		"particle": "moguns:items/m1911"
	},
	"elements": [
		{
			"from": [7.4, 2.625, 11.15],
			"to": [8.6, 3.325, 16.75],
			"rotation": {"angle": 0, "axis": "y", "origin": [7.9, 7.625, 7.95]},
			"faces": {
				"north": {"uv": [10, 9, 12, 11], "texture": "#1", "tintindex": 0},
				"east": {"uv": [0, 4, 16, 6], "texture": "#1"},
				"south": {"uv": [11, 7, 14, 9], "texture": "#1", "tintindex": 0},
				"west": {"uv": [0, 0, 16, 2], "rotation": 180, "texture": "#1"},
				"up": {"uv": [0, 2, 16, 4], "rotation": 270, "texture": "#1", "tintindex": 0},
				"down": {"uv": [1, 7, 2, 8], "texture": "#1"}
			}
		},
		{
			"from": [7.6, 3.325, 11.15],
			"to": [8.4, 3.525, 16.745],
			"rotation": {"angle": 0, "axis": "y", "origin": [7.9, 7.625, 7.95]},
			"faces": {
				"north": {"uv": [10, 9, 12, 11], "texture": "#1", "tintindex": 0},
				"south": {"uv": [11, 6, 14, 7], "texture": "#1", "tintindex": 0},
				"up": {"uv": [0, 2, 16, 4], "rotation": 270, "texture": "#1", "tintindex": 0}
			}
		},
		{
			"from": [7.7, 3.52, 16.15],
			"to": [8.3, 3.57, 16.45],
			"rotation": {"angle": 0, "axis": "y", "origin": [7.9, 7.625, 7.95]},
			"faces": {
				"north": {"uv": [1, 11, 0, 10], "texture": "#1", "tintindex": 0},
				"east": {"uv": [1, 11, 0, 10], "texture": "#1", "tintindex": 0},
				"south": {"uv": [1, 11, 0, 10], "texture": "#1", "tintindex": 0},
				"west": {"uv": [1, 11, 0, 10], "texture": "#1", "tintindex": 0},
				"up": {"uv": [1, 11, 0, 10], "texture": "#1", "tintindex": 0},
				"down": {"uv": [1, 11, 0, 10], "texture": "#1", "tintindex": 0}
			}
		},
		{
			"from": [7.7, 3.57, 16.25],
			"to": [7.9, 3.62, 16.35],
			"rotation": {"angle": 0, "axis": "y", "origin": [7.9, 7.625, 7.95]},
			"faces": {
				"north": {"uv": [1, 11, 0, 10], "texture": "#1", "tintindex": 0},
				"east": {"uv": [1, 11, 0, 10], "texture": "#1", "tintindex": 0},
				"south": {"uv": [1, 11, 0, 10], "texture": "#1", "tintindex": 0},
				"west": {"uv": [1, 11, 0, 10], "texture": "#1", "tintindex": 0},
				"up": {"uv": [1, 11, 0, 10], "texture": "#1", "tintindex": 0},
				"down": {"uv": [1, 11, 0, 10], "texture": "#1", "tintindex": 0}
			}
		},
		{
			"from": [8.1, 3.57, 16.25],
			"to": [8.3, 3.62, 16.35],
			"rotation": {"angle": 0, "axis": "y", "origin": [8.1, 7.625, 7.95]},
			"faces": {
				"north": {"uv": [0, 11, 1, 10], "texture": "#1", "tintindex": 0},
				"east": {"uv": [0, 11, 1, 10], "texture": "#1", "tintindex": 0},
				"south": {"uv": [0, 11, 1, 10], "texture": "#1", "tintindex": 0},
				"west": {"uv": [0, 11, 1, 10], "texture": "#1", "tintindex": 0},
				"up": {"uv": [0, 11, 1, 10], "texture": "#1", "tintindex": 0},
				"down": {"uv": [0, 11, 1, 10], "texture": "#1", "tintindex": 0}
			}
		},
		{
			"from": [7.95, 3.51, 11.175],
			"to": [8.05, 3.61, 11.415],
			"rotation": {"angle": 22.5, "axis": "x", "origin": [8, 3.575, 11.2]},
			"faces": {
				"north": {"uv": [0, 10, 1, 11], "texture": "#1"},
				"east": {"uv": [0, 10, 1, 11], "texture": "#1"},
				"south": {"uv": [0, 10, 1, 11], "texture": "#1"},
				"west": {"uv": [0, 10, 1, 11], "texture": "#1"},
				"up": {"uv": [0, 10, 1, 11], "texture": "#1"},
				"down": {"uv": [0, 10, 1, 11], "texture": "#1"}
			}
		},
		{
			"from": [7.505, 3.635, 11.15],
			"to": [7.785, 3.78, 16.745],
			"rotation": {"angle": 45, "axis": "z", "origin": [8, 3.425, 13.95]},
			"faces": {
				"north": {"uv": [10, 9, 12, 11], "texture": "#1", "tintindex": 0},
				"south": {"uv": [11, 6, 14, 7], "texture": "#1", "tintindex": 0},
				"west": {"uv": [0, 0, 16, 2], "rotation": 180, "texture": "#1"},
				"up": {"uv": [10, 9, 12, 11], "rotation": 270, "texture": "#1", "tintindex": 0}
			}
		},
		{
			"from": [8.215, 3.635, 11.15],
			"to": [8.495, 3.78, 16.745],
			"rotation": {"angle": -45, "axis": "z", "origin": [8, 3.425, 13.95]},
			"faces": {
				"north": {"uv": [12, 9, 10, 11], "texture": "#1", "tintindex": 0},
				"south": {"uv": [14, 6, 11, 7], "texture": "#1", "tintindex": 0},
				"up": {"uv": [0, 4, 16, 2], "rotation": 270, "texture": "#1", "tintindex": 0}
			}
		}
	],
	"display": {
		"thirdperson_righthand": {
			"rotation": [22.5, 0, 0],
			"translation": [0, 10, -4],
			"scale": [1.2, 1.2, 1.2]
		},
		"firstperson_righthand": {
			"translation": [-3.5, 8.5, 0],
			"scale": [0.8, 0.8, 0.8]
		},
		"ground": {
			"translation": [0, 5, -5.75]
		},
		"gui": {
			"rotation": [30, 225, 0],
			"translation": [7.5, 5, 0],
			"scale": [1.8, 1.8, 1.8]
		},
		"fixed": {
			"rotation": [0, 90, 0],
			"translation": [-11.5, 12.5, -2],
			"scale": [2, 2, 2]
		}
	},
	"groups": [
		{
			"name": "Chamber",
			"origin": [7.7, 3.625, 16.4],
			"color": 0,
			"children": [0, 1, 2, 3, 4, 5, 6, 7]
		}
	]
}