{
	"credit": "Made with Blockbench",
	"texture_size": [32, 32],
	"textures": {
		"1": "moguns:items/mossberg",
		"particle": "moguns:items/mossberg"
	},
	"elements": [
		{
			"from": [8.595, 3, 9.57],
			"to": [8.595, 3.51, 11.395],
			"rotation": {"angle": 0, "axis": "x", "origin": [8, 7.9, 2]},
			"faces": {
				"north": {"uv": [5.5, 4.5, 6.5, 5], "texture": "#1", "tintindex": 0},
				"east": {"uv": [5.5, 4.5, 6.5, 5], "texture": "#1", "tintindex": 0},
				"south": {"uv": [5.5, 4.5, 6.5, 5], "texture": "#1", "tintindex": 0},
				"west": {"uv": [5.5, 4.5, 6.5, 5], "texture": "#1", "tintindex": 0},
				"up": {"uv": [5.5, 4.5, 6.5, 5], "texture": "#1", "tintindex": 0},
				"down": {"uv": [5.5, 4.5, 6.5, 5], "texture": "#1", "tintindex": 0}
			}
		}
	],
	"display": {
		"thirdperson_righthand": {
			"translation": [0, 6, -7.5],
			"scale": [1.1, 1.1, 1.1]
		},
		"firstperson_righthand": {
			"translation": [-3.5, 8.5, 0],
			"scale": [0.8, 0.8, 0.8]
		},
		"ground": {
			"translation": [0, 5, -3.25]
		},
		"gui": {
			"rotation": [30, 225, 0],
			"translation": [2, 2.5, 0],
			"scale": [0.9, 0.9, 0.9]
		},
		"fixed": {
			"rotation": [0, 90, 0],
			"translation": [-6.25, 12, -2],
			"scale": [2, 2, 2]
		}
	},
	"groups": [
		{
			"name": "Chamber",
			"origin": [8, 7.9, 2],
			"color": 0,
			"children": [0]
		}
	]
}