{
	"credit": "Made with Blockbench",
	"textures": {
		"1": "moguns:items/reflex_sight"
	},
	"elements": [
		{
			"from": [7, 8.5, 6.26374],
			"to": [9, 9, 9.46937],
			"rotation": {"angle": 0, "axis": "y", "origin": [8, 8, 7.04437]},
			"faces": {
				"north": {"uv": [3, 0, 7, 1], "texture": "#1", "tintindex": 0},
				"east": {"uv": [3, 2, 0, 3], "texture": "#1", "tintindex": 0},
				"south": {"uv": [3, 2, 7, 3], "texture": "#1", "tintindex": 0},
				"west": {"uv": [0, 2, 3, 3], "texture": "#1", "tintindex": 0},
				"up": {"uv": [7, 0, 11, 3], "rotation": 180, "texture": "#1", "tintindex": 0},
				"down": {"uv": [3, 4, 7, 7], "rotation": 180, "texture": "#1", "tintindex": 0}
			}
		},
		{
			"from": [7, 9, 8.36374],
			"to": [9, 9.2, 9.46937],
			"rotation": {"angle": 0, "axis": "y", "origin": [8, 8, 7.04437]},
			"faces": {
				"north": {"uv": [3, 0, 7, 1], "texture": "#1", "tintindex": 0},
				"east": {"uv": [3, 2, 0, 3], "texture": "#1", "tintindex": 0},
				"south": {"uv": [3, 2, 7, 3], "texture": "#1", "tintindex": 0},
				"west": {"uv": [0, 2, 3, 3], "texture": "#1", "tintindex": 0},
				"up": {"uv": [7, 0, 11, 3], "rotation": 180, "texture": "#1", "tintindex": 0},
				"down": {"uv": [3, 4, 7, 7], "rotation": 180, "texture": "#1", "tintindex": 0}
			}
		},
		{
			"from": [7.5, 8, 6.26374],
			"to": [8.5, 8.5, 9.26937],
			"rotation": {"angle": 0, "axis": "y", "origin": [8, 8, 7.04437]},
			"faces": {
				"north": {"uv": [4, 1, 6, 2], "texture": "#1", "tintindex": 0},
				"east": {"uv": [3, 3, 0, 4], "texture": "#1"},
				"south": {"uv": [4, 3, 6, 4], "texture": "#1", "tintindex": 0},
				"west": {"uv": [0, 3, 3, 4], "texture": "#1"},
				"down": {"uv": [3, 4, 7, 7], "rotation": 180, "texture": "#1", "tintindex": 0}
			}
		},
		{
			"from": [8.5, 8, 6.2647],
			"to": [9.2071, 8.5, 8.7187],
			"rotation": {"angle": 45, "axis": "z", "origin": [8.5, 8, 7.04437]},
			"faces": {
				"north": {"uv": [3, 1, 4, 2], "texture": "#1", "tintindex": 0},
				"south": {"uv": [6, 3, 7, 4], "texture": "#1", "tintindex": 0},
				"down": {"uv": [3, 4, 7, 7], "rotation": 180, "texture": "#1", "tintindex": 0}
			}
		},
		{
			"from": [6.7929, 8, 6.2647],
			"to": [7.5, 8.5, 8.7187],
			"rotation": {"angle": -45, "axis": "z", "origin": [7.5, 8, 7.04437]},
			"faces": {
				"north": {"uv": [7, 1, 6, 2], "texture": "#1", "tintindex": 0},
				"south": {"uv": [4, 3, 3, 4], "texture": "#1", "tintindex": 0},
				"down": {"uv": [7, 4, 3, 7], "rotation": 180, "texture": "#1", "tintindex": 0}
			}
		},
		{
			"from": [7.095, 10.59, 6.46374],
			"to": [8.895, 10.89, 6.96374],
			"rotation": {"angle": 0, "axis": "y", "origin": [8, 8, 6.98874]},
			"faces": {
				"north": {"uv": [0, 5, 3, 6], "texture": "#1", "tintindex": 0},
				"south": {"uv": [0, 6, 3, 7], "texture": "#1", "tintindex": 0},
				"up": {"uv": [0, 5, 3, 7], "texture": "#1", "tintindex": 0},
				"down": {"uv": [0, 5, 3, 7], "rotation": 180, "texture": "#1", "tintindex": 0}
			}
		},
		{
			"from": [7.1, 9, 6.26374],
			"to": [8.9, 9.3, 6.96374],
			"rotation": {"angle": 0, "axis": "y", "origin": [8, 8, 6.98874]},
			"faces": {
				"north": {"uv": [0, 5, 3, 6], "texture": "#1", "tintindex": 0},
				"east": {"uv": [0, 0, 3, 1], "texture": "#1"},
				"south": {"uv": [0, 6, 3, 7], "texture": "#1", "tintindex": 0},
				"west": {"uv": [0, 1, 3, 2], "texture": "#1"},
				"up": {"uv": [0, 5, 3, 7], "texture": "#1", "tintindex": 0}
			}
		},
		{
			"from": [8.9, 9.81, 6.46374],
			"to": [9.2, 10.165, 6.96374],
			"rotation": {"angle": 0, "axis": "y", "origin": [8, 8, 6.98874]},
			"faces": {
				"north": {"uv": [0, 5, 3, 6], "texture": "#1", "tintindex": 0},
				"east": {"uv": [0, 0, 3, 1], "texture": "#1"},
				"south": {"uv": [0, 6, 3, 7], "texture": "#1", "tintindex": 0},
				"west": {"uv": [0, 1, 3, 2], "texture": "#1"}
			}
		},
		{
			"from": [8.635, 9.03, 6.46374],
			"to": [8.935, 9.815, 6.96374],
			"rotation": {"angle": -22.5, "axis": "z", "origin": [9.05, 9.15, 6.61374]},
			"faces": {
				"north": {"uv": [0, 5, 3, 6], "rotation": 90, "texture": "#1", "tintindex": 0},
				"east": {"uv": [0, 5, 3, 7], "rotation": 90, "texture": "#1", "tintindex": 0},
				"south": {"uv": [0, 6, 3, 7], "rotation": 270, "texture": "#1", "tintindex": 0},
				"west": {"uv": [0, 5, 3, 7], "rotation": 270, "texture": "#1", "tintindex": 0}
			}
		},
		{
			"from": [9.275, 10.03, 6.46374],
			"to": [9.575, 10.815, 6.96374],
			"rotation": {"angle": 22.5, "axis": "z", "origin": [9.05, 9.15, 6.61374]},
			"faces": {
				"north": {"uv": [0, 5, 3, 6], "rotation": 90, "texture": "#1", "tintindex": 0},
				"east": {"uv": [0, 5, 3, 7], "rotation": 90, "texture": "#1", "tintindex": 0},
				"south": {"uv": [0, 6, 3, 7], "rotation": 270, "texture": "#1", "tintindex": 0},
				"west": {"uv": [0, 5, 3, 7], "rotation": 270, "texture": "#1", "tintindex": 0}
			}
		},
		{
			"from": [6.74461, 10.05867, 6.46374],
			"to": [7.04461, 10.84367, 6.96374],
			"rotation": {"angle": -22.5, "axis": "z", "origin": [7.03631, 9.9866, 6.68041]},
			"faces": {
				"north": {"uv": [0, 5, 3, 6], "rotation": 270, "texture": "#1", "tintindex": 0},
				"east": {"uv": [0, 5, 3, 7], "rotation": 90, "texture": "#1", "tintindex": 0},
				"south": {"uv": [0, 6, 3, 7], "rotation": 90, "texture": "#1", "tintindex": 0},
				"west": {"uv": [0, 5, 3, 7], "rotation": 270, "texture": "#1", "tintindex": 0}
			}
		},
		{
			"from": [6.79263, 9.80821, 6.46374],
			"to": [7.09263, 10.16321, 6.96374],
			"rotation": {"angle": 0, "axis": "z", "origin": [7.03631, 9.9866, 6.68041]},
			"faces": {
				"north": {"uv": [0, 5, 3, 6], "rotation": 180, "texture": "#1", "tintindex": 0},
				"east": {"uv": [0, 1, 3, 2], "rotation": 180, "texture": "#1"},
				"south": {"uv": [0, 6, 3, 7], "rotation": 180, "texture": "#1", "tintindex": 0},
				"west": {"uv": [0, 0, 3, 1], "rotation": 180, "texture": "#1"}
			}
		},
		{
			"from": [6.74491, 9.13038, 6.46374],
			"to": [7.04491, 9.91538, 6.96374],
			"rotation": {"angle": 22.5, "axis": "z", "origin": [7.03631, 9.9866, 6.68041]},
			"faces": {
				"north": {"uv": [0, 5, 3, 6], "rotation": 270, "texture": "#1", "tintindex": 0},
				"east": {"uv": [0, 5, 3, 7], "rotation": 90, "texture": "#1", "tintindex": 0},
				"south": {"uv": [0, 6, 3, 7], "rotation": 90, "texture": "#1", "tintindex": 0},
				"west": {"uv": [0, 5, 3, 7], "rotation": 270, "texture": "#1", "tintindex": 0}
			}
		}
	],
	"display": {
		"thirdperson_righthand": {
			"rotation": [47, 270, 0],
			"translation": [-0.25, -0.5, -1],
			"scale": [2, 2, 2]
		},
		"firstperson_righthand": {
			"translation": [0, 2, 2],
			"scale": [1.5, 1.5, 1.5]
		},
		"ground": {
			"translation": [0, -3, 0.5],
			"scale": [2, 2, 2]
		},
		"gui": {
			"rotation": [30, 225, 0],
			"translation": [-0.75, -3.75, 0],
			"scale": [4, 4, 4]
		},
		"fixed": {
			"translation": [0, -4.75, -2],
			"scale": [4, 4, 4]
		}
	}
}