{
	"credit": "Made with Blockbench",
	"texture_size": [32, 32],
	"textures": {
		"1": "moguns:items/remington_870",
		"particle": "moguns:items/remington_870"
	},
	"elements": [
		{
			"name": "Grip 1",
			"from": [7.395, 1.55808, 14.87516],
			"to": [8.605, 3.26558, 17.68516],
			"rotation": {"angle": 22.5, "axis": "x", "origin": [8, 2.41183, 16.28016]},
			"faces": {
				"north": {"uv": [4.5, 1, 8, 3], "texture": "#1"},
				"east": {"uv": [4.5, 1, 7, 3], "texture": "#1"},
				"south": {"uv": [4.5, 1, 8, 3], "texture": "#1"},
				"west": {"uv": [7, 1, 10.5, 3], "texture": "#1"},
				"up": {"uv": [4.5, 1, 8, 2.5], "rotation": 90, "texture": "#1"},
				"down": {"uv": [0, 0, 2.5, 1.5], "rotation": 90, "texture": "#1"}
			}
		},
		{
			"name": "Grip 2",
			"from": [7.405, 1.48909, 14.2717],
			"to": [8.595, 3.19659, 14.7217],
			"rotation": {"angle": 22.5, "axis": "x", "origin": [8, 1.99159, 16.37684]},
			"faces": {
				"north": {"uv": [1, 9.5, 1.5, 11.5], "texture": "#1"},
				"east": {"uv": [1, 9.5, 1.5, 11.5], "texture": "#1"},
				"south": {"uv": [1, 9.5, 1.5, 11.5], "texture": "#1"},
				"west": {"uv": [1, 9.5, 1.5, 11.5], "texture": "#1"},
				"up": {"uv": [1, 9.5, 3.5, 10.5], "texture": "#1"},
				"down": {"uv": [1, 9.5, 1.5, 11.5], "texture": "#1"}
			}
		},
		{
			"name": "Grip 2",
			"from": [7.402, 0.948, 16.106],
			"to": [8.598, 1.798, 17.456],
			"rotation": {"angle": -22.5, "axis": "x", "origin": [8, 2.29954, 17.051]},
			"faces": {
				"north": {"uv": [0, 0, 1, 1], "rotation": 90, "texture": "#1"},
				"east": {"uv": [0, 0, 1, 1], "rotation": 90, "texture": "#1"},
				"south": {"uv": [0, 0, 1, 1], "rotation": 90, "texture": "#1"},
				"west": {"uv": [0, 0, 1, 1], "rotation": 90, "texture": "#1"},
				"up": {"uv": [0, 0, 1, 1], "rotation": 90, "texture": "#1"},
				"down": {"uv": [0, 0, 1, 1], "rotation": 90, "texture": "#1"}
			}
		},
		{
			"name": "Grip 3",
			"from": [7.403, 1.37833, 17.62525],
			"to": [8.597, 1.87833, 21.31525],
			"rotation": {"angle": 22.5, "axis": "x", "origin": [8, 1.29333, 17.50025]},
			"faces": {
				"north": {"uv": [0, 4.5, 3, 3.5], "texture": "#1"},
				"east": {"uv": [0, 4.5, 3, 3.5], "texture": "#1"},
				"south": {"uv": [0, 4.5, 3, 3.5], "texture": "#1"},
				"west": {"uv": [0, 4.5, 3, 3.5], "texture": "#1"},
				"up": {"uv": [0, 4.5, 3, 3.5], "texture": "#1"},
				"down": {"uv": [0, 4.5, 3, 3.5], "texture": "#1"}
			}
		},
		{
			"name": "Cube",
			"from": [7.401, 1.2852, 17.30847],
			"to": [8.599, 2.5302, 18.55847],
			"rotation": {"angle": -22.5, "axis": "x", "origin": [8, 1.3202, 16.94847]},
			"faces": {
				"north": {"uv": [12, 1, 13, 2.5], "texture": "#1"},
				"east": {"uv": [12, 1, 13, 2.5], "texture": "#1"},
				"south": {"uv": [12, 1, 13, 2.5], "texture": "#1"},
				"west": {"uv": [12, 1, 13, 2.5], "texture": "#1"},
				"up": {"uv": [13, 1, 14.5, 3], "rotation": 90, "texture": "#1"},
				"down": {"uv": [12, 1, 13, 2.5], "texture": "#1"}
			}
		},
		{
			"name": "Cube",
			"from": [7.4, 1.1902, 17.97347],
			"to": [8.6, 3.0552, 21.24847],
			"rotation": {"angle": 0, "axis": "y", "origin": [8, 1.3202, 16.94847]},
			"faces": {
				"north": {"uv": [0, 0, 0, 0], "rotation": 180, "texture": "#1"},
				"east": {"uv": [0, 2.5, 3, 4.5], "texture": "#1"},
				"south": {"uv": [5, 1, 4, 3.5], "texture": "#1"},
				"west": {"uv": [5.5, 3, 9.5, 1], "texture": "#1"},
				"up": {"uv": [4, 1, 0, 2.5], "rotation": 90, "texture": "#1"},
				"down": {"uv": [13, 0, 14, 3.5], "rotation": 180, "texture": "#1"}
			}
		},
		{
			"name": "Cube",
			"from": [7.4, 0.6552, 19.27347],
			"to": [8.6, 1.1902, 21.24847],
			"rotation": {"angle": 0, "axis": "y", "origin": [8, 1.3202, 16.94847]},
			"faces": {
				"north": {"uv": [0, 0, 0, 0], "rotation": 180, "texture": "#1"},
				"east": {"uv": [2.5, 2, 0, 2.5], "texture": "#1"},
				"south": {"uv": [1.5, 3, 0, 4], "texture": "#1"},
				"west": {"uv": [0, 1.5, 2.5, 2], "texture": "#1"},
				"up": {"uv": [11, 0, 12, 3.5], "texture": "#1"},
				"down": {"uv": [13, 0, 14, 3.5], "rotation": 180, "texture": "#1"}
			}
		},
		{
			"name": "Cube",
			"from": [7.4, 0.3752, 20.56847],
			"to": [8.6, 0.6552, 21.24847],
			"rotation": {"angle": 0, "axis": "y", "origin": [8, 1.3202, 16.94847]},
			"faces": {
				"north": {"uv": [4, 3.5, 3, 4], "texture": "#1"},
				"east": {"uv": [4, 3.5, 3, 4], "texture": "#1"},
				"south": {"uv": [4, 3.5, 3, 4], "texture": "#1"},
				"west": {"uv": [4, 3.5, 3, 4], "texture": "#1"},
				"up": {"uv": [4, 3.5, 3, 4], "texture": "#1"},
				"down": {"uv": [4, 3.5, 3, 4], "texture": "#1"}
			}
		},
		{
			"name": "Cube",
			"from": [7.402, 1.3352, 17.03847],
			"to": [8.598, 1.7502, 17.16347],
			"rotation": {"angle": -45, "axis": "x", "origin": [8, 1.3777, 17.64847]},
			"faces": {
				"north": {"uv": [12, 4, 13, 4.5], "rotation": 90, "texture": "#1"},
				"east": {"uv": [12, 4, 13, 4.5], "rotation": 90, "texture": "#1"},
				"south": {"uv": [12, 4, 13, 4.5], "rotation": 90, "texture": "#1"},
				"west": {"uv": [12, 4, 13, 4.5], "rotation": 90, "texture": "#1"},
				"up": {"uv": [12, 4, 13, 4.5], "rotation": 90, "texture": "#1"},
				"down": {"uv": [12, 4, 13, 4.5], "rotation": 90, "texture": "#1"}
			}
		},
		{
			"from": [7.6, 2.2, -1.57],
			"to": [8.4, 3, -0.97],
			"rotation": {"angle": 0, "axis": "x", "origin": [8, 2.6, 3.515]},
			"faces": {
				"north": {"uv": [7.5, 3.5, 6.5, 4.5], "texture": "#1", "tintindex": 0},
				"east": {"uv": [7.5, 3.5, 6.5, 4.5], "texture": "#1", "tintindex": 0},
				"south": {"uv": [7.5, 3.5, 6.5, 4.5], "texture": "#1", "tintindex": 0},
				"west": {"uv": [7.5, 3.5, 6.5, 4.5], "texture": "#1", "tintindex": 0},
				"up": {"uv": [7.5, 3.5, 6.5, 4.5], "texture": "#1", "tintindex": 0},
				"down": {"uv": [7.5, 3.5, 6.5, 4.5], "texture": "#1", "tintindex": 0}
			}
		},
		{
			"name": "Barrel 8",
			"from": [8.37071, 3.97071, -3.899],
			"to": [8.57071, 4.25271, 8.751],
			"rotation": {"angle": 45, "axis": "z", "origin": [8.5, 3.9, -5.1]},
			"faces": {
				"north": {"uv": [0, 5.5, 0.5, 7], "rotation": 180, "texture": "#1"},
				"east": {"uv": [0, 14, 16, 14.5], "rotation": 180, "texture": "#1"},
				"south": {"uv": [0, 2.5, 0.5, 3], "rotation": 180, "texture": "#1"},
				"west": {"uv": [0, 2.5, 0.5, 3], "rotation": 180, "texture": "#1"},
				"up": {"uv": [0, 2.5, 0.5, 3], "rotation": 180, "texture": "#1"},
				"down": {"uv": [0, 2.5, 0.5, 3], "rotation": 180, "texture": "#1"}
			}
		},
		{
			"name": "Barrel 7",
			"from": [8.25, 3.4, -3.9],
			"to": [8.5, 4, 8.75],
			"rotation": {"angle": 0, "axis": "y", "origin": [0, 0.1, -6.1]},
			"faces": {
				"north": {"uv": [0, 5.5, 0.5, 7], "rotation": 180, "texture": "#1"},
				"east": {"uv": [0, 14, 16, 14.5], "rotation": 180, "texture": "#1"},
				"south": {"uv": [0, 2.5, 0.5, 3], "rotation": 180, "texture": "#1"},
				"west": {"uv": [0, 6, 4.5, 6.5], "texture": "#1"},
				"up": {"uv": [0, 2.5, 0.5, 3], "rotation": 180, "texture": "#1"},
				"down": {"uv": [0, 2.5, 0.5, 3], "rotation": 180, "texture": "#1"}
			}
		},
		{
			"name": "Barrel 6",
			"from": [8.22929, 3.08871, -3.899],
			"to": [8.42929, 3.37071, 8.751],
			"rotation": {"angle": -45, "axis": "z", "origin": [8.5, 3.3, -5.1]},
			"faces": {
				"north": {"uv": [0, 5.5, 0.5, 7], "rotation": 180, "texture": "#1"},
				"east": {"uv": [0, 13, 16, 14], "rotation": 180, "texture": "#1"},
				"south": {"uv": [0, 2.5, 0.5, 3], "rotation": 180, "texture": "#1"},
				"west": {"uv": [0, 2.5, 0.5, 3], "rotation": 180, "texture": "#1"},
				"up": {"uv": [0, 2.5, 0.5, 3], "rotation": 180, "texture": "#1"},
				"down": {"uv": [0, 2.5, 0.5, 3], "rotation": 180, "texture": "#1"}
			}
		},
		{
			"name": "Barrel 5",
			"from": [7.7, 3.2, -3.9],
			"to": [8.3, 3.45, 8.75],
			"rotation": {"angle": 0, "axis": "y", "origin": [0, 0.1, -6.1]},
			"faces": {
				"north": {"uv": [0, 5.5, 0.5, 7], "texture": "#1"},
				"east": {"uv": [0, 13, 16, 14.5], "texture": "#1"},
				"south": {"uv": [0, 2.5, 0.5, 3], "texture": "#1"},
				"west": {"uv": [0, 2.5, 0.5, 3], "texture": "#1"},
				"up": {"uv": [0, 6, 4.5, 6.5], "rotation": 90, "texture": "#1"},
				"down": {"uv": [0, 13.5, 16, 14], "rotation": 270, "texture": "#1"}
			}
		},
		{
			"name": "Barrel 4",
			"from": [7.57071, 3.08871, -3.899],
			"to": [7.77071, 3.37071, 8.751],
			"rotation": {"angle": 45, "axis": "z", "origin": [7.5, 3.3, -5.1]},
			"faces": {
				"north": {"uv": [0, 5.5, 0.5, 7], "texture": "#1"},
				"east": {"uv": [0, 13, 16, 14.5], "texture": "#1"},
				"south": {"uv": [0, 2.5, 0.5, 3], "texture": "#1"},
				"west": {"uv": [0, 13.5, 16, 14], "texture": "#1"},
				"up": {"uv": [0, 2.5, 0.5, 3], "texture": "#1"},
				"down": {"uv": [0, 2.5, 0.5, 3], "texture": "#1"}
			}
		},
		{
			"name": "Barrel 3",
			"from": [7.5, 3.4, -3.9],
			"to": [7.75, 4, 8.75],
			"rotation": {"angle": 0, "axis": "y", "origin": [0, 0.1, -6.1]},
			"faces": {
				"north": {"uv": [0, 5.5, 0.5, 7], "texture": "#1"},
				"east": {"uv": [0, 13.5, 16, 14], "rotation": 180, "texture": "#1"},
				"south": {"uv": [0, 2.5, 0.5, 3], "texture": "#1"},
				"west": {"uv": [0, 13.5, 16, 13], "texture": "#1"},
				"up": {"uv": [0, 2.5, 0.5, 3], "texture": "#1"},
				"down": {"uv": [0, 2.5, 0.5, 3], "texture": "#1"}
			}
		},
		{
			"name": "Barrel 2",
			"from": [7.42929, 3.97071, -3.899],
			"to": [7.62929, 4.25271, 8.751],
			"rotation": {"angle": -45, "axis": "z", "origin": [7.5, 3.9, -5.1]},
			"faces": {
				"north": {"uv": [0, 5.5, 0.5, 7], "texture": "#1"},
				"east": {"uv": [0, 13, 16, 14.5], "texture": "#1"},
				"south": {"uv": [0, 2.5, 0.5, 3], "texture": "#1"},
				"west": {"uv": [0, 13, 16, 13.5], "texture": "#1"},
				"up": {"uv": [0, 2.5, 0.5, 3], "texture": "#1"},
				"down": {"uv": [0, 2.5, 0.5, 3], "texture": "#1"}
			}
		},
		{
			"name": "Barrel 1",
			"from": [7.7, 3.95, -3.9],
			"to": [8.3, 4.2, 8.75],
			"rotation": {"angle": 0, "axis": "y", "origin": [0, 0.1, -6.1]},
			"faces": {
				"north": {"uv": [0, 5.5, 0.5, 7], "texture": "#1"},
				"east": {"uv": [0, 13, 16, 14.5], "texture": "#1"},
				"south": {"uv": [0, 2.5, 0.5, 3], "texture": "#1"},
				"west": {"uv": [0, 2.5, 0.5, 3], "texture": "#1"},
				"up": {"uv": [0, 13, 16, 13.5], "rotation": 90, "texture": "#1"},
				"down": {"uv": [4.5, 6, 0, 6.5], "rotation": 90, "texture": "#1"}
			}
		},
		{
			"from": [7.7, 2.3, -1.67],
			"to": [8.3, 2.9, 8.7],
			"rotation": {"angle": 0, "axis": "x", "origin": [8, 2.6, 3.515]},
			"faces": {
				"north": {"uv": [0.5, 11.5, 0, 12.5], "texture": "#1", "tintindex": 0},
				"east": {"uv": [11, 11.5, 0, 12.5], "texture": "#1", "tintindex": 0},
				"south": {"uv": [11, 11.5, 0, 12.5], "texture": "#1", "tintindex": 0},
				"west": {"uv": [11, 12, 0, 13], "rotation": 180, "texture": "#1", "tintindex": 0},
				"up": {"uv": [11, 13, 0, 12.5], "texture": "#1", "tintindex": 0},
				"down": {"uv": [11, 12, 0, 11.5], "rotation": 90, "texture": "#1", "tintindex": 0}
			}
		},
		{
			"from": [7.8, 3, -1.57],
			"to": [8.2, 3.2, -0.97],
			"rotation": {"angle": 0, "axis": "x", "origin": [8, 2.6, 3.515]},
			"faces": {
				"north": {"uv": [7.5, 3.5, 6.5, 4.5], "texture": "#1", "tintindex": 0},
				"east": {"uv": [7.5, 3.5, 6.5, 4.5], "texture": "#1", "tintindex": 0},
				"south": {"uv": [7.5, 3.5, 6.5, 4.5], "texture": "#1", "tintindex": 0},
				"west": {"uv": [7.5, 3.5, 6.5, 4.5], "texture": "#1", "tintindex": 0},
				"up": {"uv": [7.5, 3.5, 6.5, 4.5], "texture": "#1", "tintindex": 0},
				"down": {"uv": [7.5, 3.5, 6.5, 4.5], "texture": "#1", "tintindex": 0}
			}
		},
		{
			"from": [7.8, 2.9, 5.93],
			"to": [8.2, 3.2, 8.73],
			"rotation": {"angle": 0, "axis": "x", "origin": [8, 2.6, 3.515]},
			"faces": {
				"north": {"uv": [7.5, 3.5, 6.5, 4.5], "texture": "#1", "tintindex": 0},
				"east": {"uv": [7.5, 3.5, 6.5, 4.5], "texture": "#1", "tintindex": 0},
				"south": {"uv": [7.5, 3.5, 6.5, 4.5], "texture": "#1", "tintindex": 0},
				"west": {"uv": [7.5, 3.5, 6.5, 4.5], "texture": "#1", "tintindex": 0},
				"up": {"uv": [7.5, 3.5, 6.5, 4.5], "texture": "#1", "tintindex": 0},
				"down": {"uv": [7.5, 3.5, 6.5, 4.5], "texture": "#1", "tintindex": 0}
			}
		},
		{
			"from": [7.6, 2.2, 1.83],
			"to": [8.4, 3, 5.93],
			"rotation": {"angle": 0, "axis": "x", "origin": [8, 2.6, 3.515]},
			"faces": {
				"north": {"uv": [1.5, 0.5, 2.5, 2], "texture": "#1"},
				"east": {"uv": [7, 2.5, 11.5, 3.5], "texture": "#1", "tintindex": 0},
				"south": {"uv": [0, 0, 0.5, 2], "texture": "#1"},
				"west": {"uv": [10, 1.5, 14.5, 2.5], "texture": "#1", "tintindex": 0},
				"up": {"uv": [0, 0, 3.5, 1], "texture": "#1"},
				"down": {"uv": [0, 2.5, 6.5, 3.5], "texture": "#1", "tintindex": 0}
			}
		},
		{
			"from": [8.27, 2.3, 1.83],
			"to": [8.57, 2.6, 5.93],
			"rotation": {"angle": -45, "axis": "z", "origin": [8, 2.6, 3.88]},
			"faces": {
				"north": {"uv": [0, 0, 0.5, 0.5], "texture": "#1"},
				"east": {"uv": [1, 0, 6.5, 0.5], "texture": "#1", "tintindex": 0},
				"south": {"uv": [0, 1.5, 0.5, 2], "texture": "#1"},
				"west": {"uv": [10.5, 3.5, 16, 4.5], "texture": "#1", "tintindex": 0},
				"up": {"uv": [0, 0, 1, 1], "texture": "#1"},
				"down": {"uv": [0, 2.5, 6.5, 3.5], "texture": "#1", "tintindex": 0}
			}
		},
		{
			"from": [7.43, 2.3, 1.83],
			"to": [7.73, 2.6, 5.93],
			"rotation": {"angle": 45, "axis": "z", "origin": [8, 2.6, 3.88]},
			"faces": {
				"north": {"uv": [0, 0, 0.5, 0.5], "texture": "#1"},
				"east": {"uv": [7, 2.5, 12.5, 3.5], "texture": "#1", "tintindex": 0},
				"south": {"uv": [0, 1.5, 0.5, 2], "texture": "#1"},
				"west": {"uv": [0, 1, 5.5, 1.5], "texture": "#1", "tintindex": 0},
				"up": {"uv": [1, 0, 0, 1], "texture": "#1"},
				"down": {"uv": [6.5, 2.5, 0, 3.5], "texture": "#1", "tintindex": 0}
			}
		},
		{
			"from": [7.81, 1.985, 1.83],
			"to": [8.19, 2.175, 5.93],
			"rotation": {"angle": 0, "axis": "x", "origin": [8, 2.6, 3.515]},
			"faces": {
				"north": {"uv": [0, 0, 0.5, 0.5], "texture": "#1"},
				"east": {"uv": [7, 2.5, 12.5, 3.5], "texture": "#1", "tintindex": 0},
				"south": {"uv": [0.5, 1.5, 1, 2], "texture": "#1"},
				"west": {"uv": [10.5, 3.5, 16, 4.5], "texture": "#1", "tintindex": 0},
				"up": {"uv": [0, 0, 1, 1], "texture": "#1"},
				"down": {"uv": [0, 1, 0.5, 3.5], "texture": "#1", "tintindex": 0}
			}
		},
		{
			"name": "Barrel 2",
			"from": [7.95, 4.1, -3.7],
			"to": [8.05, 4.3, -3.5],
			"rotation": {"angle": 45, "axis": "x", "origin": [8, 4.2, -3.6]},
			"faces": {
				"north": {"uv": [5.5, 4.5, 6.5, 5], "rotation": 90, "texture": "#1"},
				"east": {"uv": [5.5, 4.5, 6.5, 5], "rotation": 90, "texture": "#1"},
				"south": {"uv": [5.5, 4.5, 6.5, 5], "rotation": 90, "texture": "#1"},
				"west": {"uv": [5.5, 4.5, 6.5, 5], "rotation": 90, "texture": "#1"},
				"up": {"uv": [5.5, 4.5, 6.5, 5], "rotation": 90, "texture": "#1"},
				"down": {"uv": [5.5, 4.5, 6.5, 5], "rotation": 90, "texture": "#1"}
			}
		},
		{
			"from": [7.81, 3.025, 1.83],
			"to": [8.19, 3.215, 5.93],
			"rotation": {"angle": 0, "axis": "x", "origin": [8, 2.6, 3.515]},
			"faces": {
				"north": {"uv": [0, 0, 0.5, 0.5], "texture": "#1"},
				"east": {"uv": [7, 3.5, 12.5, 2.5], "texture": "#1", "tintindex": 0},
				"south": {"uv": [0.5, 2, 1, 1.5], "texture": "#1"},
				"west": {"uv": [10.5, 4.5, 16, 3.5], "texture": "#1", "tintindex": 0},
				"up": {"uv": [0, 3.5, 0.5, 1], "texture": "#1", "tintindex": 0},
				"down": {"uv": [0, 1, 1, 0], "texture": "#1"}
			}
		},
		{
			"from": [8.27, 2.6, 1.83],
			"to": [8.57, 2.9, 5.93],
			"rotation": {"angle": 45, "axis": "z", "origin": [8, 2.6, 3.88]},
			"faces": {
				"north": {"uv": [0, 0, 0.5, 0.5], "texture": "#1"},
				"east": {"uv": [1, 0.5, 6.5, 0], "texture": "#1", "tintindex": 0},
				"south": {"uv": [0, 2, 0.5, 1.5], "texture": "#1"},
				"west": {"uv": [10.5, 4.5, 16, 3.5], "texture": "#1", "tintindex": 0},
				"up": {"uv": [0, 3.5, 6.5, 2.5], "texture": "#1", "tintindex": 0},
				"down": {"uv": [0, 1, 1, 0], "texture": "#1"}
			}
		},
		{
			"from": [7.43, 2.6, 1.83],
			"to": [7.73, 2.9, 5.93],
			"rotation": {"angle": -45, "axis": "z", "origin": [8, 2.6, 3.88]},
			"faces": {
				"north": {"uv": [0, 0, 0.5, 0.5], "texture": "#1"},
				"east": {"uv": [7, 3.5, 12.5, 2.5], "texture": "#1", "tintindex": 0},
				"south": {"uv": [0, 2, 0.5, 1.5], "texture": "#1"},
				"west": {"uv": [0, 1.5, 5.5, 1], "texture": "#1", "tintindex": 0},
				"up": {"uv": [6.5, 3.5, 0, 2.5], "texture": "#1", "tintindex": 0},
				"down": {"uv": [1, 1, 0, 0], "texture": "#1"}
			}
		},
		{
			"from": [7.7, 1.25032, 13.61477],
			"to": [8.3, 1.65032, 14.46977],
			"rotation": {"angle": 0, "axis": "y", "origin": [7.5, 7.95032, 7.86977]},
			"faces": {
				"north": {"uv": [5.5, 4.5, 6.5, 4], "texture": "#1"},
				"east": {"uv": [5.5, 4.5, 6.5, 4], "texture": "#1"},
				"south": {"uv": [5.5, 4.5, 6.5, 4], "texture": "#1"},
				"west": {"uv": [5.5, 4.5, 6.5, 4], "texture": "#1"},
				"up": {"uv": [5.5, 4.5, 6.5, 4], "texture": "#1"},
				"down": {"uv": [5.5, 4.5, 6.5, 4], "texture": "#1"}
			}
		},
		{
			"from": [7.7, 0.98, 14.27477],
			"to": [8.3, 1.38, 14.72977],
			"rotation": {"angle": -45, "axis": "x", "origin": [8, 1.35032, 14.04227]},
			"faces": {
				"north": {"uv": [5.5, 4.5, 6.5, 4], "texture": "#1"},
				"east": {"uv": [5.5, 4.5, 6.5, 4], "texture": "#1"},
				"south": {"uv": [5.5, 4.5, 6.5, 4], "texture": "#1"},
				"west": {"uv": [5.5, 4.5, 6.5, 4], "texture": "#1"},
				"up": {"uv": [5.5, 4.5, 6.5, 4], "texture": "#1"},
				"down": {"uv": [5.5, 4.5, 6.5, 4], "texture": "#1"}
			}
		},
		{
			"from": [7.7, 1.57035, 14.39128],
			"to": [8.3, 2.20035, 14.79128],
			"rotation": {"angle": 0, "axis": "x", "origin": [8, 1.45285, 14.49128]},
			"faces": {
				"north": {"uv": [5.5, 4.5, 6.5, 4], "texture": "#1"},
				"east": {"uv": [5.5, 4.5, 6.5, 4], "texture": "#1"},
				"south": {"uv": [5.5, 4.5, 6.5, 4], "texture": "#1"},
				"west": {"uv": [5.5, 4.5, 6.5, 4], "texture": "#1"},
				"up": {"uv": [5.5, 4.5, 6.5, 4], "texture": "#1"},
				"down": {"uv": [5.5, 4.5, 6.5, 4], "texture": "#1"}
			}
		},
		{
			"from": [7.7, 1.78035, 13.09128],
			"to": [8.3, 2.20035, 13.40128],
			"rotation": {"angle": 0, "axis": "x", "origin": [8, 1.45285, 14.49128]},
			"faces": {
				"north": {"uv": [5.5, 4.5, 6.5, 4], "texture": "#1"},
				"east": {"uv": [5.5, 4.5, 6.5, 4], "texture": "#1"},
				"south": {"uv": [5.5, 4.5, 6.5, 4], "texture": "#1"},
				"west": {"uv": [5.5, 4.5, 6.5, 4], "texture": "#1"},
				"up": {"uv": [5.5, 4.5, 6.5, 4], "texture": "#1"},
				"down": {"uv": [5.5, 4.5, 6.5, 4], "texture": "#1"}
			}
		},
		{
			"from": [7.701, 0.96032, 13.82477],
			"to": [8.299, 2.55032, 14.22477],
			"rotation": {"angle": -45, "axis": "x", "origin": [7.6, 0.85032, 13.36977]},
			"faces": {
				"north": {"uv": [5.5, 4.5, 6.5, 4], "texture": "#1"},
				"east": {"uv": [5.5, 4.5, 6.5, 4], "texture": "#1"},
				"south": {"uv": [5.5, 4.5, 6.5, 4], "texture": "#1"},
				"west": {"uv": [5.5, 4.5, 6.5, 4], "texture": "#1"},
				"up": {"uv": [5.5, 4.5, 6.5, 4], "texture": "#1"},
				"down": {"uv": [5.5, 4.5, 6.5, 4], "texture": "#1"}
			}
		},
		{
			"from": [7.8, 1.875, 14.025],
			"to": [8.2, 2.3, 14.25],
			"rotation": {"angle": 0, "axis": "y", "origin": [0, 0, -0.3]},
			"faces": {
				"north": {"uv": [5.5, 4.5, 6.5, 4], "texture": "#1"},
				"east": {"uv": [5.5, 4.5, 6.5, 4], "texture": "#1"},
				"south": {"uv": [5.5, 4.5, 6.5, 4], "texture": "#1"},
				"west": {"uv": [5.5, 4.5, 6.5, 4], "texture": "#1"},
				"up": {"uv": [5.5, 4.5, 6.5, 4], "texture": "#1"},
				"down": {"uv": [5.5, 4.5, 6.5, 4], "texture": "#1"}
			}
		},
		{
			"from": [7.401, 2.2, 11.3],
			"to": [8.599, 2.7, 12.2],
			"rotation": {"angle": 45, "axis": "x", "origin": [8, 2.2, 12.2]},
			"faces": {
				"north": {"uv": [0, 0, 0, 0], "texture": "#1"},
				"east": {"uv": [0.5, 1.5, 0, 2.5], "texture": "#1", "tintindex": 0},
				"south": {"uv": [0, 0, 0, 0], "texture": "#1"},
				"west": {"uv": [0, 1.5, 0.5, 2.5], "texture": "#1", "tintindex": 0},
				"up": {"uv": [0, 0, 0, 0], "texture": "#1"},
				"down": {"uv": [0, 1.5, 0.5, 2.5], "texture": "#1", "tintindex": 0}
			}
		},
		{
			"from": [7.4, 2.2, 8.7],
			"to": [8.6, 3.91, 14.895],
			"rotation": {"angle": 0, "axis": "x", "origin": [8, 7.9, 2]},
			"faces": {
				"north": {"uv": [4.5, 9.5, 5.5, 10.5], "texture": "#1"},
				"east": {"uv": [5.5, 9.5, 9, 11.5], "texture": "#1", "tintindex": 0},
				"south": {"uv": [0, 6, 0.5, 7], "texture": "#1"},
				"west": {"uv": [1, 9.5, 4.5, 11.5], "texture": "#1", "tintindex": 0},
				"up": {"uv": [0, 0, 2, 1], "texture": "#1"},
				"down": {"uv": [0, 7, 6, 8.5], "rotation": 90, "texture": "#1", "tintindex": 0}
			}
		},
		{
			"from": [7.8, 3, 9.5],
			"to": [8.595, 3, 11.395],
			"rotation": {"angle": 0, "axis": "x", "origin": [8, 7.9, 2]},
			"faces": {
				"north": {"uv": [6.5, 3.5, 7.5, 4.5], "texture": "#1", "tintindex": 0},
				"east": {"uv": [6.5, 3.5, 7.5, 4.5], "texture": "#1", "tintindex": 0},
				"south": {"uv": [6.5, 3.5, 7.5, 4.5], "texture": "#1", "tintindex": 0},
				"west": {"uv": [6.5, 3.5, 7.5, 4.5], "texture": "#1", "tintindex": 0},
				"up": {"uv": [6.5, 3.5, 7.5, 4.5], "texture": "#1", "tintindex": 0},
				"down": {"uv": [6.5, 3.5, 7.5, 4.5], "texture": "#1", "tintindex": 0}
			}
		},
		{
			"from": [7.8, 3, 9.5],
			"to": [7.8, 3.6, 11.395],
			"rotation": {"angle": 0, "axis": "x", "origin": [8, 7.9, 2]},
			"faces": {
				"north": {"uv": [6.5, 3.5, 7.5, 4.5], "texture": "#1", "tintindex": 0},
				"east": {"uv": [6.5, 3.5, 7.5, 4.5], "texture": "#1", "tintindex": 0},
				"south": {"uv": [6.5, 3.5, 7.5, 4.5], "texture": "#1", "tintindex": 0},
				"west": {"uv": [6.5, 3.5, 7.5, 4.5], "texture": "#1", "tintindex": 0},
				"up": {"uv": [6.5, 3.5, 7.5, 4.5], "texture": "#1", "tintindex": 0},
				"down": {"uv": [6.5, 3.5, 7.5, 4.5], "texture": "#1", "tintindex": 0}
			}
		},
		{
			"from": [7.8, 3.6, 9.5],
			"to": [8.5, 3.6, 11.395],
			"rotation": {"angle": 0, "axis": "x", "origin": [8, 7.9, 2]},
			"faces": {
				"north": {"uv": [6.5, 3.5, 7.5, 4.5], "texture": "#1", "tintindex": 0},
				"east": {"uv": [6.5, 3.5, 7.5, 4.5], "texture": "#1", "tintindex": 0},
				"south": {"uv": [6.5, 3.5, 7.5, 4.5], "texture": "#1", "tintindex": 0},
				"west": {"uv": [6.5, 3.5, 7.5, 4.5], "texture": "#1", "tintindex": 0},
				"up": {"uv": [6.5, 3.5, 7.5, 4.5], "texture": "#1", "tintindex": 0},
				"down": {"uv": [6.5, 3.5, 7.5, 4.5], "texture": "#1", "tintindex": 0}
			}
		},
		{
			"from": [7.8, 3, 11.395],
			"to": [8.59, 3.6, 11.395],
			"rotation": {"angle": 0, "axis": "x", "origin": [8, 7.9, 2]},
			"faces": {
				"north": {"uv": [6.5, 3.5, 7.5, 4.5], "texture": "#1", "tintindex": 0},
				"east": {"uv": [6.5, 3.5, 7.5, 4.5], "texture": "#1", "tintindex": 0},
				"south": {"uv": [6.5, 3.5, 7.5, 4.5], "texture": "#1", "tintindex": 0},
				"west": {"uv": [6.5, 3.5, 7.5, 4.5], "texture": "#1", "tintindex": 0},
				"up": {"uv": [6.5, 3.5, 7.5, 4.5], "texture": "#1", "tintindex": 0},
				"down": {"uv": [6.5, 3.5, 7.5, 4.5], "texture": "#1", "tintindex": 0}
			}
		},
		{
			"from": [7.8, 3, 9.495],
			"to": [8.585, 3.6, 9.495],
			"rotation": {"angle": 0, "axis": "x", "origin": [8, 7.9, 2]},
			"faces": {
				"north": {"uv": [6.5, 3.5, 7.5, 4.5], "texture": "#1", "tintindex": 0},
				"east": {"uv": [6.5, 3.5, 7.5, 4.5], "texture": "#1", "tintindex": 0},
				"south": {"uv": [6.5, 3.5, 7.5, 4.5], "texture": "#1", "tintindex": 0},
				"west": {"uv": [6.5, 3.5, 7.5, 4.5], "texture": "#1", "tintindex": 0},
				"up": {"uv": [6.5, 3.5, 7.5, 4.5], "texture": "#1", "tintindex": 0},
				"down": {"uv": [6.5, 3.5, 7.5, 4.5], "texture": "#1", "tintindex": 0}
			}
		},
		{
			"from": [7.8, 3.91, 8.7],
			"to": [8.2, 4.31, 14.895],
			"rotation": {"angle": 0, "axis": "x", "origin": [8, 8, 2]},
			"faces": {
				"north": {"uv": [6.5, 3.5, 7.5, 4.5], "texture": "#1"},
				"east": {"uv": [6.5, 3.5, 7.5, 4.5], "texture": "#1"},
				"south": {"uv": [6.5, 3.5, 7.5, 4.5], "texture": "#1"},
				"west": {"uv": [6.5, 3.5, 7.5, 4.5], "texture": "#1"},
				"up": {"uv": [6.5, 3.5, 7.5, 4.5], "texture": "#1"},
				"down": {"uv": [6.5, 3.5, 7.5, 4.5], "texture": "#1"}
			}
		},
		{
			"from": [8, 3.995, 8.7],
			"to": [8.565, 4.395, 14.895],
			"rotation": {"angle": -45, "axis": "z", "origin": [8, 4.11, 11.4375]},
			"faces": {
				"north": {"uv": [6.5, 3.5, 7.5, 4.5], "texture": "#1"},
				"east": {"uv": [6.5, 3.5, 7.5, 4.5], "texture": "#1"},
				"south": {"uv": [6.5, 3.5, 7.5, 4.5], "texture": "#1"},
				"west": {"uv": [6.5, 3.5, 7.5, 4.5], "texture": "#1"},
				"up": {"uv": [6.5, 3.5, 7.5, 4.5], "texture": "#1"},
				"down": {"uv": [6.5, 3.5, 7.5, 4.5], "texture": "#1"}
			}
		},
		{
			"from": [7.435, 3.995, 8.7],
			"to": [8, 4.395, 14.895],
			"rotation": {"angle": 45, "axis": "z", "origin": [8, 4.11, 11.4375]},
			"faces": {
				"north": {"uv": [7.5, 3.5, 6.5, 4.5], "texture": "#1"},
				"east": {"uv": [7.5, 3.5, 6.5, 4.5], "texture": "#1"},
				"south": {"uv": [7.5, 3.5, 6.5, 4.5], "texture": "#1"},
				"west": {"uv": [7.5, 3.5, 6.5, 4.5], "texture": "#1"},
				"up": {"uv": [7.5, 3.5, 6.5, 4.5], "texture": "#1"},
				"down": {"uv": [7.5, 3.5, 6.5, 4.5], "texture": "#1"}
			}
		}
	],
	"display": {
		"thirdperson_righthand": {
			"translation": [0, 6, -7.5],
			"scale": [1.1, 1.1, 1.1]
		},
		"firstperson_righthand": {
			"translation": [-3.5, 8.5, 0],
			"scale": [0.8, 0.8, 0.8]
		},
		"ground": {
			"translation": [0, 5, -3.25]
		},
		"gui": {
			"rotation": [30, 225, 0],
			"translation": [2, 2.5, 0],
			"scale": [0.9, 0.9, 0.9]
		},
		"fixed": {
			"rotation": [0, 90, 0],
			"translation": [-6.25, 12, -2],
			"scale": [2, 2, 2]
		}
	},
	"groups": [
		{
			"name": "Stock",
			"origin": [8, 1.3777, 17.64847],
			"color": 0,
			"children": [0, 1, 2, 3, 4, 5, 6, 7, 8]
		},
		{
			"name": "Barrel",
			"origin": [8, 2.6, 3.88],
			"color": 0,
			"children": [9, 10, 11, 12, 13, 14, 15, 16, 17, 18, 19, 20, 21, 22, 23, 24, 25, 26, 27, 28]
		},
		{
			"name": "Trigger",
			"origin": [0, 0, -0.3],
			"color": 0,
			"children": [29, 30, 31, 32, 33, 34]
		},
		{
			"name": "Receiver",
			"origin": [8, 4.11, 11.4375],
			"color": 0,
			"children": [35, 36, 37, 38, 39, 40, 41, 42, 43, 44]
		}
	]
}