{
	"credit": "Made with Blockbench",
	"texture_size": [32, 32],
	"textures": {
		"2": "moguns:items/scar_l",
		"particle": "moguns:items/scar_l"
	},
	"elements": [
		{
			"name": "Handguard 1",
			"from": [7, 4.1, 7.95],
			"to": [8.3, 4.3, 8.15],
			"faces": {
				"north": {"uv": [9.5, 7, 10, 7.5], "texture": "#2"},
				"east": {"uv": [9.5, 7, 10, 7.5], "texture": "#2"},
				"south": {"uv": [9.5, 7, 10, 7.5], "texture": "#2"},
				"west": {"uv": [9.5, 7, 10, 7.5], "texture": "#2"},
				"up": {"uv": [9.5, 7, 10, 7.5], "texture": "#2"},
				"down": {"uv": [9.5, 7, 10, 7.5], "texture": "#2"}
			}
		}
	],
	"display": {
		"thirdperson_righthand": {
			"translation": [0, 6.5, -6.75],
			"scale": [1.1, 1.1, 1.1]
		},
		"firstperson_righthand": {
			"translation": [-3.5, 8.5, 0],
			"scale": [0.8, 0.8, 0.8]
		},
		"firstperson_lefthand": {
			"translation": [3.75, -3.25, 0]
		},
		"ground": {
			"translation": [0, 5, -1]
		},
		"gui": {
			"rotation": [30, 225, 0],
			"translation": [1.25, 4.5, 0],
			"scale": [1.2, 1.2, 1.2]
		},
		"fixed": {
			"rotation": [0, 90, 0],
			"translation": [-3.25, 11.25, -2],
			"scale": [2, 2, 2]
		}
	},
	"groups": [
		{
			"name": "Barrel",
			"origin": [8, 8, 8],
			"color": 0,
			"children": []
		},
		{
			"name": "Grip",
			"origin": [8, 8, 8],
			"color": 0,
			"children": []
		},
		{
			"name": "Handguard",
			"origin": [8, 8, 8],
			"color": 0,
			"children": [0]
		},
		{
			"name": "Magazine",
			"origin": [8, 8, 8],
			"color": 0,
			"children": []
		},
		{
			"name": "Receiver",
			"origin": [8, 8, 8],
			"color": 0,
			"children": []
		}
	]
}