{
	"credit": "Made with Blockbench",
	"texture_size": [32, 32],
	"textures": {
		"2": "moguns:items/scar_h",
		"particle": "moguns:items/scar_h"
	},
	"elements": [
		{
			"name": "Barrel 1",
			"from": [7.7, 3.85, -1.4],
			"to": [8.3, 4.1, 5],
			"rotation": {"angle": 0, "axis": "y", "origin": [0, 0, -3]},
			"faces": {
				"north": {"uv": [7.5, 13, 8, 13.5], "texture": "#2"},
				"east": {"uv": [0, 0, 0, 0], "texture": "#2"},
				"south": {"uv": [0, 0, 0, 0], "texture": "#2"},
				"west": {"uv": [0, 0, 0, 0], "texture": "#2"},
				"up": {"uv": [7.5, 13.5, 16, 14], "rotation": 90, "texture": "#2"},
				"down": {"uv": [8, 13, 7.5, 13.5], "texture": "#2"}
			}
		},
		{
			"name": "Barrel 2",
			"from": [7.42929, 3.87071, -1.399],
			"to": [7.62929, 4.15271, 5.001],
			"rotation": {"angle": -45, "axis": "z", "origin": [7.5, 3.8, -2]},
			"faces": {
				"north": {"uv": [7.5, 13, 8, 13.5], "texture": "#2"},
				"east": {"uv": [0, 0, 0, 0], "texture": "#2"},
				"south": {"uv": [0, 0, 0, 0], "texture": "#2"},
				"west": {"uv": [7.5, 14, 16, 14.5], "texture": "#2"},
				"up": {"uv": [0, 0, 0, 0], "texture": "#2"},
				"down": {"uv": [0, 0, 0, 0], "texture": "#2"}
			}
		},
		{
			"name": "Barrel 3",
			"from": [7.5, 3.3, -1.4],
			"to": [7.75, 3.9, 5],
			"rotation": {"angle": 0, "axis": "y", "origin": [0, 0, -3]},
			"faces": {
				"north": {"uv": [7.5, 13, 8, 13.5], "texture": "#2"},
				"east": {"uv": [7.5, 13, 8, 13.5], "texture": "#2"},
				"south": {"uv": [0, 0, 0, 0], "texture": "#2"},
				"west": {"uv": [7.5, 14.5, 16, 15], "texture": "#2"},
				"up": {"uv": [0, 0, 0, 0], "texture": "#2"},
				"down": {"uv": [0, 0, 0, 0], "texture": "#2"}
			}
		},
		{
			"name": "Barrel 4",
			"from": [7.57071, 2.98871, -1.399],
			"to": [7.77071, 3.27071, 5.001],
			"rotation": {"angle": 45, "axis": "z", "origin": [7.5, 3.2, -2]},
			"faces": {
				"north": {"uv": [7.5, 13, 8, 13.5], "texture": "#2"},
				"east": {"uv": [0, 0, 0, 0], "texture": "#2"},
				"south": {"uv": [0, 0, 0, 0], "texture": "#2"},
				"west": {"uv": [7.5, 15, 16, 15.5], "texture": "#2"},
				"up": {"uv": [0, 0, 0, 0], "texture": "#2"},
				"down": {"uv": [0, 0, 0, 0], "texture": "#2"}
			}
		},
		{
			"name": "Barrel 5",
			"from": [7.7, 3.1, -1.4],
			"to": [8.3, 3.35, 5],
			"rotation": {"angle": 0, "axis": "y", "origin": [0, 0, -3]},
			"faces": {
				"north": {"uv": [7.5, 13, 8, 13.5], "texture": "#2"},
				"east": {"uv": [0, 0, 0, 0], "texture": "#2"},
				"south": {"uv": [0, 0, 0, 0], "texture": "#2"},
				"west": {"uv": [0, 0, 0, 0], "texture": "#2"},
				"up": {"uv": [8, 13.5, 7.5, 13], "texture": "#2"},
				"down": {"uv": [7.5, 15.5, 16, 16], "rotation": 270, "texture": "#2"}
			}
		},
		{
			"name": "Barrel 6",
			"from": [8.22929, 2.98871, -1.399],
			"to": [8.42929, 3.27071, 5.001],
			"rotation": {"angle": -45, "axis": "z", "origin": [8.5, 3.2, -2]},
			"faces": {
				"north": {"uv": [7.5, 13, 8, 13.5], "texture": "#2"},
				"east": {"uv": [7.5, 15, 16, 15.5], "rotation": 180, "texture": "#2"},
				"south": {"uv": [0, 0, 0, 0], "texture": "#2"},
				"west": {"uv": [0, 0, 0, 0], "texture": "#2"},
				"up": {"uv": [0, 0, 0, 0], "texture": "#2"},
				"down": {"uv": [0, 0, 0, 0], "texture": "#2"}
			}
		},
		{
			"name": "Barrel 7",
			"from": [8.25, 3.3, -1.4],
			"to": [8.5, 3.9, 5],
			"rotation": {"angle": 0, "axis": "y", "origin": [0, 0, -3]},
			"faces": {
				"north": {"uv": [7.5, 13, 8, 13.5], "texture": "#2"},
				"east": {"uv": [7.5, 14.5, 16, 15], "rotation": 180, "texture": "#2"},
				"south": {"uv": [0, 0, 0, 0], "texture": "#2"},
				"west": {"uv": [7.5, 13, 8, 13.5], "texture": "#2"},
				"up": {"uv": [0, 0, 0, 0], "texture": "#2"},
				"down": {"uv": [0, 0, 0, 0], "texture": "#2"}
			}
		},
		{
			"name": "Barrel 8",
			"from": [8.37071, 3.87071, -1.399],
			"to": [8.57071, 4.15271, 5.001],
			"rotation": {"angle": 45, "axis": "z", "origin": [8.5, 3.8, -2]},
			"faces": {
				"north": {"uv": [7.5, 13, 8, 13.5], "texture": "#2"},
				"east": {"uv": [7.5, 14, 16, 14.5], "rotation": 180, "texture": "#2"},
				"south": {"uv": [0, 0, 0, 0], "texture": "#2"},
				"west": {"uv": [0, 0, 0, 0], "texture": "#2"},
				"up": {"uv": [0, 0, 0, 0], "texture": "#2"},
				"down": {"uv": [0, 0, 0, 0], "texture": "#2"}
			}
		},
		{
			"name": "Barrel 9",
			"from": [7.7, 3.9, 4.1],
			"to": [8.3, 4.36667, 4.8],
			"faces": {
				"north": {"uv": [7, 7, 7.5, 7.5], "texture": "#2"},
				"east": {"uv": [7, 7, 7.5, 7.5], "texture": "#2"},
				"south": {"uv": [7, 7, 7.5, 7.5], "texture": "#2"},
				"west": {"uv": [7, 7, 7.5, 7.5], "texture": "#2"},
				"up": {"uv": [7, 7, 7.5, 7.5], "texture": "#2"},
				"down": {"uv": [7, 7, 7.5, 7.5], "texture": "#2"}
			}
		},
		{
			"name": "Barrel 10",
			"from": [7.32929, 3.77071, 4.101],
			"to": [7.42929, 4.25271, 4.801],
			"rotation": {"angle": -45, "axis": "z", "origin": [7.5, 3.8, 1]},
			"faces": {
				"north": {"uv": [4.5, 13.5, 6.5, 14], "texture": "#2"},
				"east": {"uv": [4.5, 13.5, 6.5, 14], "texture": "#2"},
				"south": {"uv": [4.5, 13.5, 6.5, 14], "texture": "#2"},
				"west": {"uv": [4.5, 13.5, 6.5, 14], "texture": "#2"},
				"up": {"uv": [4.5, 13.5, 6.5, 14], "texture": "#2"},
				"down": {"uv": [4.5, 13.5, 6.5, 14], "texture": "#2"}
			}
		},
		{
			"name": "Barrel 11",
			"from": [7.35556, 3.3, 4.1],
			"to": [7.50556, 3.9, 4.8],
			"faces": {
				"north": {"uv": [7, 13, 7.5, 13.5], "texture": "#2"},
				"east": {"uv": [7, 13, 7.5, 13.5], "texture": "#2"},
				"south": {"uv": [7, 13, 7.5, 13.5], "texture": "#2"},
				"west": {"uv": [7, 13, 7.5, 13.5], "texture": "#2"},
				"up": {"uv": [7, 13, 7.5, 13.5], "texture": "#2"},
				"down": {"uv": [7, 13, 7.5, 13.5], "texture": "#2"}
			}
		},
		{
			"name": "Barrel 12",
			"from": [7.47071, 2.88871, 4.101],
			"to": [7.57071, 3.37071, 4.801],
			"rotation": {"angle": 45, "axis": "z", "origin": [7.5, 3.2, 1]},
			"faces": {
				"north": {"uv": [3.5, 13, 5, 13.5], "texture": "#2"},
				"east": {"uv": [3.5, 13, 5, 13.5], "texture": "#2"},
				"south": {"uv": [3.5, 13, 5, 13.5], "texture": "#2"},
				"west": {"uv": [3.5, 13, 5, 13.5], "texture": "#2"},
				"up": {"uv": [3.5, 13, 5, 13.5], "texture": "#2"},
				"down": {"uv": [3.5, 13, 5, 13.5], "texture": "#2"}
			}
		},
		{
			"name": "Barrel 13",
			"from": [8.57071, 3.77071, 4.101],
			"to": [8.67071, 4.25271, 4.801],
			"rotation": {"angle": 45, "axis": "z", "origin": [8.5, 3.8, 1]},
			"faces": {
				"north": {"uv": [1, 13.5, 6, 14], "rotation": 180, "texture": "#2"},
				"east": {"uv": [1, 13.5, 6, 14], "rotation": 180, "texture": "#2"},
				"south": {"uv": [1, 13.5, 6, 14], "rotation": 180, "texture": "#2"},
				"west": {"uv": [1, 13.5, 6, 14], "rotation": 180, "texture": "#2"},
				"up": {"uv": [1, 13.5, 6, 14], "rotation": 180, "texture": "#2"},
				"down": {"uv": [1, 13.5, 6, 14], "rotation": 180, "texture": "#2"}
			}
		},
		{
			"name": "Barrel 14",
			"from": [8.48889, 3.3, 4.1],
			"to": [8.63889, 3.9, 4.8],
			"faces": {
				"north": {"uv": [7, 13, 7.5, 13.5], "texture": "#2"},
				"east": {"uv": [7, 13, 7.5, 13.5], "texture": "#2"},
				"south": {"uv": [7, 13, 7.5, 13.5], "texture": "#2"},
				"west": {"uv": [7, 13, 7.5, 13.5], "texture": "#2"},
				"up": {"uv": [7, 13, 7.5, 13.5], "texture": "#2"},
				"down": {"uv": [7, 13, 7.5, 13.5], "texture": "#2"}
			}
		},
		{
			"name": "Barrel 15",
			"from": [8.22929, 2.88871, 4.101],
			"to": [8.52929, 3.37071, 4.801],
			"rotation": {"angle": -45, "axis": "z", "origin": [8.5, 3.2, 1]},
			"faces": {
				"north": {"uv": [0.5, 13.5, 1, 14], "rotation": 180, "texture": "#2"},
				"east": {"uv": [0.5, 13.5, 1, 14], "rotation": 180, "texture": "#2"},
				"south": {"uv": [0.5, 13.5, 1, 14], "rotation": 180, "texture": "#2"},
				"west": {"uv": [0.5, 13.5, 1, 14], "rotation": 180, "texture": "#2"},
				"up": {"uv": [0.5, 13.5, 1, 14], "rotation": 180, "texture": "#2"},
				"down": {"uv": [0.5, 13.5, 1, 14], "rotation": 180, "texture": "#2"}
			}
		},
		{
			"name": "Barrel 16",
			"from": [7.7, 2.95556, 4.1],
			"to": [8.3, 3.10556, 4.8],
			"faces": {
				"north": {"uv": [2, 13, 3, 13.5], "rotation": 270, "texture": "#2"},
				"east": {"uv": [2, 13, 3, 13.5], "rotation": 270, "texture": "#2"},
				"south": {"uv": [2, 13, 3, 13.5], "rotation": 270, "texture": "#2"},
				"west": {"uv": [2, 13, 3, 13.5], "rotation": 270, "texture": "#2"},
				"up": {"uv": [2, 13, 3, 13.5], "rotation": 270, "texture": "#2"},
				"down": {"uv": [2, 13, 3, 13.5], "rotation": 270, "texture": "#2"}
			}
		},
		{
			"name": "Front Sight 1",
			"from": [7.9, 4.36667, 4.245],
			"to": [8.1, 4.9, 4.645],
			"rotation": {"angle": 0, "axis": "y", "origin": [0, 0, -0.155]},
			"faces": {
				"north": {"uv": [7.5, 7, 8, 7.5], "texture": "#2"},
				"east": {"uv": [7.5, 7, 8, 7.5], "texture": "#2"},
				"south": {"uv": [7.5, 7, 8, 7.5], "texture": "#2"},
				"west": {"uv": [7.5, 7, 8, 7.5], "texture": "#2"},
				"up": {"uv": [7.5, 7, 8, 7.5], "texture": "#2"},
				"down": {"uv": [7.5, 7, 8, 7.5], "texture": "#2"}
			}
		},
		{
			"name": "Front Sight 2",
			"from": [7.95, 4.9, 4.245],
			"to": [8.05, 5.2, 4.645],
			"rotation": {"angle": 0, "axis": "y", "origin": [0, 0, -0.255]},
			"faces": {
				"north": {"uv": [7.5, 7, 8, 7.5], "texture": "#2"},
				"east": {"uv": [7.5, 7, 8, 7.5], "texture": "#2"},
				"south": {"uv": [7.5, 7, 8, 7.5], "texture": "#2"},
				"west": {"uv": [7.5, 7, 8, 7.5], "texture": "#2"},
				"up": {"uv": [7.5, 7, 8, 7.5], "texture": "#2"},
				"down": {"uv": [7.5, 7, 8, 7.5], "texture": "#2"}
			}
		},
		{
			"name": "Front Sight 3",
			"from": [7.875, 4.925, 4.245],
			"to": [8.125, 5.025, 4.645],
			"rotation": {"angle": 0, "axis": "z", "origin": [8, 5.225, 4.445]},
			"faces": {
				"north": {"uv": [7.5, 7, 8, 7.5], "rotation": 90, "texture": "#2"},
				"east": {"uv": [7.5, 7, 8, 7.5], "rotation": 270, "texture": "#2"},
				"south": {"uv": [7.5, 7, 8, 7.5], "rotation": 270, "texture": "#2"},
				"west": {"uv": [7.5, 7, 8, 7.5], "rotation": 270, "texture": "#2"},
				"up": {"uv": [7.5, 7, 8, 7.5], "rotation": 270, "texture": "#2"},
				"down": {"uv": [7.5, 7, 8, 7.5], "rotation": 270, "texture": "#2"}
			}
		},
		{
			"name": "Front Sight 4",
			"from": [7.875, 4.925, 4.245],
			"to": [8.125, 5.025, 4.645],
			"rotation": {"angle": -45, "axis": "z", "origin": [8, 5.225, 4.445]},
			"faces": {
				"north": {"uv": [7.5, 7, 8, 7.5], "rotation": 90, "texture": "#2"},
				"east": {"uv": [7.5, 7, 8, 7.5], "rotation": 270, "texture": "#2"},
				"south": {"uv": [7.5, 7, 8, 7.5], "rotation": 270, "texture": "#2"},
				"west": {"uv": [7.5, 7, 8, 7.5], "rotation": 270, "texture": "#2"},
				"up": {"uv": [7.5, 7, 8, 7.5], "rotation": 270, "texture": "#2"},
				"down": {"uv": [7.5, 7, 8, 7.5], "rotation": 270, "texture": "#2"}
			}
		},
		{
			"name": "Front Sight 5",
			"from": [7.7, 5.1, 4.245],
			"to": [7.8, 5.35, 4.645],
			"rotation": {"angle": 0, "axis": "z", "origin": [7.29289, 5.24289, 4.445]},
			"faces": {
				"north": {"uv": [7.5, 7, 8, 7.5], "texture": "#2"},
				"east": {"uv": [7.5, 7, 8, 7.5], "texture": "#2"},
				"south": {"uv": [7.5, 7, 8, 7.5], "texture": "#2"},
				"west": {"uv": [7.5, 7, 8, 7.5], "texture": "#2"},
				"up": {"uv": [7.5, 7, 8, 7.5], "texture": "#2"},
				"down": {"uv": [7.5, 7, 8, 7.5], "texture": "#2"}
			}
		},
		{
			"name": "Front Sight 6",
			"from": [7.875, 5.425, 4.245],
			"to": [8.125, 5.525, 4.645],
			"rotation": {"angle": 45, "axis": "z", "origin": [8, 5.225, 4.445]},
			"faces": {
				"north": {"uv": [7.5, 7, 8, 7.5], "rotation": 270, "texture": "#2"},
				"east": {"uv": [7.5, 7, 8, 7.5], "rotation": 90, "texture": "#2"},
				"south": {"uv": [7.5, 7, 8, 7.5], "rotation": 90, "texture": "#2"},
				"west": {"uv": [7.5, 7, 8, 7.5], "rotation": 90, "texture": "#2"},
				"up": {"uv": [7.5, 7, 8, 7.5], "rotation": 90, "texture": "#2"},
				"down": {"uv": [7.5, 7, 8, 7.5], "rotation": 90, "texture": "#2"}
			}
		},
		{
			"name": "Front Sight 7",
			"from": [7.875, 5.425, 4.245],
			"to": [8.125, 5.525, 4.645],
			"rotation": {"angle": 0, "axis": "z", "origin": [8, 5.225, 4.445]},
			"faces": {
				"north": {"uv": [7.5, 7, 8, 7.5], "rotation": 90, "texture": "#2"},
				"east": {"uv": [7.5, 7, 8, 7.5], "rotation": 270, "texture": "#2"},
				"south": {"uv": [7.5, 7, 8, 7.5], "rotation": 270, "texture": "#2"},
				"west": {"uv": [7.5, 7, 8, 7.5], "rotation": 270, "texture": "#2"},
				"up": {"uv": [7.5, 7, 8, 7.5], "rotation": 270, "texture": "#2"},
				"down": {"uv": [7.5, 7, 8, 7.5], "rotation": 270, "texture": "#2"}
			}
		},
		{
			"name": "Front Sight 8",
			"from": [8.2, 5.1, 4.245],
			"to": [8.3, 5.35, 4.645],
			"rotation": {"angle": 45, "axis": "z", "origin": [8, 5.225, 4.445]},
			"faces": {
				"north": {"uv": [7.5, 7, 8, 7.5], "rotation": 180, "texture": "#2"},
				"east": {"uv": [7.5, 7, 8, 7.5], "rotation": 180, "texture": "#2"},
				"south": {"uv": [7.5, 7, 8, 7.5], "rotation": 180, "texture": "#2"},
				"west": {"uv": [7.5, 7, 8, 7.5], "rotation": 180, "texture": "#2"},
				"up": {"uv": [7.5, 7, 8, 7.5], "rotation": 180, "texture": "#2"},
				"down": {"uv": [7.5, 7, 8, 7.5], "rotation": 180, "texture": "#2"}
			}
		},
		{
			"name": "Front Sight 9",
			"from": [8.2, 5.1, 4.245],
			"to": [8.3, 5.35, 4.645],
			"rotation": {"angle": 0, "axis": "z", "origin": [7.29289, 5.24289, 4.445]},
			"faces": {
				"north": {"uv": [7.5, 7, 8, 7.5], "texture": "#2"},
				"east": {"uv": [7.5, 7, 8, 7.5], "texture": "#2"},
				"south": {"uv": [7.5, 7, 8, 7.5], "texture": "#2"},
				"west": {"uv": [7.5, 7, 8, 7.5], "texture": "#2"},
				"up": {"uv": [7.5, 7, 8, 7.5], "texture": "#2"},
				"down": {"uv": [7.5, 7, 8, 7.5], "texture": "#2"}
			}
		},
		{
			"name": "Front Sight 10",
			"from": [7.875, 4.925, 4.245],
			"to": [8.125, 5.025, 4.645],
			"rotation": {"angle": 45, "axis": "z", "origin": [8, 5.225, 4.445]},
			"faces": {
				"north": {"uv": [7.5, 7, 8, 7.5], "rotation": 90, "texture": "#2"},
				"east": {"uv": [7.5, 7, 8, 7.5], "rotation": 270, "texture": "#2"},
				"south": {"uv": [7.5, 7, 8, 7.5], "rotation": 270, "texture": "#2"},
				"west": {"uv": [7.5, 7, 8, 7.5], "rotation": 270, "texture": "#2"},
				"up": {"uv": [7.5, 7, 8, 7.5], "rotation": 270, "texture": "#2"},
				"down": {"uv": [7.5, 7, 8, 7.5], "rotation": 270, "texture": "#2"}
			}
		},
		{
			"name": "Grip 1",
			"from": [7.4, -1.1, 13.7],
			"to": [8.6, 2.2, 15],
			"rotation": {"angle": -22.5, "axis": "x", "origin": [8, 4.5, 15]},
			"faces": {
				"north": {"uv": [13, 0, 14, 3.5], "texture": "#2"},
				"east": {"uv": [12, 0, 13, 3.5], "texture": "#2"},
				"south": {"uv": [11, 0, 12, 3.5], "texture": "#2"},
				"west": {"uv": [10, 0, 11, 3.5], "texture": "#2"},
				"up": {"uv": [0, 0, 0, 0], "texture": "#2"},
				"down": {"uv": [11, 3.5, 10, 4.5], "texture": "#2"}
			}
		},
		{
			"name": "Grip 2",
			"from": [7.6, 0.60032, 13.46977],
			"to": [8.45, 0.90032, 15.26977],
			"rotation": {"angle": 0, "axis": "y", "origin": [7.5, 7.95032, 7.96977]},
			"faces": {
				"north": {"uv": [5, 0, 6, 0.5], "texture": "#2"},
				"east": {"uv": [5, 0, 6, 0.5], "texture": "#2"},
				"south": {"uv": [5, 0, 6, 0.5], "texture": "#2"},
				"west": {"uv": [5, 0, 6, 0.5], "texture": "#2"},
				"up": {"uv": [5, 0, 6, 0.5], "texture": "#2"},
				"down": {"uv": [5, 0, 6, 0.5], "texture": "#2"}
			}
		},
		{
			"name": "Trigger",
			"from": [7.8, 1.175, 14.325],
			"to": [8.2, 1.9, 14.65],
			"faces": {
				"north": {"uv": [8.5, 1.5, 9, 2], "texture": "#2"},
				"east": {"uv": [8.5, 1.5, 9, 2], "texture": "#2"},
				"south": {"uv": [8.5, 1.5, 9, 2], "texture": "#2"},
				"west": {"uv": [8.5, 1.5, 9, 2], "texture": "#2"},
				"up": {"uv": [8.5, 1.5, 9, 2], "texture": "#2"},
				"down": {"uv": [8.5, 1.5, 9, 2], "texture": "#2"}
			}
		},
		{
			"name": "Handguard 2",
			"from": [8.3, 4, 5.199],
			"to": [8.4, 4.4, 7.799],
			"rotation": {"angle": 0, "axis": "y", "origin": [8, 8, 6.7]},
			"faces": {
				"north": {"uv": [0, 0, 0, 0], "texture": "#2"},
				"east": {"uv": [0, 14, 4, 14.5], "rotation": 180, "texture": "#2"},
				"south": {"uv": [0, 0, 0, 0], "texture": "#2"},
				"west": {"uv": [0, 14.5, 4, 14], "texture": "#2"},
				"up": {"uv": [0, 0, 0, 0], "texture": "#2"},
				"down": {"uv": [0, 0, 0, 0], "texture": "#2"}
			}
		},
		{
			"name": "Handguard 4",
			"from": [7, 2.9, 5],
			"to": [7.2, 3.4, 7.4],
			"faces": {
				"north": {"uv": [9.5, 6.5, 10, 7], "rotation": 90, "texture": "#2"},
				"east": {"uv": [9.5, 6.5, 10, 7], "rotation": 90, "texture": "#2"},
				"south": {"uv": [9.5, 6.5, 10, 7], "rotation": 90, "texture": "#2"},
				"west": {"uv": [9.5, 4.5, 10, 7], "rotation": 90, "texture": "#2"},
				"up": {"uv": [9.5, 6.5, 10, 7], "rotation": 90, "texture": "#2"},
				"down": {"uv": [9.5, 6.5, 10, 7], "rotation": 90, "texture": "#2"}
			}
		},
		{
			"name": "Handguard 5",
			"from": [7.1, 3, 8.95],
			"to": [7.2, 3.4, 10.05],
			"faces": {
				"north": {"uv": [9.5, 7, 10, 7.5], "texture": "#2"},
				"east": {"uv": [9.5, 7, 10, 7.5], "texture": "#2"},
				"south": {"uv": [9.5, 7, 10, 7.5], "texture": "#2"},
				"west": {"uv": [9.5, 7, 10, 7.5], "texture": "#2"},
				"up": {"uv": [9.5, 7, 10, 7.5], "texture": "#2"},
				"down": {"uv": [9.5, 7, 10, 7.5], "texture": "#2"}
			}
		},
		{
			"name": "Handguard 6",
			"from": [7.15, 3.3, 10.85],
			"to": [8.6, 3.5, 11.05],
			"faces": {
				"north": {"uv": [9.5, 7, 10, 7.5], "texture": "#2"},
				"east": {"uv": [9.5, 7, 10, 7.5], "texture": "#2"},
				"south": {"uv": [9.5, 7, 10, 7.5], "texture": "#2"},
				"west": {"uv": [9.5, 7, 10, 7.5], "texture": "#2"},
				"up": {"uv": [9.5, 7, 10, 7.5], "texture": "#2"},
				"down": {"uv": [9.5, 7, 10, 7.5], "texture": "#2"}
			}
		},
		{
			"name": "Handguard 7",
			"from": [7.15, 3.3, 12.9],
			"to": [8.6, 3.5, 13.1],
			"faces": {
				"north": {"uv": [9.5, 7, 10, 7.5], "texture": "#2"},
				"east": {"uv": [9.5, 7, 10, 7.5], "texture": "#2"},
				"south": {"uv": [9.5, 7, 10, 7.5], "texture": "#2"},
				"west": {"uv": [9.5, 7, 10, 7.5], "texture": "#2"},
				"up": {"uv": [9.5, 7, 10, 7.5], "texture": "#2"},
				"down": {"uv": [9.5, 7, 10, 7.5], "texture": "#2"}
			}
		},
		{
			"name": "Handguard 8",
			"from": [7.15, 3, 15.4],
			"to": [8.85, 3.2, 15.6],
			"faces": {
				"north": {"uv": [9.5, 7, 10, 7.5], "texture": "#2"},
				"east": {"uv": [9.5, 7, 10, 7.5], "texture": "#2"},
				"south": {"uv": [9.5, 7, 10, 7.5], "texture": "#2"},
				"west": {"uv": [9.5, 7, 10, 7.5], "texture": "#2"},
				"up": {"uv": [9.5, 7, 10, 7.5], "texture": "#2"},
				"down": {"uv": [9.5, 7, 10, 7.5], "texture": "#2"}
			}
		},
		{
			"name": "Handguard 9",
			"from": [7.15, 3, 15.1],
			"to": [8.85, 3.2, 15.3],
			"faces": {
				"north": {"uv": [9.5, 7, 10, 7.5], "texture": "#2"},
				"east": {"uv": [9.5, 7, 10, 7.5], "texture": "#2"},
				"south": {"uv": [9.5, 7, 10, 7.5], "texture": "#2"},
				"west": {"uv": [9.5, 7, 10, 7.5], "texture": "#2"},
				"up": {"uv": [9.5, 7, 10, 7.5], "texture": "#2"},
				"down": {"uv": [9.5, 7, 10, 7.5], "texture": "#2"}
			}
		},
		{
			"name": "Handguard 10",
			"from": [7.15, 3.3, 14.8],
			"to": [8.6, 3.5, 15],
			"faces": {
				"north": {"uv": [9.5, 7, 10, 7.5], "texture": "#2"},
				"east": {"uv": [9.5, 7, 10, 7.5], "texture": "#2"},
				"south": {"uv": [9.5, 7, 10, 7.5], "texture": "#2"},
				"west": {"uv": [9.5, 7, 10, 7.5], "texture": "#2"},
				"up": {"uv": [9.5, 7, 10, 7.5], "texture": "#2"},
				"down": {"uv": [9.5, 7, 10, 7.5], "texture": "#2"}
			}
		},
		{
			"name": "Handguard 11",
			"from": [7.25, 4.2, 15.4],
			"to": [8.75, 4.3, 16.2],
			"faces": {
				"north": {"uv": [9.5, 7, 10, 7.5], "texture": "#2"},
				"east": {"uv": [9.5, 7, 10, 7.5], "texture": "#2"},
				"south": {"uv": [9.5, 7, 10, 7.5], "texture": "#2"},
				"west": {"uv": [9.5, 7, 10, 7.5], "texture": "#2"},
				"up": {"uv": [9.5, 7, 10, 7.5], "texture": "#2"},
				"down": {"uv": [9.5, 7, 10, 7.5], "texture": "#2"}
			}
		},
		{
			"name": "Handguard 6",
			"from": [7.2, 2.8, 5.199],
			"to": [7.6, 3.2, 10.199],
			"rotation": {"angle": 0, "axis": "y", "origin": [8, 8, 6.7]},
			"faces": {
				"north": {"uv": [0, 1, 0.5, 1.5], "texture": "#2"},
				"east": {"uv": [0, 1, 0.5, 1.5], "texture": "#2"},
				"south": {"uv": [0, 1, 0.5, 1.5], "texture": "#2"},
				"west": {"uv": [0, 1, 0.5, 1.5], "texture": "#2"},
				"up": {"uv": [0, 1, 0.5, 1.5], "texture": "#2"},
				"down": {"uv": [0, 1, 0.5, 1.5], "texture": "#2"}
			}
		},
		{
			"name": "Handguard 7",
			"from": [7.2, 2.63333, 5],
			"to": [8.8, 2.8, 10],
			"rotation": {"angle": 0, "axis": "y", "origin": [8.4, 7.4, 6]},
			"faces": {
				"north": {"uv": [9.5, 6.5, 10, 7], "texture": "#2", "tintindex": 0},
				"east": {"uv": [9.5, 6.5, 10, 7], "texture": "#2", "tintindex": 0},
				"south": {"uv": [9.5, 6.5, 10, 7], "texture": "#2", "tintindex": 0},
				"west": {"uv": [9.5, 6.5, 10, 7], "texture": "#2", "tintindex": 0},
				"up": {"uv": [9.5, 6.5, 10, 7], "texture": "#2", "tintindex": 0},
				"down": {"uv": [9.5, 6.5, 10, 7], "texture": "#2", "tintindex": 0}
			}
		},
		{
			"name": "Handguard 8",
			"from": [7.6, 2.33333, 5],
			"to": [8.4, 2.63333, 10],
			"rotation": {"angle": 0, "axis": "y", "origin": [8.4, 7.4, 6]},
			"faces": {
				"north": {"uv": [9.5, 6.5, 10, 7], "texture": "#2", "tintindex": 0},
				"east": {"uv": [9.5, 6.5, 10, 7], "texture": "#2", "tintindex": 0},
				"south": {"uv": [9.5, 6.5, 10, 7], "texture": "#2", "tintindex": 0},
				"west": {"uv": [9.5, 6.5, 10, 7], "texture": "#2", "tintindex": 0},
				"up": {"uv": [9.5, 6.5, 10, 7], "texture": "#2", "tintindex": 0},
				"down": {"uv": [9.5, 3.5, 10, 7], "texture": "#2", "tintindex": 0}
			}
		},
		{
			"name": "Handguard 9",
			"from": [8.8, 2.9, 5],
			"to": [9, 3.4, 7.4],
			"faces": {
				"north": {"uv": [9.5, 6.5, 10, 7], "texture": "#2"},
				"east": {"uv": [9.5, 4.5, 10, 7], "rotation": 90, "texture": "#2"},
				"south": {"uv": [9.5, 6.5, 10, 7], "texture": "#2"},
				"west": {"uv": [9.5, 6.5, 10, 7], "texture": "#2"},
				"up": {"uv": [9.5, 6.5, 10, 7], "texture": "#2"},
				"down": {"uv": [9.5, 6.5, 10, 7], "texture": "#2"}
			}
		},
		{
			"name": "Handguard 10",
			"from": [7.2, 3.2, 5.199],
			"to": [8.8, 3.6, 10.2],
			"rotation": {"angle": 0, "axis": "y", "origin": [8, 8.2, 6.7]},
			"faces": {
				"north": {"uv": [0.5, 12, 1.5, 12.5], "texture": "#2", "tintindex": 0},
				"east": {"uv": [7.5, 14.5, 6.5, 15], "texture": "#2", "tintindex": 0},
				"south": {"uv": [0, 0, 0, 0], "texture": "#2"},
				"west": {"uv": [6.5, 14.5, 7.5, 15], "texture": "#2", "tintindex": 0},
				"up": {"uv": [0, 0, 0, 0], "texture": "#2"},
				"down": {"uv": [0, 0, 0, 0], "texture": "#2"}
			}
		},
		{
			"name": "Handguard 11",
			"from": [8.4, 2.8, 5.199],
			"to": [8.8, 3.2, 10.199],
			"rotation": {"angle": 0, "axis": "y", "origin": [8, 8, 6.7]},
			"faces": {
				"north": {"uv": [0.5, 14.5, 1, 15], "texture": "#2"},
				"east": {"uv": [0.5, 14.5, 1, 15], "texture": "#2"},
				"south": {"uv": [0.5, 14.5, 1, 15], "texture": "#2"},
				"west": {"uv": [0.5, 14.5, 1, 15], "texture": "#2"},
				"up": {"uv": [0.5, 14.5, 1, 15], "texture": "#2"},
				"down": {"uv": [0.5, 14.5, 1, 15], "texture": "#2"}
			}
		},
		{
			"name": "Handguard 12",
			"from": [8.8, 3, 8.95],
			"to": [8.9, 3.4, 10.05],
			"faces": {
				"north": {"uv": [9.5, 7, 10, 7.5], "texture": "#2"},
				"east": {"uv": [9.5, 7, 10, 7.5], "texture": "#2"},
				"south": {"uv": [9.5, 7, 10, 7.5], "texture": "#2"},
				"west": {"uv": [9.5, 7, 10, 7.5], "texture": "#2"},
				"up": {"uv": [9.5, 7, 10, 7.5], "texture": "#2"},
				"down": {"uv": [9.5, 7, 10, 7.5], "texture": "#2"}
			}
		},
		{
			"name": "Handguard 13",
			"from": [7.2, 1.8, 14.65],
			"to": [8.8, 2.1, 14.95],
			"faces": {
				"north": {"uv": [9.5, 7, 10, 7.5], "texture": "#2"},
				"east": {"uv": [9.5, 7, 10, 7.5], "texture": "#2"},
				"south": {"uv": [9.5, 7, 10, 7.5], "texture": "#2"},
				"west": {"uv": [9.5, 7, 10, 7.5], "texture": "#2"},
				"up": {"uv": [9.5, 7, 10, 7.5], "texture": "#2"},
				"down": {"uv": [9.5, 7, 10, 7.5], "texture": "#2"}
			}
		},
		{
			"name": "Handguard 13",
			"from": [8.517, 3.318, 5.2],
			"to": [9.083, 3.718, 10.2],
			"rotation": {"angle": -45, "axis": "z", "origin": [8.8, 4, 10.5]},
			"faces": {
				"north": {"uv": [0, 11, 0.5, 11.5], "texture": "#2", "tintindex": 0},
				"east": {"uv": [0, 0, 0, 0], "texture": "#2"},
				"south": {"uv": [0, 0, 0, 0], "texture": "#2"},
				"west": {"uv": [0, 0, 0, 0], "texture": "#2"},
				"up": {"uv": [0, 13.5, 7.5, 14], "rotation": 90, "texture": "#2", "tintindex": 0},
				"down": {"uv": [0, 0, 0, 0], "texture": "#2"}
			}
		},
		{
			"name": "Handguard 14",
			"from": [8.517, 3.318, 5],
			"to": [9.083, 3.718, 5.2],
			"rotation": {"angle": -45, "axis": "z", "origin": [8.8, 4, 10.5]},
			"faces": {
				"north": {"uv": [0, 11, 0.5, 11.5], "texture": "#2", "tintindex": 0},
				"east": {"uv": [0, 11, 0.5, 11.5], "texture": "#2", "tintindex": 0},
				"south": {"uv": [0, 11, 0.5, 11.5], "texture": "#2", "tintindex": 0},
				"west": {"uv": [0, 11, 0.5, 11.5], "texture": "#2", "tintindex": 0},
				"up": {"uv": [0, 11, 0.5, 11.5], "texture": "#2", "tintindex": 0},
				"down": {"uv": [0, 11, 0.5, 11.5], "texture": "#2", "tintindex": 0}
			}
		},
		{
			"name": "Handguard 15",
			"from": [7.6, 2.8, 4.999],
			"to": [8.4, 4.4, 5.199],
			"rotation": {"angle": 0, "axis": "y", "origin": [8, 8, 6.7]},
			"faces": {
				"north": {"uv": [0.5, 11, 1.5, 13], "texture": "#2"},
				"east": {"uv": [7.5, 14, 8, 14.5], "texture": "#2"},
				"south": {"uv": [7.5, 14, 8, 14.5], "texture": "#2"},
				"west": {"uv": [7.5, 14, 8, 14.5], "texture": "#2"},
				"up": {"uv": [7.5, 14, 8, 14.5], "texture": "#2"},
				"down": {"uv": [7.5, 14, 8, 14.5], "texture": "#2"}
			}
		},
		{
			"name": "Handguard 16",
			"from": [6.915, 3.3172, 5],
			"to": [7.481, 3.7172, 5.2],
			"rotation": {"angle": 45, "axis": "z", "origin": [7.2, 4, 10.5]},
			"faces": {
				"north": {"uv": [1.5, 11, 2, 11.5], "texture": "#2", "tintindex": 0},
				"east": {"uv": [0, 0, 0, 0], "texture": "#2"},
				"south": {"uv": [0, 0, 0, 0], "texture": "#2"},
				"west": {"uv": [0, 0, 0, 0], "texture": "#2"},
				"up": {"uv": [7.5, 13.5, 8, 14.5], "rotation": 90, "texture": "#2", "tintindex": 0},
				"down": {"uv": [0, 0, 0, 0], "texture": "#2"}
			}
		},
		{
			"name": "Handguard 17",
			"from": [7.2, 3.2, 4.999],
			"to": [8.8, 3.6, 5.2],
			"rotation": {"angle": 0, "axis": "y", "origin": [8, 8.2, 6.7]},
			"faces": {
				"north": {"uv": [0, 12, 2, 12.5], "texture": "#2", "tintindex": 0},
				"east": {"uv": [8, 14.5, 7.5, 15], "texture": "#2", "tintindex": 0},
				"south": {"uv": [0, 0, 0, 0], "texture": "#2"},
				"west": {"uv": [7.5, 13.5, 8, 14], "texture": "#2", "tintindex": 0},
				"up": {"uv": [0, 0, 0, 0], "texture": "#2"},
				"down": {"uv": [0, 0, 0, 0], "texture": "#2"}
			}
		},
		{
			"name": "Handguard 13",
			"from": [7.2, 2.8, 4.999],
			"to": [7.6, 3.2, 5.199],
			"rotation": {"angle": 0, "axis": "y", "origin": [8, 8, 6.7]},
			"faces": {
				"north": {"uv": [1.5, 12.5, 2, 13], "texture": "#2"},
				"east": {"uv": [1.5, 12.5, 2, 13], "texture": "#2"},
				"south": {"uv": [1.5, 12.5, 2, 13], "texture": "#2"},
				"west": {"uv": [1.5, 12.5, 2, 13], "texture": "#2"},
				"up": {"uv": [1.5, 12.5, 2, 13], "texture": "#2"},
				"down": {"uv": [1.5, 12.5, 2, 13], "texture": "#2"}
			}
		},
		{
			"name": "Handguard 14",
			"from": [8.4, 2.8, 4.999],
			"to": [8.8, 3.2, 5.199],
			"rotation": {"angle": 0, "axis": "y", "origin": [8, 8, 6.7]},
			"faces": {
				"north": {"uv": [0, 12.5, 0.5, 13], "texture": "#2"},
				"east": {"uv": [0, 12.5, 0.5, 13], "texture": "#2"},
				"south": {"uv": [0, 12.5, 0.5, 13], "texture": "#2"},
				"west": {"uv": [0, 12.5, 0.5, 13], "texture": "#2"},
				"up": {"uv": [0, 12.5, 0.5, 13], "texture": "#2"},
				"down": {"uv": [0, 12.5, 0.5, 13], "texture": "#2"}
			}
		},
		{
			"name": "Handguard 15",
			"from": [6.915, 3.3172, 5.2],
			"to": [7.481, 3.7172, 10.2],
			"rotation": {"angle": 45, "axis": "z", "origin": [7.2, 4, 10.5]},
			"faces": {
				"north": {"uv": [1.5, 11, 2, 11.5], "texture": "#2", "tintindex": 0},
				"east": {"uv": [0, 0, 0, 0], "texture": "#2"},
				"south": {"uv": [0, 0, 0, 0], "texture": "#2"},
				"west": {"uv": [0, 0, 0, 0], "texture": "#2"},
				"up": {"uv": [0, 13.5, 7.5, 14], "rotation": 90, "texture": "#2", "tintindex": 0},
				"down": {"uv": [0, 0, 0, 0], "texture": "#2"}
			}
		},
		{
			"name": "Handguard 16",
			"from": [7.6, 2.8, 5.199],
			"to": [7.7, 4.4, 7.799],
			"rotation": {"angle": 0, "axis": "y", "origin": [8, 8, 6.7]},
			"faces": {
				"north": {"uv": [0, 0, 0, 0], "texture": "#2"},
				"east": {"uv": [0, 14, 4, 14.5], "rotation": 180, "texture": "#2"},
				"south": {"uv": [0, 0, 0, 0], "texture": "#2"},
				"west": {"uv": [0, 14, 4, 14.5], "texture": "#2"},
				"up": {"uv": [0, 0, 0, 0], "texture": "#2"},
				"down": {"uv": [0, 0, 0, 0], "texture": "#2"}
			}
		},
		{
			"name": "Handguard 17",
			"from": [7.6, 4, 5.2],
			"to": [8.4, 4, 11.6],
			"faces": {
				"north": {"uv": [0, 0, 0, 0], "texture": "#2"},
				"east": {"uv": [0, 0, 0, 0], "texture": "#2"},
				"south": {"uv": [0, 0, 0, 0], "texture": "#2"},
				"west": {"uv": [0, 0, 0, 0], "texture": "#2"},
				"up": {"uv": [8, 1, 9, 3.5], "texture": "#2"},
				"down": {"uv": [0, 0, 0, 0], "texture": "#2"}
			}
		},
		{
			"name": "Magazine 1",
			"from": [7.5, -1.1, 11.45],
			"to": [8.5, 0.5, 13.2],
			"faces": {
				"north": {"uv": [9, 7.5, 8.5, 8], "texture": "#2"},
				"east": {"uv": [9, 7.5, 8.5, 8], "texture": "#2"},
				"south": {"uv": [9, 7.5, 8.5, 8], "texture": "#2"},
				"west": {"uv": [9, 7.5, 8.5, 8], "texture": "#2"},
				"up": {"uv": [9, 7.5, 8.5, 8], "texture": "#2"},
				"down": {"uv": [9, 7.5, 8.5, 8], "texture": "#2"}
			}
		},
		{
			"name": "Receiver 1",
			"from": [7.3, 0.5, 11.2],
			"to": [8.7, 2.25, 13.7],
			"rotation": {"angle": 0, "axis": "y", "origin": [8, 7.95, 8]},
			"faces": {
				"north": {"uv": [0, 3.5, 2, 5.5], "texture": "#2", "tintindex": 0},
				"east": {"uv": [5.5, 3.5, 3, 5.5], "texture": "#2", "tintindex": 0},
				"south": {"uv": [5.5, 5.5, 7.5, 7.5], "texture": "#2", "tintindex": 0},
				"west": {"uv": [2, 3.5, 5.5, 5.5], "texture": "#2", "tintindex": 0},
				"up": {"uv": [0, 0, 0, 0], "texture": "#2"},
				"down": {"uv": [2, 5.5, 5.5, 7.5], "rotation": 90, "texture": "#2", "tintindex": 0}
			}
		},
		{
			"name": "Receiver 2",
			"from": [7.2, 0.5, 11.1],
			"to": [8.8, 0.75, 13.8],
			"rotation": {"angle": 0, "axis": "y", "origin": [8, 7.95, 8]},
			"faces": {
				"north": {"uv": [2, 5, 2.5, 5.5], "texture": "#2", "tintindex": 0},
				"east": {"uv": [2, 5, 2.5, 5.5], "texture": "#2", "tintindex": 0},
				"south": {"uv": [2, 5, 2.5, 5.5], "texture": "#2", "tintindex": 0},
				"west": {"uv": [2, 5, 2.5, 5.5], "texture": "#2", "tintindex": 0},
				"up": {"uv": [2, 5, 2.5, 5.5], "texture": "#2", "tintindex": 0},
				"down": {"uv": [2, 5, 2.5, 5.5], "texture": "#2", "tintindex": 0}
			}
		},
		{
			"name": "Receiver 2",
			"from": [7.3, 1.75, 10.7],
			"to": [8.7, 2.25, 11.2],
			"rotation": {"angle": 0, "axis": "y", "origin": [8, 7.95, 8]},
			"faces": {
				"north": {"uv": [5.5, 5, 5, 5.5], "texture": "#2", "tintindex": 0},
				"east": {"uv": [5.5, 5, 5, 5.5], "texture": "#2", "tintindex": 0},
				"south": {"uv": [5.5, 5, 5, 5.5], "texture": "#2", "tintindex": 0},
				"west": {"uv": [5.5, 5, 5, 5.5], "texture": "#2", "tintindex": 0},
				"up": {"uv": [5.5, 5, 5, 5.5], "texture": "#2", "tintindex": 0},
				"down": {"uv": [5.5, 5, 5, 5.5], "texture": "#2", "tintindex": 0}
			}
		},
		{
			"name": "Receiver 2",
			"from": [7.3, 1.75, 13.7],
			"to": [8.7, 2.25, 16.2],
			"rotation": {"angle": 0, "axis": "y", "origin": [8, 7.95, 8]},
			"faces": {
				"north": {"uv": [0, 3.5, 2, 5.5], "texture": "#2", "tintindex": 0},
				"east": {"uv": [8, 3, 5.5, 3.5], "texture": "#2", "tintindex": 0},
				"south": {"uv": [8, 3, 10, 3.5], "texture": "#2", "tintindex": 0},
				"west": {"uv": [5.5, 3, 8, 3.5], "texture": "#2", "tintindex": 0},
				"up": {"uv": [0, 0, 0, 0], "texture": "#2"},
				"down": {"uv": [5.5, 3, 8, 3.5], "rotation": 270, "texture": "#2", "tintindex": 0}
			}
		},
		{
			"name": "Receiver 3",
			"from": [7.2, 2.15, 10.6],
			"to": [8.8, 2.25, 16.2],
			"rotation": {"angle": 0, "axis": "y", "origin": [8, 7.95, 8]},
			"faces": {
				"north": {"uv": [8, 3, 7.5, 3.5], "texture": "#2", "tintindex": 0},
				"east": {"uv": [8, 3, 7.5, 3.5], "texture": "#2", "tintindex": 0},
				"south": {"uv": [8, 3, 7.5, 3.5], "texture": "#2", "tintindex": 0},
				"west": {"uv": [8, 3, 7.5, 3.5], "texture": "#2", "tintindex": 0},
				"up": {"uv": [8, 3, 7.5, 3.5], "texture": "#2", "tintindex": 0},
				"down": {"uv": [8, 3, 7.5, 3.5], "texture": "#2", "tintindex": 0}
			}
		},
		{
			"name": "Receiver 3",
			"from": [7.2, 2.25, 10.2],
			"to": [8.8, 3.6, 16.2],
			"faces": {
				"north": {"uv": [0, 1, 2, 3], "texture": "#2", "tintindex": 0},
				"east": {"uv": [8, 11.5, 2, 13], "texture": "#2", "tintindex": 0},
				"south": {"uv": [8, 1.5, 10, 3.5], "texture": "#2", "tintindex": 0},
				"west": {"uv": [2, 2, 8, 3.5], "texture": "#2", "tintindex": 0},
				"up": {"uv": [0, 0, 0, 0], "texture": "#2"},
				"down": {"uv": [2.5, 5, 8.5, 5.5], "rotation": 270, "texture": "#2", "tintindex": 0}
			}
		},
		{
			"name": "Receiver 4",
			"from": [6.915, 3.3172, 10.2],
			"to": [7.481, 3.7172, 16.199],
			"rotation": {"angle": 45, "axis": "z", "origin": [7.2, 4, 10.5]},
			"faces": {
				"north": {"uv": [1.5, 1, 2, 1.5], "texture": "#2"},
				"east": {"uv": [0, 0, 0, 0], "texture": "#2"},
				"south": {"uv": [8, 1, 8.5, 1.5], "texture": "#2", "tintindex": 0},
				"west": {"uv": [0, 0, 0, 0], "texture": "#2"},
				"up": {"uv": [2, 1, 8, 1.5], "rotation": 90, "texture": "#2", "tintindex": 0},
				"down": {"uv": [0, 0, 0, 0], "texture": "#2"}
			}
		},
		{
			"name": "Receiver 5",
			"from": [7.6, 3.6, 11.6],
			"to": [8.4, 4.4, 16.2],
			"faces": {
				"north": {"uv": [0.5, 1, 1.5, 1.5], "texture": "#2"},
				"east": {"uv": [3.5, 1.5, 8, 2], "rotation": 180, "texture": "#2"},
				"south": {"uv": [8.5, 1, 9.5, 1.5], "texture": "#2", "tintindex": 0},
				"west": {"uv": [3.5, 1.5, 8, 2], "texture": "#2"},
				"up": {"uv": [2, 0, 8, 1], "rotation": 90, "texture": "#2", "tintindex": 0},
				"down": {"uv": [0, 0, 0, 0], "texture": "#2"}
			}
		},
		{
			"name": "Receiver 6",
			"from": [7.6, 4.4, 5.2],
			"to": [8.4, 4.7, 16.2],
			"rotation": {"angle": 0, "axis": "y", "origin": [8.4, 7.4, 6]},
			"faces": {
				"north": {"uv": [14.5, 0, 16, 0.5], "texture": "#2"},
				"east": {"uv": [15.5, 0, 16, 11], "rotation": 270, "texture": "#2", "tintindex": 0},
				"south": {"uv": [14.5, 0, 16, 0.5], "texture": "#2"},
				"west": {"uv": [14.5, 0, 15, 11], "rotation": 90, "texture": "#2", "tintindex": 0},
				"up": {"uv": [15, 2.5, 15.5, 13.5], "texture": "#2", "tintindex": 0},
				"down": {"uv": [6.5, 0, 8, 1], "texture": "#2"}
			}
		},
		{
			"name": "Receiver 7",
			"from": [8.517, 3.318, 10.2],
			"to": [9.083, 3.718, 16.199],
			"rotation": {"angle": -45, "axis": "z", "origin": [8.8, 4, 10.5]},
			"faces": {
				"north": {"uv": [0, 1, 0.5, 1.5], "texture": "#2"},
				"east": {"uv": [0, 0, 0, 0], "texture": "#2"},
				"south": {"uv": [9.5, 1, 10, 1.5], "texture": "#2", "tintindex": 0},
				"west": {"uv": [0, 0, 0, 0], "texture": "#2"},
				"up": {"uv": [8, 1, 2, 1.5], "rotation": 270, "texture": "#2", "tintindex": 0},
				"down": {"uv": [0, 0, 0, 0], "texture": "#2"}
			}
		},
		{
			"name": "Receiver 9",
			"from": [7.6, 4.4, 5],
			"to": [8.4, 4.7, 5.2],
			"rotation": {"angle": 0, "axis": "y", "origin": [8.4, 7.4, 6]},
			"faces": {
				"north": {"uv": [7.5, 13, 8, 14.5], "texture": "#2", "tintindex": 0},
				"east": {"uv": [7.5, 13, 8, 14.5], "texture": "#2", "tintindex": 0},
				"south": {"uv": [7.5, 13, 8, 14.5], "texture": "#2", "tintindex": 0},
				"west": {"uv": [7.5, 13, 8, 14.5], "texture": "#2", "tintindex": 0},
				"up": {"uv": [7.5, 13, 8, 14.5], "texture": "#2", "tintindex": 0},
				"down": {"uv": [7.5, 13, 8, 14.5], "texture": "#2", "tintindex": 0}
			}
		},
		{
			"name": "Receiver 10",
			"from": [8.8, 2.675, 13.7],
			"to": [9.2, 3.175, 13.9],
			"faces": {
				"north": {"uv": [9.5, 7, 10, 7.5], "texture": "#2"},
				"east": {"uv": [0, 5.5, 2, 7.5], "texture": "#2"},
				"south": {"uv": [9.5, 7, 10, 7.5], "texture": "#2"},
				"west": {"uv": [9.5, 7, 10, 7.5], "texture": "#2"},
				"up": {"uv": [9.5, 7, 10, 7.5], "texture": "#2"},
				"down": {"uv": [9.5, 7, 10, 7.5], "texture": "#2"}
			}
		},
		{
			"name": "Receiver 11",
			"from": [7.9, 2.375, 10.8],
			"to": [7.9, 3.675, 14.1],
			"faces": {
				"north": {"uv": [0, 5.5, 2, 7.5], "texture": "#2"},
				"east": {"uv": [0, 5.5, 2, 7.5], "texture": "#2"},
				"south": {"uv": [0, 5.5, 2, 7.5], "texture": "#2"},
				"west": {"uv": [0, 5.5, 2, 7.5], "texture": "#2"},
				"up": {"uv": [0, 5.5, 2, 7.5], "texture": "#2"},
				"down": {"uv": [0, 5.5, 2, 7.5], "texture": "#2"}
			}
		},
		{
			"name": "Receiver 12",
			"from": [7.9, 2.375, 10.8],
			"to": [8.7, 2.375, 14.1],
			"faces": {
				"north": {"uv": [0, 5.5, 2, 7.5], "texture": "#2"},
				"east": {"uv": [0, 5.5, 2, 7.5], "texture": "#2"},
				"south": {"uv": [0, 5.5, 2, 7.5], "texture": "#2"},
				"west": {"uv": [0, 5.5, 2, 7.5], "texture": "#2"},
				"up": {"uv": [0, 5.5, 2, 7.5], "texture": "#2"},
				"down": {"uv": [0, 5.5, 2, 7.5], "texture": "#2"}
			}
		},
		{
			"name": "Receiver 13",
			"from": [7.9, 2.375, 10.8],
			"to": [8.7, 3.675, 10.8],
			"faces": {
				"north": {"uv": [0, 5.5, 2, 7.5], "texture": "#2"},
				"east": {"uv": [0, 5.5, 2, 7.5], "texture": "#2"},
				"south": {"uv": [0, 5.5, 2, 7.5], "texture": "#2"},
				"west": {"uv": [0, 5.5, 2, 7.5], "texture": "#2"},
				"up": {"uv": [0, 5.5, 2, 7.5], "texture": "#2"},
				"down": {"uv": [0, 5.5, 2, 7.5], "texture": "#2"}
			}
		},
		{
			"name": "Receiver 14",
			"from": [7.9, 2.375, 14.1],
			"to": [8.7, 3.675, 14.1],
			"faces": {
				"north": {"uv": [0, 5.5, 2, 7.5], "texture": "#2"},
				"east": {"uv": [0, 5.5, 2, 7.5], "texture": "#2"},
				"south": {"uv": [0, 5.5, 2, 7.5], "texture": "#2"},
				"west": {"uv": [0, 5.5, 2, 7.5], "texture": "#2"},
				"up": {"uv": [0, 5.5, 2, 7.5], "texture": "#2"},
				"down": {"uv": [0, 5.5, 2, 7.5], "texture": "#2"}
			}
		},
		{
			"name": "Receiver 15",
			"from": [7.9, 3.675, 10.8],
			"to": [8.7, 3.675, 14.1],
			"faces": {
				"north": {"uv": [0, 5.5, 2, 7.5], "texture": "#2"},
				"east": {"uv": [0, 5.5, 2, 7.5], "texture": "#2"},
				"south": {"uv": [0, 5.5, 2, 7.5], "texture": "#2"},
				"west": {"uv": [0, 5.5, 2, 7.5], "texture": "#2"},
				"up": {"uv": [0, 5.5, 2, 7.5], "texture": "#2"},
				"down": {"uv": [0, 5.5, 2, 7.5], "texture": "#2"}
			}
		},
		{
			"name": "Rear Sight 1",
			"from": [7.5, 4.6, 14.67],
			"to": [8.5, 4.9, 15.195],
			"faces": {
				"north": {"uv": [7.5, 7, 8, 7.5], "texture": "#2"},
				"east": {"uv": [7.5, 7, 8, 7.5], "texture": "#2"},
				"south": {"uv": [7.5, 7, 8, 7.5], "texture": "#2"},
				"west": {"uv": [7.5, 7, 8, 7.5], "texture": "#2"},
				"up": {"uv": [7.5, 7, 8, 7.5], "texture": "#2"},
				"down": {"uv": [7.5, 7, 8, 7.5], "texture": "#2"}
			}
		},
		{
			"name": "Rear Sight 2",
			"from": [7.4, 4.8, 14.57],
			"to": [7.6, 5.2, 14.97],
			"rotation": {"angle": 45, "axis": "x", "origin": [7.4, 4.8, 14.87]},
			"faces": {
				"north": {"uv": [7.5, 7, 8, 7.5], "rotation": 180, "texture": "#2"},
				"east": {"uv": [7.5, 7, 8, 7.5], "rotation": 90, "texture": "#2"},
				"south": {"uv": [7.5, 7, 8, 7.5], "texture": "#2"},
				"west": {"uv": [7.5, 7, 8, 7.5], "rotation": 270, "texture": "#2"},
				"up": {"uv": [7.5, 7, 8, 7.5], "texture": "#2"},
				"down": {"uv": [7.5, 7, 8, 7.5], "rotation": 180, "texture": "#2"}
			}
		},
		{
			"name": "Rear Sight 3",
			"from": [8.4, 4.8, 14.57],
			"to": [8.6, 5.2, 14.97],
			"rotation": {"angle": 45, "axis": "x", "origin": [7.4, 4.8, 14.87]},
			"faces": {
				"north": {"uv": [7.5, 7, 8, 7.5], "rotation": 180, "texture": "#2"},
				"east": {"uv": [7.5, 7, 8, 7.5], "rotation": 90, "texture": "#2"},
				"south": {"uv": [7.5, 7, 8, 7.5], "texture": "#2"},
				"west": {"uv": [7.5, 7, 8, 7.5], "rotation": 270, "texture": "#2"},
				"up": {"uv": [7.5, 7, 8, 7.5], "texture": "#2"},
				"down": {"uv": [7.5, 7, 8, 7.5], "rotation": 180, "texture": "#2"}
			}
		},
		{
			"name": "Rear Sight 2",
			"from": [7.7, 5.1, 14.795],
			"to": [7.8, 5.35, 15.195],
			"rotation": {"angle": 0, "axis": "z", "origin": [7.29289, 5.24289, 14.995]},
			"faces": {
				"north": {"uv": [7.5, 7, 8, 7.5], "texture": "#2"},
				"east": {"uv": [7.5, 7, 8, 7.5], "texture": "#2"},
				"south": {"uv": [7.5, 7, 8, 7.5], "texture": "#2"},
				"west": {"uv": [7.5, 7, 8, 7.5], "texture": "#2"},
				"up": {"uv": [7.5, 7, 8, 7.5], "texture": "#2"},
				"down": {"uv": [7.5, 7, 8, 7.5], "texture": "#2"}
			}
		},
		{
			"name": "Rear Sight 3",
			"from": [7.875, 5.425, 14.795],
			"to": [8.125, 5.525, 15.195],
			"rotation": {"angle": 45, "axis": "z", "origin": [8, 5.225, 14.995]},
			"faces": {
				"north": {"uv": [7.5, 7, 8, 7.5], "rotation": 270, "texture": "#2"},
				"east": {"uv": [7.5, 7, 8, 7.5], "rotation": 90, "texture": "#2"},
				"south": {"uv": [7.5, 7, 8, 7.5], "rotation": 90, "texture": "#2"},
				"west": {"uv": [7.5, 7, 8, 7.5], "rotation": 90, "texture": "#2"},
				"up": {"uv": [7.5, 7, 8, 7.5], "rotation": 90, "texture": "#2"},
				"down": {"uv": [7.5, 7, 8, 7.5], "rotation": 90, "texture": "#2"}
			}
		},
		{
			"name": "Rear Sight 4",
			"from": [7.875, 5.425, 14.795],
			"to": [8.125, 5.525, 15.195],
			"rotation": {"angle": 0, "axis": "z", "origin": [8, 5.225, 14.995]},
			"faces": {
				"north": {"uv": [7.5, 7, 8, 7.5], "rotation": 90, "texture": "#2"},
				"east": {"uv": [7.5, 7, 8, 7.5], "rotation": 270, "texture": "#2"},
				"south": {"uv": [7.5, 7, 8, 7.5], "rotation": 270, "texture": "#2"},
				"west": {"uv": [7.5, 7, 8, 7.5], "rotation": 270, "texture": "#2"},
				"up": {"uv": [7.5, 7, 8, 7.5], "rotation": 270, "texture": "#2"},
				"down": {"uv": [7.5, 7, 8, 7.5], "rotation": 270, "texture": "#2"}
			}
		},
		{
			"name": "Rear Sight 5",
			"from": [8.2, 5.1, 14.795],
			"to": [8.3, 5.35, 15.195],
			"rotation": {"angle": 45, "axis": "z", "origin": [8, 5.225, 14.995]},
			"faces": {
				"north": {"uv": [7.5, 7, 8, 7.5], "rotation": 180, "texture": "#2"},
				"east": {"uv": [7.5, 7, 8, 7.5], "rotation": 180, "texture": "#2"},
				"south": {"uv": [7.5, 7, 8, 7.5], "rotation": 180, "texture": "#2"},
				"west": {"uv": [7.5, 7, 8, 7.5], "rotation": 180, "texture": "#2"},
				"up": {"uv": [7.5, 7, 8, 7.5], "rotation": 180, "texture": "#2"},
				"down": {"uv": [7.5, 7, 8, 7.5], "rotation": 180, "texture": "#2"}
			}
		},
		{
			"name": "Rear Sight 6",
			"from": [8.2, 5.1, 14.795],
			"to": [8.3, 5.35, 15.195],
			"rotation": {"angle": 0, "axis": "z", "origin": [7.29289, 5.24289, 14.995]},
			"faces": {
				"north": {"uv": [7.5, 7, 8, 7.5], "texture": "#2"},
				"east": {"uv": [7.5, 7, 8, 7.5], "texture": "#2"},
				"south": {"uv": [7.5, 7, 8, 7.5], "texture": "#2"},
				"west": {"uv": [7.5, 7, 8, 7.5], "texture": "#2"},
				"up": {"uv": [7.5, 7, 8, 7.5], "texture": "#2"},
				"down": {"uv": [7.5, 7, 8, 7.5], "texture": "#2"}
			}
		},
		{
			"name": "Rear Sight 7",
			"from": [7.875, 4.925, 14.795],
			"to": [8.125, 5.025, 15.195],
			"rotation": {"angle": -45, "axis": "z", "origin": [8, 5.225, 14.995]},
			"faces": {
				"north": {"uv": [7.5, 7, 8, 7.5], "rotation": 90, "texture": "#2"},
				"east": {"uv": [7.5, 7, 8, 7.5], "rotation": 270, "texture": "#2"},
				"south": {"uv": [7.5, 7, 8, 7.5], "rotation": 270, "texture": "#2"},
				"west": {"uv": [7.5, 7, 8, 7.5], "rotation": 270, "texture": "#2"},
				"up": {"uv": [7.5, 7, 8, 7.5], "rotation": 270, "texture": "#2"},
				"down": {"uv": [7.5, 7, 8, 7.5], "rotation": 270, "texture": "#2"}
			}
		},
		{
			"name": "Rear Sight 8",
			"from": [7.95, 4.9, 14.795],
			"to": [8.05, 4.925, 15.195],
			"rotation": {"angle": 0, "axis": "y", "origin": [0, 0, 10.295]},
			"faces": {
				"north": {"uv": [7.5, 7, 8, 7.5], "texture": "#2"},
				"east": {"uv": [7.5, 7, 8, 7.5], "texture": "#2"},
				"south": {"uv": [7.5, 7, 8, 7.5], "texture": "#2"},
				"west": {"uv": [7.5, 7, 8, 7.5], "texture": "#2"},
				"up": {"uv": [7.5, 7, 8, 7.5], "texture": "#2"},
				"down": {"uv": [7.5, 7, 8, 7.5], "texture": "#2"}
			}
		},
		{
			"name": "Rear Sight 9",
			"from": [7.875, 4.925, 14.795],
			"to": [8.125, 5.025, 15.195],
			"rotation": {"angle": 0, "axis": "z", "origin": [8, 5.225, 14.995]},
			"faces": {
				"north": {"uv": [7.5, 7, 8, 7.5], "rotation": 90, "texture": "#2"},
				"east": {"uv": [7.5, 7, 8, 7.5], "rotation": 270, "texture": "#2"},
				"south": {"uv": [7.5, 7, 8, 7.5], "rotation": 270, "texture": "#2"},
				"west": {"uv": [7.5, 7, 8, 7.5], "rotation": 270, "texture": "#2"},
				"up": {"uv": [7.5, 7, 8, 7.5], "rotation": 270, "texture": "#2"},
				"down": {"uv": [7.5, 7, 8, 7.5], "rotation": 270, "texture": "#2"}
			}
		},
		{
			"name": "Rear Sight 10",
			"from": [7.875, 4.925, 14.795],
			"to": [8.125, 5.025, 15.195],
			"rotation": {"angle": 45, "axis": "z", "origin": [8, 5.225, 14.995]},
			"faces": {
				"north": {"uv": [7.5, 7, 8, 7.5], "rotation": 90, "texture": "#2"},
				"east": {"uv": [7.5, 7, 8, 7.5], "rotation": 270, "texture": "#2"},
				"south": {"uv": [7.5, 7, 8, 7.5], "rotation": 270, "texture": "#2"},
				"west": {"uv": [7.5, 7, 8, 7.5], "rotation": 270, "texture": "#2"},
				"up": {"uv": [7.5, 7, 8, 7.5], "rotation": 270, "texture": "#2"},
				"down": {"uv": [7.5, 7, 8, 7.5], "rotation": 270, "texture": "#2"}
			}
		}
	],
	"display": {
		"thirdperson_righthand": {
			"translation": [0, 6.5, -6.75],
			"scale": [1.1, 1.1, 1.1]
		},
		"firstperson_righthand": {
			"translation": [-3.5, 8.5, 0],
			"scale": [0.8, 0.8, 0.8]
		},
		"firstperson_lefthand": {
			"translation": [3.75, -3.25, 0]
		},
		"ground": {
			"translation": [0, 5, -1]
		},
		"gui": {
			"rotation": [30, 225, 0],
			"translation": [1.25, 4.5, 0],
			"scale": [1.2, 1.2, 1.2]
		},
		"fixed": {
			"rotation": [0, 90, 0],
			"translation": [-3.25, 11.25, -2],
			"scale": [2, 2, 2]
		}
	},
	"groups": [
		{
			"name": "Barrel",
			"origin": [8, 8, 8],
			"color": 0,
			"children": [
				0,
				1,
				2,
				3,
				4,
				5,
				6,
				7,
				8,
				9,
				10,
				11,
				12,
				13,
				14,
				15,
				{
					"name": "Front Sight",
					"origin": [8, 5.225, 4.6],
					"color": 0,
					"children": [16, 17, 18, 19, 20, 21, 22, 23, 24, 25]
				}
			]
		},
		{
			"name": "Grip",
			"origin": [8, 8, 8],
			"color": 0,
			"children": [26, 27, 28]
		},
		{
			"name": "Handguard",
			"origin": [8, 8, 8],
			"color": 0,
			"children": [29, 30, 31, 32, 33, 34, 35, 36, 37, 38, 39, 40, 41, 42, 43, 44, 45, 46, 47, 48, 49, 50, 51, 52, 53, 54, 55]
		},
		{
			"name": "Magazine",
			"origin": [8, 8, 8],
			"color": 0,
			"children": [56]
		},
		{
			"name": "Receiver",
			"origin": [8, 8, 8],
			"color": 0,
			"children": [
				57,
				58,
				59,
				60,
				61,
				62,
				63,
				64,
				65,
				66,
				67,
				68,
				69,
				70,
				71,
				72,
				73,
				{
					"name": "Rear Sight",
					"origin": [8, 5.225, 14.995],
					"color": 0,
					"children": [74, 75, 76, 77, 78, 79, 80, 81, 82, 83, 84, 85]
				}
			]
		}
	]
}