{
	"credit": "Made with Blockbench",
	"texture_size": [32, 32],
	"textures": {
		"2": "moguns:items/scar_h",
		"particle": "moguns:items/scar_h"
	},
	"elements": [
		{
			"name": "Receiver 16",
			"from": [7.9, 2.375, 10.8],
			"to": [8.7, 3.675, 14.1],
			"faces": {
				"north": {"uv": [0, 5.5, 2, 7.5], "texture": "#2"},
				"east": {"uv": [0, 5.5, 2, 7.5], "texture": "#2"},
				"south": {"uv": [0, 5.5, 2, 7.5], "texture": "#2"},
				"west": {"uv": [0, 5.5, 2, 7.5], "texture": "#2"},
				"up": {"uv": [0, 5.5, 2, 7.5], "texture": "#2"},
				"down": {"uv": [0, 5.5, 2, 7.5], "texture": "#2"}
			}
		},
		{
			"name": "Handguard 1",
			"from": [7, 4.1, 7.95],
			"to": [8.3, 4.3, 8.15],
			"faces": {
				"north": {"uv": [9.5, 7, 10, 7.5], "texture": "#2"},
				"east": {"uv": [9.5, 7, 10, 7.5], "texture": "#2"},
				"south": {"uv": [9.5, 7, 10, 7.5], "texture": "#2"},
				"west": {"uv": [9.5, 7, 10, 7.5], "texture": "#2"},
				"up": {"uv": [9.5, 7, 10, 7.5], "texture": "#2"},
				"down": {"uv": [9.5, 7, 10, 7.5], "texture": "#2"}
			}
		},
		{
			"name": "Handguard 18",
			"from": [7.65, 4, 5.75],
			"to": [8.35, 4.4, 11.9],
			"faces": {
				"north": {"uv": [8, 3.5, 9, 5.5], "texture": "#2"},
				"east": {"uv": [8, 3.5, 9, 5.5], "texture": "#2"},
				"south": {"uv": [8, 3.5, 9, 5.5], "texture": "#2"},
				"west": {"uv": [8, 3.5, 9, 5.5], "texture": "#2"},
				"up": {"uv": [8, 3.5, 9, 5.5], "texture": "#2"},
				"down": {"uv": [8, 3.5, 9, 5.5], "texture": "#2"}
			}
		}
	],
	"display": {
		"thirdperson_righthand": {
			"translation": [0, 6.5, -6.75],
			"scale": [1.1, 1.1, 1.1]
		},
		"firstperson_righthand": {
			"translation": [-3.5, 8.5, 0],
			"scale": [0.8, 0.8, 0.8]
		},
		"firstperson_lefthand": {
			"translation": [3.75, -3.25, 0]
		},
		"ground": {
			"translation": [0, 5, -1]
		},
		"gui": {
			"rotation": [30, 225, 0],
			"translation": [1.25, 4.5, 0],
			"scale": [1.2, 1.2, 1.2]
		},
		"fixed": {
			"rotation": [0, 90, 0],
			"translation": [-3.25, 11.25, -2],
			"scale": [2, 2, 2]
		}
	},
	"groups": [
		{
			"name": "Chamber",
			"origin": [0, 0, 0],
			"color": 0,
			"children": [0, 1, 2]
		}
	]
}