{
	"credit": "Made with Blockbench",
	"texture_size": [32, 32],
	"textures": {
		"2": "moguns:items/benelli",
		"particle": "moguns:items/benelli"
	},
	"elements": [
		{
			"from": [7.75, -0.25, 22],
			"to": [8.25, 3.65, 22.795],
			"rotation": {"angle": 0, "axis": "y", "origin": [0, -0.5, 0]},
			"faces": {
				"north": {"uv": [0, 8.5, 1, 9.5], "texture": "#2", "tintindex": 0},
				"east": {"uv": [8, 1.5, 2, 3.5], "texture": "#2", "tintindex": 0},
				"south": {"uv": [6.5, 6, 10, 7.5], "rotation": 90, "texture": "#2", "tintindex": 0},
				"west": {"uv": [2, 1.5, 8, 3.5], "texture": "#2", "tintindex": 0},
				"up": {"uv": [0, 8.5, 0.5, 9], "texture": "#2"},
				"down": {"uv": [2, 3.5, 8, 5.5], "rotation": 270, "texture": "#2", "tintindex": 0}
			}
		},
		{
			"from": [7.52, 0.3, 22],
			"to": [7.75, 3.095, 22.8],
			"rotation": {"angle": 0, "axis": "y", "origin": [0, -0.5, 0]},
			"faces": {
				"north": {"uv": [1, 8.5, 0, 7.5], "texture": "#2", "tintindex": 0},
				"east": {"uv": [1, 8.5, 0, 7.5], "texture": "#2", "tintindex": 0},
				"south": {"uv": [1, 8.5, 0, 7.5], "texture": "#2", "tintindex": 0},
				"west": {"uv": [1, 8.5, 0, 7.5], "texture": "#2", "tintindex": 0},
				"up": {"uv": [1, 8.5, 0, 7.5], "texture": "#2", "tintindex": 0},
				"down": {"uv": [1, 8.5, 0, 7.5], "texture": "#2", "tintindex": 0}
			}
		},
		{
			"from": [8.11635, 2.82464, 22],
			"to": [8.33135, 3.42464, 22.8],
			"rotation": {"angle": 22.5, "axis": "z", "origin": [7.73385, 3.33464, 22.4]},
			"faces": {
				"north": {"uv": [1, 8.5, 0, 7.5], "rotation": 180, "texture": "#2", "tintindex": 0},
				"east": {"uv": [1, 8.5, 0, 7.5], "rotation": 180, "texture": "#2", "tintindex": 0},
				"south": {"uv": [1, 8.5, 0, 7.5], "rotation": 180, "texture": "#2", "tintindex": 0},
				"west": {"uv": [1, 8.5, 0, 7.5], "rotation": 180, "texture": "#2", "tintindex": 0},
				"up": {"uv": [1, 8.5, 0, 7.5], "rotation": 180, "texture": "#2", "tintindex": 0},
				"down": {"uv": [1, 8.5, 0, 7.5], "rotation": 180, "texture": "#2", "tintindex": 0}
			}
		},
		{
			"from": [8.25, 0.3, 22],
			"to": [8.48, 3.095, 22.8],
			"rotation": {"angle": 0, "axis": "y", "origin": [0, -0.5, 0]},
			"faces": {
				"north": {"uv": [1, 8.5, 0, 7.5], "texture": "#2", "tintindex": 0},
				"east": {"uv": [1, 8.5, 0, 7.5], "texture": "#2", "tintindex": 0},
				"south": {"uv": [1, 8.5, 0, 7.5], "texture": "#2", "tintindex": 0},
				"west": {"uv": [1, 8.5, 0, 7.5], "texture": "#2", "tintindex": 0},
				"up": {"uv": [1, 8.5, 0, 7.5], "texture": "#2", "tintindex": 0},
				"down": {"uv": [1, 8.5, 0, 7.5], "texture": "#2", "tintindex": 0}
			}
		},
		{
			"from": [7.52, 1.5, 20.375],
			"to": [8.48, 3.095, 21.625],
			"rotation": {"angle": 0, "axis": "y", "origin": [0, 0.2, 0]},
			"faces": {
				"north": {"uv": [0, 9.5, 1, 8.5], "texture": "#2", "tintindex": 0},
				"east": {"uv": [0, 9.5, 1, 8.5], "texture": "#2", "tintindex": 0},
				"south": {"uv": [0, 9.5, 1, 8.5], "texture": "#2", "tintindex": 0},
				"west": {"uv": [0, 9.5, 1, 8.5], "texture": "#2", "tintindex": 0},
				"up": {"uv": [0, 9.5, 1, 8.5], "texture": "#2", "tintindex": 0},
				"down": {"uv": [0, 9.5, 1, 8.5], "texture": "#2", "tintindex": 0}
			}
		},
		{
			"from": [7.52, 2.175, 19.995],
			"to": [8.48, 3.94, 20.42],
			"rotation": {"angle": -45, "axis": "x", "origin": [8, 2.2975, 21]},
			"faces": {
				"north": {"uv": [0, 9.5, 1, 8.5], "texture": "#2", "tintindex": 0},
				"east": {"uv": [0, 9.5, 1, 8.5], "texture": "#2", "tintindex": 0},
				"south": {"uv": [0, 9.5, 1, 8.5], "texture": "#2", "tintindex": 0},
				"west": {"uv": [0, 9.5, 1, 8.5], "texture": "#2", "tintindex": 0},
				"up": {"uv": [0, 9.5, 1, 8.5], "texture": "#2", "tintindex": 0},
				"down": {"uv": [0, 9.5, 1, 8.5], "texture": "#2", "tintindex": 0}
			}
		},
		{
			"from": [7.52, 2.395, 19.72],
			"to": [8.48, 2.75, 20.375],
			"rotation": {"angle": 0, "axis": "y", "origin": [0, 0.2, 0]},
			"faces": {
				"north": {"uv": [0, 9.5, 1, 8.5], "texture": "#2", "tintindex": 0},
				"east": {"uv": [0, 9.5, 1, 8.5], "texture": "#2", "tintindex": 0},
				"south": {"uv": [0, 9.5, 1, 8.5], "texture": "#2", "tintindex": 0},
				"west": {"uv": [0, 9.5, 1, 8.5], "texture": "#2", "tintindex": 0},
				"up": {"uv": [0, 9.5, 1, 8.5], "texture": "#2", "tintindex": 0},
				"down": {"uv": [0, 9.5, 1, 8.5], "texture": "#2", "tintindex": 0}
			}
		},
		{
			"from": [7.52, 2.1, 20.075],
			"to": [8.48, 2.395, 20.375],
			"rotation": {"angle": 0, "axis": "x", "origin": [8, 2.5725, 20.0475]},
			"faces": {
				"north": {"uv": [0, 9.5, 1, 8.5], "rotation": 270, "texture": "#2", "tintindex": 0},
				"east": {"uv": [0, 9.5, 1, 8.5], "rotation": 270, "texture": "#2", "tintindex": 0},
				"south": {"uv": [0, 9.5, 1, 8.5], "rotation": 270, "texture": "#2", "tintindex": 0},
				"west": {"uv": [0, 9.5, 1, 8.5], "rotation": 270, "texture": "#2", "tintindex": 0},
				"up": {"uv": [0, 9.5, 1, 8.5], "rotation": 270, "texture": "#2", "tintindex": 0},
				"down": {"uv": [0, 9.5, 1, 8.5], "rotation": 270, "texture": "#2", "tintindex": 0}
			}
		},
		{
			"from": [7.52, 2.75, 19.125],
			"to": [8.48, 3.095, 20.375],
			"rotation": {"angle": 0, "axis": "y", "origin": [0, 0.2, 0]},
			"faces": {
				"north": {"uv": [0, 9.5, 1, 8.5], "texture": "#2", "tintindex": 0},
				"east": {"uv": [0, 9.5, 1, 8.5], "texture": "#2", "tintindex": 0},
				"south": {"uv": [0, 9.5, 1, 8.5], "texture": "#2", "tintindex": 0},
				"west": {"uv": [0, 9.5, 1, 8.5], "texture": "#2", "tintindex": 0},
				"up": {"uv": [0, 9.5, 1, 8.5], "texture": "#2", "tintindex": 0},
				"down": {"uv": [0, 9.5, 1, 8.5], "texture": "#2", "tintindex": 0}
			}
		},
		{
			"from": [7.52, 2.77, 18.825],
			"to": [8.48, 3.095, 19.125],
			"rotation": {"angle": 0, "axis": "y", "origin": [0, 0.2, 0]},
			"faces": {
				"north": {"uv": [0, 9.5, 1, 8.5], "texture": "#2", "tintindex": 0},
				"east": {"uv": [0, 9.5, 1, 8.5], "texture": "#2", "tintindex": 0},
				"south": {"uv": [0, 9.5, 1, 8.5], "texture": "#2", "tintindex": 0},
				"west": {"uv": [0, 9.5, 1, 8.5], "texture": "#2", "tintindex": 0},
				"up": {"uv": [0, 9.5, 1, 8.5], "texture": "#2", "tintindex": 0},
				"down": {"uv": [0, 9.5, 1, 8.5], "texture": "#2", "tintindex": 0}
			}
		},
		{
			"from": [7.52, 2.79, 18.525],
			"to": [8.48, 3.095, 18.825],
			"rotation": {"angle": 0, "axis": "y", "origin": [0, 0.2, 0]},
			"faces": {
				"north": {"uv": [0, 9.5, 1, 8.5], "texture": "#2", "tintindex": 0},
				"east": {"uv": [0, 9.5, 1, 8.5], "texture": "#2", "tintindex": 0},
				"south": {"uv": [0, 9.5, 1, 8.5], "texture": "#2", "tintindex": 0},
				"west": {"uv": [0, 9.5, 1, 8.5], "texture": "#2", "tintindex": 0},
				"up": {"uv": [0, 9.5, 1, 8.5], "texture": "#2", "tintindex": 0},
				"down": {"uv": [0, 9.5, 1, 8.5], "texture": "#2", "tintindex": 0}
			}
		},
		{
			"from": [7.52, 2.83, 17.925],
			"to": [8.48, 3.095, 18.225],
			"rotation": {"angle": 0, "axis": "y", "origin": [0, 0.2, 0]},
			"faces": {
				"north": {"uv": [0, 9.5, 1, 8.5], "texture": "#2", "tintindex": 0},
				"east": {"uv": [0, 9.5, 1, 8.5], "texture": "#2", "tintindex": 0},
				"south": {"uv": [0, 9.5, 1, 8.5], "texture": "#2", "tintindex": 0},
				"west": {"uv": [0, 9.5, 1, 8.5], "texture": "#2", "tintindex": 0},
				"up": {"uv": [0, 9.5, 1, 8.5], "texture": "#2", "tintindex": 0},
				"down": {"uv": [0, 9.5, 1, 8.5], "texture": "#2", "tintindex": 0}
			}
		},
		{
			"from": [7.52, 2.81, 18.225],
			"to": [8.48, 3.095, 18.525],
			"rotation": {"angle": 0, "axis": "y", "origin": [0, 0.2, 0]},
			"faces": {
				"north": {"uv": [0, 9.5, 1, 8.5], "texture": "#2", "tintindex": 0},
				"east": {"uv": [0, 9.5, 1, 8.5], "texture": "#2", "tintindex": 0},
				"south": {"uv": [0, 9.5, 1, 8.5], "texture": "#2", "tintindex": 0},
				"west": {"uv": [0, 9.5, 1, 8.5], "texture": "#2", "tintindex": 0},
				"up": {"uv": [0, 9.5, 1, 8.5], "texture": "#2", "tintindex": 0},
				"down": {"uv": [0, 9.5, 1, 8.5], "texture": "#2", "tintindex": 0}
			}
		},
		{
			"from": [7.52, 2.87, 17.325],
			"to": [8.48, 3.095, 17.625],
			"rotation": {"angle": 0, "axis": "y", "origin": [0, 0.2, 0]},
			"faces": {
				"north": {"uv": [0, 9.5, 1, 8.5], "texture": "#2", "tintindex": 0},
				"east": {"uv": [0, 9.5, 1, 8.5], "texture": "#2", "tintindex": 0},
				"south": {"uv": [0, 9.5, 1, 8.5], "texture": "#2", "tintindex": 0},
				"west": {"uv": [0, 9.5, 1, 8.5], "texture": "#2", "tintindex": 0},
				"up": {"uv": [0, 9.5, 1, 8.5], "texture": "#2", "tintindex": 0},
				"down": {"uv": [0, 9.5, 1, 8.5], "texture": "#2", "tintindex": 0}
			}
		},
		{
			"from": [7.52, 2.85, 17.625],
			"to": [8.48, 3.095, 17.925],
			"rotation": {"angle": 0, "axis": "y", "origin": [0, 0.2, 0]},
			"faces": {
				"north": {"uv": [0, 9.5, 1, 8.5], "texture": "#2", "tintindex": 0},
				"east": {"uv": [0, 9.5, 1, 8.5], "texture": "#2", "tintindex": 0},
				"south": {"uv": [0, 9.5, 1, 8.5], "texture": "#2", "tintindex": 0},
				"west": {"uv": [0, 9.5, 1, 8.5], "texture": "#2", "tintindex": 0},
				"up": {"uv": [0, 9.5, 1, 8.5], "texture": "#2", "tintindex": 0},
				"down": {"uv": [0, 9.5, 1, 8.5], "texture": "#2", "tintindex": 0}
			}
		},
		{
			"from": [7.61941, 3.05314, 22],
			"to": [7.83441, 3.65314, 22.8],
			"rotation": {"angle": -22.5, "axis": "z", "origin": [7.66691, 3.32814, 22.4]},
			"faces": {
				"north": {"uv": [0, 8.5, 1, 7.5], "texture": "#2", "tintindex": 0},
				"east": {"uv": [0, 8.5, 1, 7.5], "texture": "#2", "tintindex": 0},
				"south": {"uv": [0, 8.5, 1, 7.5], "texture": "#2", "tintindex": 0},
				"west": {"uv": [0, 8.5, 1, 7.5], "texture": "#2", "tintindex": 0},
				"up": {"uv": [0, 8.5, 1, 7.5], "texture": "#2", "tintindex": 0},
				"down": {"uv": [0, 8.5, 1, 7.5], "texture": "#2", "tintindex": 0}
			}
		},
		{
			"from": [8.07635, 2.82464, 17.325],
			"to": [8.33135, 3.42464, 21.625],
			"rotation": {"angle": 22.5, "axis": "z", "origin": [7.73385, 3.33464, 21.225]},
			"faces": {
				"north": {"uv": [1, 9.5, 0, 8.5], "rotation": 180, "texture": "#2"},
				"east": {"uv": [1, 9.5, 0, 8.5], "rotation": 180, "texture": "#2"},
				"south": {"uv": [1, 9.5, 0, 8.5], "rotation": 180, "texture": "#2"},
				"west": {"uv": [1, 9.5, 0, 8.5], "rotation": 180, "texture": "#2"},
				"up": {"uv": [1, 9.5, 0, 8.5], "rotation": 180, "texture": "#2"},
				"down": {"uv": [1, 9.5, 0, 8.5], "rotation": 180, "texture": "#2"}
			}
		},
		{
			"from": [7.61941, 3.05314, 17.325],
			"to": [7.86941, 3.65314, 21.625],
			"rotation": {"angle": -22.5, "axis": "z", "origin": [7.66691, 3.32814, 21.225]},
			"faces": {
				"north": {"uv": [1, 8.5, 0, 9.5], "texture": "#2", "tintindex": 0},
				"east": {"uv": [1, 8.5, 0, 9.5], "texture": "#2", "tintindex": 0},
				"south": {"uv": [1, 8.5, 0, 9.5], "texture": "#2", "tintindex": 0},
				"west": {"uv": [1, 8.5, 0, 9.5], "texture": "#2", "tintindex": 0},
				"up": {"uv": [1, 8.5, 0, 9.5], "texture": "#2", "tintindex": 0},
				"down": {"uv": [1, 8.5, 0, 9.5], "texture": "#2", "tintindex": 0}
			}
		},
		{
			"from": [8.13908, -0.12949, 22],
			"to": [8.35408, 0.47051, 22.8],
			"rotation": {"angle": -22.5, "axis": "z", "origin": [7.99941, 0.06821, 22.4]},
			"faces": {
				"north": {"uv": [1, 8.5, 0, 7.5], "rotation": 180, "texture": "#2", "tintindex": 0},
				"east": {"uv": [1, 8.5, 0, 7.5], "rotation": 180, "texture": "#2", "tintindex": 0},
				"south": {"uv": [1, 8.5, 0, 7.5], "rotation": 180, "texture": "#2", "tintindex": 0},
				"west": {"uv": [1, 8.5, 0, 7.5], "rotation": 180, "texture": "#2", "tintindex": 0},
				"up": {"uv": [1, 8.5, 0, 7.5], "rotation": 180, "texture": "#2", "tintindex": 0},
				"down": {"uv": [1, 8.5, 0, 7.5], "rotation": 180, "texture": "#2", "tintindex": 0}
			}
		},
		{
			"from": [7.6448, -0.12936, 22],
			"to": [7.8598, 0.47064, 22.8],
			"rotation": {"angle": 22.5, "axis": "z", "origin": [7.99941, 0.06821, 22.4]},
			"faces": {
				"north": {"uv": [0, 8.5, 1, 7.5], "texture": "#2", "tintindex": 0},
				"east": {"uv": [0, 8.5, 1, 7.5], "texture": "#2", "tintindex": 0},
				"south": {"uv": [0, 8.5, 1, 7.5], "texture": "#2", "tintindex": 0},
				"west": {"uv": [0, 8.5, 1, 7.5], "texture": "#2", "tintindex": 0},
				"up": {"uv": [0, 8.5, 1, 7.5], "texture": "#2", "tintindex": 0},
				"down": {"uv": [0, 8.5, 1, 7.5], "texture": "#2", "tintindex": 0}
			}
		},
		{
			"from": [7.75, 0.605, 14.76],
			"to": [8.25, 1.105, 22.165],
			"rotation": {"angle": 22.5, "axis": "x", "origin": [8, 0.5, 21.05]},
			"faces": {
				"north": {"uv": [1, 8.5, 2, 9.5], "texture": "#2"},
				"east": {"uv": [1, 8.5, 2, 9.5], "texture": "#2"},
				"south": {"uv": [1, 8.5, 2, 9.5], "texture": "#2"},
				"west": {"uv": [1, 8.5, 2, 9.5], "texture": "#2"},
				"up": {"uv": [1, 8.5, 2, 9.5], "texture": "#2"},
				"down": {"uv": [1, 8.5, 2, 9.5], "texture": "#2"}
			}
		},
		{
			"from": [7.75, 2.995, 17.325],
			"to": [8.25, 3.65, 21.625],
			"rotation": {"angle": 0, "axis": "x", "origin": [8, 1.2, 21.05]},
			"faces": {
				"north": {"uv": [1, 8.5, 0, 9.5], "texture": "#2"},
				"east": {"uv": [1, 8.5, 0, 9.5], "texture": "#2"},
				"south": {"uv": [1, 8.5, 0, 9.5], "texture": "#2"},
				"west": {"uv": [1, 8.5, 0, 9.5], "texture": "#2"},
				"up": {"uv": [1, 8.5, 0, 9.5], "texture": "#2"},
				"down": {"uv": [1, 8.5, 0, 9.5], "texture": "#2"}
			}
		},
		{
			"from": [7.75, 3.05, 21.56],
			"to": [8.25, 3.55, 22.025],
			"rotation": {"angle": 0, "axis": "x", "origin": [8, 1.2, 21.05]},
			"faces": {
				"north": {"uv": [1, 8.5, 2, 9.5], "texture": "#2"},
				"east": {"uv": [1, 8.5, 2, 9.5], "texture": "#2"},
				"south": {"uv": [1, 8.5, 2, 9.5], "texture": "#2"},
				"west": {"uv": [1, 8.5, 2, 9.5], "texture": "#2"},
				"up": {"uv": [1, 8.5, 2, 9.5], "texture": "#2"},
				"down": {"uv": [1, 8.5, 2, 9.5], "texture": "#2"}
			}
		}
	],
	"display": {
		"thirdperson_righthand": {
			"translation": [0, 6.5, -6.75],
			"scale": [1.1, 1.1, 1.1]
		},
		"firstperson_righthand": {
			"translation": [-3.5, 8.5, 0],
			"scale": [0.8, 0.8, 0.8]
		},
		"firstperson_lefthand": {
			"translation": [3.75, -3.25, 0]
		},
		"ground": {
			"translation": [0, 5, -1]
		},
		"gui": {
			"rotation": [30, 225, 0],
			"translation": [1.25, 4.5, 0],
			"scale": [1.2, 1.2, 1.2]
		},
		"fixed": {
			"rotation": [0, 90, 0],
			"translation": [-3.25, 11.25, -1],
			"scale": [2, 2, 2]
		}
	},
	"groups": [
		{
			"name": "Stock",
			"origin": [8.40834, 3.025, 16.79184],
			"color": 0,
			"children": [0, 1, 2, 3, 4, 5, 6, 7, 8, 9, 10, 11, 12, 13, 14, 15, 16, 17, 18, 19, 20, 21, 22]
		}
	]
}