{
	"credit": "Made with Blockbench",
	"texture_size": [32, 32],
	"textures": {
		"0": "moguns:items/g36c_stock",
		"particle": "moguns:items/g36c_stock"
	},
	"elements": [
		{
			"from": [7.4501, 0.3, 20.8],
			"to": [8.5501, 3.8, 21.5],
			"rotation": {"angle": 0, "axis": "y", "origin": [8.2, 7.75, 8.4]},
			"faces": {
				"north": {"uv": [2, 4.5, 3, 8.5], "texture": "#0"},
				"east": {"uv": [1, 3.5, 2, 8.5], "texture": "#0"},
				"south": {"uv": [0, 2, 1, 8.5], "texture": "#0"},
				"west": {"uv": [3, 3.5, 4, 8.5], "texture": "#0"},
				"up": {"uv": [1, 1, 2, 2], "texture": "#0"},
				"down": {"uv": [0, 8.5, 1, 9.5], "rotation": 270, "texture": "#0"}
			}
		},
		{
			"from": [7.4501, 1.1, 20.1],
			"to": [8.5501, 1.88, 20.8],
			"rotation": {"angle": 0, "axis": "y", "origin": [8.2, 7.75, 8.4]},
			"faces": {
				"north": {"uv": [0, 9.5, 2, 11.5], "texture": "#0"},
				"east": {"uv": [0, 9.5, 2, 11.5], "texture": "#0"},
				"south": {"uv": [0, 9.5, 2, 11.5], "texture": "#0"},
				"west": {"uv": [0, 9.5, 2, 11.5], "texture": "#0"},
				"up": {"uv": [0, 9.5, 2, 11.5], "texture": "#0"},
				"down": {"uv": [0, 9.5, 2, 11.5], "texture": "#0"}
			}
		},
		{
			"from": [7.4501, 2.23, 16.2],
			"to": [8.5501, 4.4, 16.9],
			"rotation": {"angle": 0, "axis": "y", "origin": [8.2, 7.75, 8.4]},
			"faces": {
				"north": {"uv": [13.5, 3, 16, 6.5], "texture": "#0"},
				"east": {"uv": [12, 6.5, 13, 8.5], "texture": "#0"},
				"south": {"uv": [11.5, 0, 13.5, 6.5], "texture": "#0"},
				"west": {"uv": [12, 8.5, 13, 10.5], "rotation": 180, "texture": "#0"},
				"up": {"uv": [12.5, 3.5, 13.5, 6.5], "texture": "#0"},
				"down": {"uv": [13, 7, 13.5, 10], "rotation": 270, "texture": "#0"}
			}
		},
		{
			"from": [7.4501, 2.43, 16.9],
			"to": [8.5501, 4, 17.4],
			"rotation": {"angle": 0, "axis": "y", "origin": [8.2, 7.75, 8.4]},
			"faces": {
				"north": {"uv": [10, 8, 11, 9], "texture": "#0"},
				"east": {"uv": [12, 6.5, 12.5, 9], "texture": "#0"},
				"south": {"uv": [10, 6.5, 11, 9], "texture": "#0"},
				"west": {"uv": [12, 8, 12.5, 10.5], "rotation": 180, "texture": "#0"},
				"up": {"uv": [11.5, 5.5, 12.5, 6.5], "texture": "#0"},
				"down": {"uv": [11, 6.5, 12.5, 9], "texture": "#0"}
			}
		},
		{
			"from": [7.4501, 2.23, 18.6],
			"to": [8.5501, 3.75, 18.8],
			"rotation": {"angle": 0, "axis": "y", "origin": [8.2, 7.75, 8.4]},
			"faces": {
				"north": {"uv": [8, 3, 8.5, 6], "texture": "#0"},
				"east": {"uv": [8, 3, 8.5, 6], "texture": "#0"},
				"south": {"uv": [8, 3, 8.5, 6], "texture": "#0"},
				"west": {"uv": [8, 3, 8.5, 6], "texture": "#0"},
				"up": {"uv": [8.5, 3.5, 9.5, 4], "texture": "#0"},
				"down": {"uv": [7.5, 3.5, 8.5, 6.5], "texture": "#0"}
			}
		},
		{
			"from": [7.4501, 3.53, 18.8],
			"to": [8.5501, 3.75, 20.8],
			"rotation": {"angle": 0, "axis": "y", "origin": [8.2, 7.75, 8.4]},
			"faces": {
				"north": {"uv": [4, 0, 8, 1], "texture": "#0"},
				"east": {"uv": [4, 0, 8, 1], "texture": "#0"},
				"south": {"uv": [4, 0, 8, 1], "texture": "#0"},
				"west": {"uv": [4, 0, 8, 1], "texture": "#0"},
				"up": {"uv": [4, 0, 8, 1], "texture": "#0"},
				"down": {"uv": [4, 0, 8, 1], "texture": "#0"}
			}
		},
		{
			"from": [7.4501, 2.23, 16.9],
			"to": [8.5501, 2.45, 18.6],
			"rotation": {"angle": 0, "axis": "y", "origin": [8.2, 7.75, 8.4]},
			"faces": {
				"north": {"uv": [5, 8.5, 9, 9.5], "texture": "#0"},
				"east": {"uv": [5, 8.5, 9, 9.5], "texture": "#0"},
				"south": {"uv": [5, 8.5, 9, 9.5], "texture": "#0"},
				"west": {"uv": [5, 8.5, 9, 9.5], "rotation": 180, "texture": "#0"},
				"up": {"uv": [5, 8.5, 9, 9.5], "rotation": 270, "texture": "#0"},
				"down": {"uv": [5, 8.5, 9, 9.5], "rotation": 90, "texture": "#0"}
			}
		},
		{
			"from": [7.4501, 3.33, 17.4],
			"to": [8.5501, 3.75, 18.6],
			"rotation": {"angle": 0, "axis": "y", "origin": [8.2, 7.75, 8.4]},
			"faces": {
				"north": {"uv": [10, 5.5, 13.5, 4.5], "rotation": 90, "texture": "#0"},
				"east": {"uv": [10, 5.5, 13.5, 4.5], "rotation": 90, "texture": "#0"},
				"south": {"uv": [10, 5.5, 13.5, 4.5], "rotation": 90, "texture": "#0"},
				"west": {"uv": [10, 5.5, 13.5, 4.5], "rotation": 90, "texture": "#0"},
				"up": {"uv": [10, 5.5, 13.5, 4.5], "rotation": 90, "texture": "#0"},
				"down": {"uv": [10, 5.5, 13.5, 4.5], "rotation": 90, "texture": "#0"}
			}
		},
		{
			"from": [7.4501, 3.53, 16.65],
			"to": [8.5501, 3.95, 18.345],
			"rotation": {"angle": 22.5, "axis": "x", "origin": [8.15, 3.54, 17.9]},
			"faces": {
				"north": {"uv": [10, 4, 13.5, 4.5], "texture": "#0"},
				"east": {"uv": [10, 4, 13.5, 4.5], "texture": "#0"},
				"south": {"uv": [10, 4, 13.5, 4.5], "texture": "#0"},
				"west": {"uv": [10, 4, 13.5, 4.5], "texture": "#0"},
				"up": {"uv": [10, 4, 13.5, 4.5], "texture": "#0"},
				"down": {"uv": [10, 4, 13.5, 4.5], "texture": "#0"}
			}
		},
		{
			"from": [7.4501, 2.63, 19.05],
			"to": [8.5501, 2.85, 21.545],
			"rotation": {"angle": 22.5, "axis": "x", "origin": [8.15, 3.54, 17.9]},
			"faces": {
				"north": {"uv": [2, 8.5, 3, 9.5], "texture": "#0"},
				"east": {"uv": [2, 8.5, 3, 9.5], "texture": "#0"},
				"south": {"uv": [2, 8.5, 3, 9.5], "texture": "#0"},
				"west": {"uv": [2, 8.5, 3, 9.5], "texture": "#0"},
				"up": {"uv": [2, 8.5, 3, 9.5], "texture": "#0"},
				"down": {"uv": [2, 8.5, 3, 9.5], "texture": "#0"}
			}
		},
		{
			"from": [7.4501, 0.46988, 19.63558],
			"to": [8.5501, 3.06488, 19.85558],
			"rotation": {"angle": -45, "axis": "x", "origin": [8.15, 1.79238, 20.42058]},
			"faces": {
				"north": {"uv": [2, 8.5, 4, 9.5], "rotation": 90, "texture": "#0"},
				"east": {"uv": [2, 8.5, 4, 9.5], "rotation": 90, "texture": "#0"},
				"south": {"uv": [2, 8.5, 4, 9.5], "rotation": 90, "texture": "#0"},
				"west": {"uv": [2, 8.5, 4, 9.5], "rotation": 90, "texture": "#0"},
				"up": {"uv": [2, 8.5, 4, 9.5], "rotation": 90, "texture": "#0"},
				"down": {"uv": [2, 8.5, 4, 9.5], "rotation": 90, "texture": "#0"}
			}
		},
		{
			"from": [7.4501, 0.66988, 19.83558],
			"to": [8.5501, 2.56488, 20.05558],
			"rotation": {"angle": -45, "axis": "x", "origin": [8.15, 1.79238, 20.42058]},
			"faces": {
				"north": {"uv": [2, 8.5, 4, 9.5], "rotation": 90, "texture": "#0"},
				"east": {"uv": [2, 8.5, 4, 9.5], "rotation": 90, "texture": "#0"},
				"south": {"uv": [2, 8.5, 4, 9.5], "rotation": 90, "texture": "#0"},
				"west": {"uv": [2, 8.5, 4, 9.5], "rotation": 90, "texture": "#0"},
				"up": {"uv": [2, 8.5, 4, 9.5], "rotation": 90, "texture": "#0"},
				"down": {"uv": [2, 8.5, 4, 9.5], "rotation": 90, "texture": "#0"}
			}
		},
		{
			"from": [7.4501, 0.86988, 20.03558],
			"to": [8.5501, 2.06488, 20.25558],
			"rotation": {"angle": -45, "axis": "x", "origin": [8.15, 1.79238, 20.42058]},
			"faces": {
				"north": {"uv": [2, 8.5, 3, 9.5], "rotation": 90, "texture": "#0"},
				"east": {"uv": [2, 8.5, 3, 9.5], "rotation": 90, "texture": "#0"},
				"south": {"uv": [2, 8.5, 3, 9.5], "rotation": 90, "texture": "#0"},
				"west": {"uv": [2, 8.5, 3, 9.5], "rotation": 90, "texture": "#0"},
				"up": {"uv": [2, 8.5, 3, 9.5], "rotation": 90, "texture": "#0"},
				"down": {"uv": [2, 8.5, 3, 9.5], "rotation": 90, "texture": "#0"}
			}
		},
		{
			"from": [8.5501, 2.23, 16],
			"to": [9.0501, 4.4, 16.5],
			"rotation": {"angle": 0, "axis": "y", "origin": [8.2, 7.75, 8.4]},
			"faces": {
				"north": {"uv": [15, 6.5, 16, 10], "texture": "#0"},
				"east": {"uv": [15, 6.5, 16, 10], "texture": "#0"},
				"south": {"uv": [15, 6.5, 16, 10], "texture": "#0"},
				"west": {"uv": [15, 6.5, 16, 10], "texture": "#0"},
				"up": {"uv": [15, 6.5, 16, 7], "texture": "#0"},
				"down": {"uv": [15, 9.5, 16, 10], "texture": "#0"}
			}
		}
	],
	"display": {
		"thirdperson_righthand": {
			"translation": [0, 6.5, -6.75],
			"scale": [1.1, 1.1, 1.1]
		},
		"firstperson_righthand": {
			"translation": [-3.5, 8.5, 0],
			"scale": [0.8, 0.8, 0.8]
		},
		"firstperson_lefthand": {
			"translation": [3.75, -3.25, 0]
		},
		"ground": {
			"translation": [0, 5, -1]
		},
		"gui": {
			"rotation": [30, 225, 0],
			"translation": [1.25, 4.5, 0],
			"scale": [1.2, 1.2, 1.2]
		},
		"fixed": {
			"rotation": [0, 90, 0],
			"translation": [-3.25, 11.25, -2],
			"scale": [2, 2, 2]
		}
	}
}