{
	"credit": "Made with Blockbench",
	"texture_size": [32, 32],
	"textures": {
		"2_1": "moguns:items/blue_heat"
	},
	"elements": [
		{
			"from": [7.4, 2.25, 16.2],
			"to": [8.6, 3.7, 18.7],
			"rotation": {"angle": 0, "axis": "y", "origin": [0, -0.4, 0]},
			"faces": {
				"north": {"uv": [5.5, 3, 6.5, 4], "texture": "#2_1", "tintindex": 0},
				"east": {"uv": [0.5, 0, 3.5, 2], "texture": "#2_1", "tintindex": 0},
				"south": {"uv": [1, 1, 0, 3], "rotation": 90, "texture": "#2_1", "tintindex": 0},
				"west": {"uv": [3.5, 0, 0, 2], "texture": "#2_1", "tintindex": 0},
				"up": {"uv": [3, 1, 1.5, 2.5], "rotation": 90, "texture": "#2_1", "tintindex": 0},
				"down": {"uv": [0, 0, 3.5, 2], "rotation": 90, "texture": "#2_1", "tintindex": 0}
			}
		},
		{
			"from": [7.88, 3.7, 16.2],
			"to": [8.12, 3.9, 18.7],
			"rotation": {"angle": 0, "axis": "y", "origin": [-0.2, 0, 0]},
			"faces": {
				"north": {"uv": [5.5, 3, 6.5, 4], "texture": "#2_1", "tintindex": 0},
				"east": {"uv": [0, 2.5, 6, 3.5], "texture": "#2_1", "tintindex": 0},
				"south": {"uv": [0.5, 1, 0, 1.5], "rotation": 90, "texture": "#2_1", "tintindex": 0},
				"west": {"uv": [6, 0, 0, 1], "texture": "#2_1", "tintindex": 0},
				"up": {"uv": [5, 2, 1.5, 2.5], "rotation": 90, "texture": "#2_1", "tintindex": 0},
				"down": {"uv": [1, 1.5, 6, 2], "texture": "#2_1", "tintindex": 0}
			}
		},
		{
			"from": [7.4, 3.7, 16.2],
			"to": [7.92, 3.9, 18.695],
			"rotation": {"angle": 22.5, "axis": "z", "origin": [7.9, 3.8, 18.85]},
			"faces": {
				"north": {"uv": [5.5, 3, 6.5, 4], "texture": "#2_1", "tintindex": 0},
				"east": {"uv": [0, 2.5, 6, 3.5], "texture": "#2_1", "tintindex": 0},
				"south": {"uv": [0.5, 1, 0, 1.5], "rotation": 90, "texture": "#2_1", "tintindex": 0},
				"west": {"uv": [6, 0, 0, 1], "texture": "#2_1", "tintindex": 0},
				"up": {"uv": [5, 1.5, 2, 2], "rotation": 90, "texture": "#2_1", "tintindex": 0},
				"down": {"uv": [1, 1.5, 6, 2], "texture": "#2_1", "tintindex": 0}
			}
		},
		{
			"from": [8.08, 3.7, 16.2],
			"to": [8.6, 3.9, 18.695],
			"rotation": {"angle": -22.5, "axis": "z", "origin": [8.1, 3.8, 18.85]},
			"faces": {
				"north": {"uv": [6.5, 3, 5.5, 4], "texture": "#2_1", "tintindex": 0},
				"east": {"uv": [0, 0, 6, 1], "texture": "#2_1", "tintindex": 0},
				"south": {"uv": [0.5, 1.5, 0, 1], "rotation": 90, "texture": "#2_1", "tintindex": 0},
				"west": {"uv": [6, 2.5, 0, 3.5], "texture": "#2_1", "tintindex": 0},
				"up": {"uv": [3, 4.5, 0, 4], "rotation": 90, "texture": "#2_1", "tintindex": 0},
				"down": {"uv": [6, 1.5, 1, 2], "texture": "#2_1", "tintindex": 0}
			}
		},
		{
			"from": [8.18, 3.45, 18.7],
			"to": [8.7, 3.65, 21.495],
			"rotation": {"angle": -22.5, "axis": "z", "origin": [8.2, 3.55, 21.65]},
			"faces": {
				"north": {"uv": [6.5, 3, 5.5, 4], "texture": "#2_1", "tintindex": 0},
				"east": {"uv": [0, 0, 6, 1], "texture": "#2_1", "tintindex": 0},
				"south": {"uv": [1, 6.5, 0.5, 6], "rotation": 90, "texture": "#2_1", "tintindex": 0},
				"west": {"uv": [6, 2.5, 0, 3.5], "texture": "#2_1", "tintindex": 0},
				"up": {"uv": [4.5, 7, 0, 6], "rotation": 90, "texture": "#2_1", "tintindex": 0},
				"down": {"uv": [6, 1.5, 1, 2], "texture": "#2_1", "tintindex": 0}
			}
		},
		{
			"from": [7.78, 3.45, 18.7],
			"to": [8.22, 3.65, 21.5],
			"rotation": {"angle": 0, "axis": "y", "origin": [-0.2, -0.25, 2.8]},
			"faces": {
				"north": {"uv": [5.5, 3, 6.5, 4], "texture": "#2_1", "tintindex": 0},
				"east": {"uv": [0, 2.5, 6, 3.5], "texture": "#2_1", "tintindex": 0},
				"south": {"uv": [1, 6, 0.5, 6.5], "rotation": 90, "texture": "#2_1", "tintindex": 0},
				"west": {"uv": [6, 0, 0, 1], "texture": "#2_1", "tintindex": 0},
				"up": {"uv": [6, 6, 0, 6.5], "rotation": 90, "texture": "#2_1", "tintindex": 0},
				"down": {"uv": [1, 1.5, 6, 2], "texture": "#2_1", "tintindex": 0}
			}
		},
		{
			"from": [7.78, 3.69, 18.94],
			"to": [8.18, 4.09, 19.34],
			"rotation": {"angle": 45, "axis": "x", "origin": [7.98, 3.65, 18.9]},
			"faces": {
				"north": {"uv": [10.5, 2, 11, 2.5], "rotation": 270, "texture": "#2_1", "tintindex": 0},
				"east": {"uv": [10.5, 2, 11, 2.5], "rotation": 270, "texture": "#2_1", "tintindex": 0},
				"south": {"uv": [10.5, 2, 11, 2.5], "rotation": 270, "texture": "#2_1", "tintindex": 0},
				"west": {"uv": [10.5, 2, 11, 2.5], "rotation": 270, "texture": "#2_1", "tintindex": 0},
				"up": {"uv": [10.5, 2, 11, 2.5], "rotation": 270, "texture": "#2_1", "tintindex": 0},
				"down": {"uv": [10.5, 2, 11, 2.5], "rotation": 270, "texture": "#2_1", "tintindex": 0}
			}
		},
		{
			"from": [7.78, 4.9, 20.15],
			"to": [8.18, 5.3, 20.55],
			"rotation": {"angle": 45, "axis": "x", "origin": [7.98, 3.65, 18.9]},
			"faces": {
				"north": {"uv": [10.5, 2, 11, 2.5], "rotation": 270, "texture": "#2_1", "tintindex": 0},
				"east": {"uv": [10.5, 2, 11, 2.5], "rotation": 270, "texture": "#2_1", "tintindex": 0},
				"south": {"uv": [10.5, 2, 11, 2.5], "rotation": 270, "texture": "#2_1", "tintindex": 0},
				"west": {"uv": [10.5, 2, 11, 2.5], "rotation": 270, "texture": "#2_1", "tintindex": 0},
				"up": {"uv": [10.5, 2, 11, 2.5], "rotation": 270, "texture": "#2_1", "tintindex": 0},
				"down": {"uv": [10.5, 2, 11, 2.5], "rotation": 270, "texture": "#2_1", "tintindex": 0}
			}
		},
		{
			"from": [7.78, 4.3, 19.55],
			"to": [8.18, 4.7, 19.95],
			"rotation": {"angle": 45, "axis": "x", "origin": [7.98, 3.65, 18.9]},
			"faces": {
				"north": {"uv": [10.5, 2, 11, 2.5], "rotation": 270, "texture": "#2_1", "tintindex": 0},
				"east": {"uv": [10.5, 2, 11, 2.5], "rotation": 270, "texture": "#2_1", "tintindex": 0},
				"south": {"uv": [10.5, 2, 11, 2.5], "rotation": 270, "texture": "#2_1", "tintindex": 0},
				"west": {"uv": [10.5, 2, 11, 2.5], "rotation": 270, "texture": "#2_1", "tintindex": 0},
				"up": {"uv": [10.5, 2, 11, 2.5], "rotation": 270, "texture": "#2_1", "tintindex": 0},
				"down": {"uv": [10.5, 2, 11, 2.5], "rotation": 270, "texture": "#2_1", "tintindex": 0}
			}
		},
		{
			"from": [7.3, 3.45, 18.7],
			"to": [7.82, 3.65, 21.495],
			"rotation": {"angle": 22.5, "axis": "z", "origin": [7.8, 3.55, 21.65]},
			"faces": {
				"north": {"uv": [5.5, 3, 6.5, 4], "texture": "#2_1", "tintindex": 0},
				"east": {"uv": [0, 2.5, 6, 3.5], "texture": "#2_1", "tintindex": 0},
				"south": {"uv": [1, 6, 0.5, 6.5], "rotation": 90, "texture": "#2_1", "tintindex": 0},
				"west": {"uv": [6, 0, 0, 1], "texture": "#2_1", "tintindex": 0},
				"up": {"uv": [5, 5, 0, 6], "rotation": 90, "texture": "#2_1", "tintindex": 0},
				"down": {"uv": [1, 1.5, 6, 2], "texture": "#2_1", "tintindex": 0}
			}
		},
		{
			"from": [7.3, 0.45, 20.2],
			"to": [8.7, 3.05, 21.5],
			"rotation": {"angle": 0, "axis": "y", "origin": [0, -0.8, 0]},
			"faces": {
				"north": {"uv": [1.5, 5, 0, 7], "texture": "#2_1", "tintindex": 0},
				"east": {"uv": [1.5, 5, 0, 7], "texture": "#2_1", "tintindex": 0},
				"south": {"uv": [1.5, 5, 0, 7], "texture": "#2_1", "tintindex": 0},
				"west": {"uv": [1.5, 5, 0, 7], "texture": "#2_1", "tintindex": 0},
				"up": {"uv": [1.5, 5, 0, 7], "texture": "#2_1", "tintindex": 0},
				"down": {"uv": [1.5, 5, 0, 7], "texture": "#2_1", "tintindex": 0}
			}
		},
		{
			"from": [7.3, 3.05, 18.7],
			"to": [8.7, 3.45, 21.5],
			"rotation": {"angle": 0, "axis": "y", "origin": [0, -0.8, 0]},
			"faces": {
				"north": {"uv": [1.5, 5, 0, 7], "texture": "#2_1", "tintindex": 0},
				"east": {"uv": [3, 6.5, 1.5, 7], "texture": "#2_1", "tintindex": 0},
				"south": {"uv": [1.5, 6.5, 0, 7], "texture": "#2_1", "tintindex": 0},
				"west": {"uv": [1.5, 5, 0, 5.5], "texture": "#2_1", "tintindex": 0},
				"up": {"uv": [1.5, 5, 0, 7], "texture": "#2_1", "tintindex": 0},
				"down": {"uv": [1.5, 5, 0, 7], "texture": "#2_1", "tintindex": 0}
			}
		},
		{
			"from": [7.405, 1.455, 19.185],
			"to": [8.595, 3.285, 21.58],
			"rotation": {"angle": 45, "axis": "x", "origin": [8, 2.615, 19.675]},
			"faces": {
				"north": {"uv": [2, 6, 3, 7], "texture": "#2_1", "tintindex": 0},
				"east": {"uv": [1.5, 5.5, 3, 7], "texture": "#2_1", "tintindex": 0},
				"south": {"uv": [2, 6, 3, 7], "texture": "#2_1", "tintindex": 0},
				"west": {"uv": [3, 5.5, 1.5, 7], "texture": "#2_1", "tintindex": 0},
				"up": {"uv": [2, 6, 3, 7], "texture": "#2_1", "tintindex": 0},
				"down": {"uv": [0, 7, 1, 6], "texture": "#2_1", "tintindex": 0}
			}
		},
		{
			"from": [7.505, 1.455, 18.185],
			"to": [8.495, 3.385, 20.28],
			"rotation": {"angle": 45, "axis": "x", "origin": [8, 2.615, 18.375]},
			"faces": {
				"north": {"uv": [1.5, 8.5, 2.5, 7.5], "texture": "#2_1", "tintindex": 0},
				"east": {"uv": [1.5, 8.5, 2.5, 7.5], "texture": "#2_1", "tintindex": 0},
				"south": {"uv": [1.5, 8.5, 2.5, 7.5], "texture": "#2_1", "tintindex": 0},
				"west": {"uv": [1.5, 8.5, 2.5, 7.5], "texture": "#2_1", "tintindex": 0},
				"up": {"uv": [1.5, 8.5, 2.5, 7.5], "texture": "#2_1", "tintindex": 0},
				"down": {"uv": [1.5, 8.5, 2.5, 7.5], "texture": "#2_1", "tintindex": 0}
			}
		},
		{
			"from": [7.5, 0.45, 18.9],
			"to": [8.5, 3.05, 20.2],
			"rotation": {"angle": 0, "axis": "y", "origin": [0, -0.8, -1.3]},
			"faces": {
				"north": {"uv": [2.5, 8, 1.5, 8.5], "texture": "#2_1", "tintindex": 0},
				"east": {"uv": [2.5, 8, 1.5, 8.5], "texture": "#2_1", "tintindex": 0},
				"south": {"uv": [2.5, 8, 1.5, 8.5], "texture": "#2_1", "tintindex": 0},
				"west": {"uv": [2.5, 8, 1.5, 8.5], "texture": "#2_1", "tintindex": 0},
				"up": {"uv": [2.5, 8, 1.5, 8.5], "texture": "#2_1", "tintindex": 0},
				"down": {"uv": [2.5, 8, 1.5, 8.5], "texture": "#2_1", "tintindex": 0}
			}
		}
	],
	"display": {
		"thirdperson_righthand": {
			"translation": [0, 6.5, -6.75],
			"scale": [1.1, 1.1, 1.1]
		},
		"firstperson_righthand": {
			"translation": [-3.5, 8.5, 0],
			"scale": [0.8, 0.8, 0.8]
		},
		"firstperson_lefthand": {
			"translation": [3.75, -3.25, 0]
		},
		"ground": {
			"translation": [0, 5, -1]
		},
		"gui": {
			"rotation": [30, 225, 0],
			"translation": [1.25, 4.5, 0],
			"scale": [1.2, 1.2, 1.2]
		},
		"fixed": {
			"rotation": [0, 90, 0],
			"translation": [-3.25, 11.25, -2],
			"scale": [2, 2, 2]
		}
	},
	"groups": [
		{
			"name": "tactical_hellfire_stock",
			"origin": [8, 8, 8],
			"color": 0,
			"children": [
				{
					"name": "Stock",
					"origin": [0, 0, 0],
					"color": 0,
					"children": [0, 1, 2, 3, 4, 5, 6, 7, 8, 9, 10, 11, 12, 13, 14]
				},
				{
					"name": "Chamber",
					"origin": [8.4, 7.4, 6],
					"color": 0,
					"children": []
				},
				{
					"name": "Barrel",
					"origin": [8.4, 7.4, 6],
					"color": 0,
					"children": []
				},
				{
					"name": "Sight",
					"origin": [8, 4.4, 12.8],
					"color": 0,
					"children": []
				},
				{
					"name": "Receiver",
					"origin": [8, 7.95, 8],
					"color": 0,
					"children": []
				},
				{
					"name": "Handle",
					"origin": [0, 0, 0],
					"color": 0,
					"children": []
				},
				{
					"name": "group",
					"origin": [8, 6.27, 13.8825],
					"color": 0,
					"children": []
				}
			]
		}
	]
}