{
	"credit": "Made with Blockbench",
	"texture_size": [32, 32],
	"textures": {
		"2": "moguns:items/m14_ebr",
		"particle": "moguns:items/m14_ebr"
	},
	"elements": [
		{
			"from": [7.20505, 0.89005, 21.1],
			"to": [8.79505, 2.49005, 21.5],
			"rotation": {"angle": 0, "axis": "z", "origin": [6.90005, 2.60005, 21.25]},
			"faces": {
				"north": {"uv": [0, 8.5, 1, 9.5], "rotation": 270, "texture": "#2"},
				"east": {"uv": [0, 8.5, 1, 9.5], "rotation": 270, "texture": "#2"},
				"south": {"uv": [0, 8.5, 1, 9.5], "rotation": 270, "texture": "#2"},
				"west": {"uv": [0, 8.5, 1, 9.5], "rotation": 270, "texture": "#2"},
				"up": {"uv": [0, 8.5, 1, 9.5], "rotation": 270, "texture": "#2"},
				"down": {"uv": [0, 8.5, 1, 9.5], "rotation": 270, "texture": "#2"}
			}
		},
		{
			"from": [6.87005, 0.56005, 21.1],
			"to": [7.99505, 1.68505, 21.5],
			"rotation": {"angle": 45, "axis": "z", "origin": [8.00005, 1.69005, 21.3]},
			"faces": {
				"north": {"uv": [0, 8.5, 1, 9.5], "rotation": 270, "texture": "#2"},
				"east": {"uv": [0, 8.5, 1, 9.5], "rotation": 270, "texture": "#2"},
				"south": {"uv": [0, 8.5, 1, 9.5], "rotation": 270, "texture": "#2"},
				"west": {"uv": [0, 8.5, 1, 9.5], "rotation": 270, "texture": "#2"},
				"up": {"uv": [0, 8.5, 1, 9.5], "rotation": 270, "texture": "#2"},
				"down": {"uv": [0, 8.5, 1, 9.5], "rotation": 270, "texture": "#2"}
			}
		},
		{
			"from": [7.45505, 2.49005, 21.1],
			"to": [8.54505, 2.74005, 21.5],
			"rotation": {"angle": 0, "axis": "z", "origin": [6.90005, 2.60005, 21.25]},
			"faces": {
				"north": {"uv": [0, 8.5, 1, 9.5], "rotation": 270, "texture": "#2"},
				"east": {"uv": [0, 8.5, 1, 9.5], "rotation": 270, "texture": "#2"},
				"south": {"uv": [0, 8.5, 1, 9.5], "rotation": 270, "texture": "#2"},
				"west": {"uv": [0, 8.5, 1, 9.5], "rotation": 270, "texture": "#2"},
				"up": {"uv": [0, 8.5, 1, 9.5], "rotation": 270, "texture": "#2"},
				"down": {"uv": [0, 8.5, 1, 9.5], "rotation": 270, "texture": "#2"}
			}
		},
		{
			"from": [8.29505, 2.91005, 21.1],
			"to": [8.65005, 3.09005, 21.5],
			"rotation": {"angle": -45, "axis": "z", "origin": [8.00005, 2.61505, 21.3]},
			"faces": {
				"north": {"uv": [0, 8.5, 1, 9.5], "rotation": 270, "texture": "#2"},
				"east": {"uv": [0, 8.5, 1, 9.5], "rotation": 270, "texture": "#2"},
				"south": {"uv": [0, 8.5, 1, 9.5], "rotation": 270, "texture": "#2"},
				"west": {"uv": [0, 8.5, 1, 9.5], "rotation": 270, "texture": "#2"},
				"up": {"uv": [0, 8.5, 1, 9.5], "rotation": 270, "texture": "#2"},
				"down": {"uv": [0, 8.5, 1, 9.5], "rotation": 270, "texture": "#2"}
			}
		},
		{
			"from": [7.34995, 2.91005, 21.1],
			"to": [7.70495, 3.09005, 21.5],
			"rotation": {"angle": 45, "axis": "z", "origin": [7.99995, 2.61505, 21.3]},
			"faces": {
				"north": {"uv": [0, 9.5, 1, 8.5], "rotation": 270, "texture": "#2"},
				"east": {"uv": [0, 9.5, 1, 8.5], "rotation": 270, "texture": "#2"},
				"south": {"uv": [0, 9.5, 1, 8.5], "rotation": 270, "texture": "#2"},
				"west": {"uv": [0, 9.5, 1, 8.5], "rotation": 270, "texture": "#2"},
				"up": {"uv": [0, 9.5, 1, 8.5], "rotation": 270, "texture": "#2"},
				"down": {"uv": [0, 9.5, 1, 8.5], "rotation": 270, "texture": "#2"}
			}
		},
		{
			"from": [8.60079, 2.09618, 14.101],
			"to": [8.90079, 2.40118, 18.901],
			"rotation": {"angle": 0, "axis": "z", "origin": [8.00079, 4.23618, 16.451]},
			"faces": {
				"north": {"uv": [9.5, 4, 8.5, 5], "texture": "#2"},
				"east": {"uv": [9.5, 4, 8.5, 5], "texture": "#2"},
				"south": {"uv": [9.5, 4, 8.5, 5], "texture": "#2"},
				"west": {"uv": [9.5, 4, 8.5, 5], "texture": "#2"},
				"up": {"uv": [9.5, 4, 8.5, 5], "texture": "#2"},
				"down": {"uv": [9.5, 4, 8.5, 5], "texture": "#2"}
			}
		},
		{
			"from": [8.50079, 1.99618, 18.701],
			"to": [9.00079, 2.50118, 21.101],
			"rotation": {"angle": 0, "axis": "z", "origin": [8.00079, 4.23618, 16.451]},
			"faces": {
				"north": {"uv": [15.5, 1.5, 14, 3], "texture": "#2"},
				"east": {"uv": [15.5, 1.5, 14, 3], "texture": "#2"},
				"south": {"uv": [15.5, 1.5, 14, 3], "texture": "#2"},
				"west": {"uv": [15.5, 1.5, 14, 3], "texture": "#2"},
				"up": {"uv": [15.5, 1.5, 14, 3], "texture": "#2"},
				"down": {"uv": [15.5, 1.5, 14, 3], "texture": "#2"}
			}
		},
		{
			"from": [8.60079, 0.99618, 20.801],
			"to": [8.70079, 2.50118, 21.101],
			"rotation": {"angle": 0, "axis": "z", "origin": [8.00079, 4.23618, 16.451]},
			"faces": {
				"north": {"uv": [15.5, 1.5, 14, 3], "texture": "#2"},
				"east": {"uv": [1, 9.5, 7.5, 8], "rotation": 90, "texture": "#2"},
				"south": {"uv": [15.5, 1.5, 14, 3], "texture": "#2"},
				"west": {"uv": [1, 9.5, 7.5, 8], "rotation": 90, "texture": "#2"},
				"up": {"uv": [15.5, 1.5, 14, 3], "texture": "#2"},
				"down": {"uv": [15.5, 1.5, 14, 3], "texture": "#2"}
			}
		},
		{
			"from": [8.50079, 2.49618, 19.801],
			"to": [9.00079, 2.60118, 21.101],
			"rotation": {"angle": 0, "axis": "z", "origin": [8.00079, 4.23618, 16.451]},
			"faces": {
				"north": {"uv": [15.5, 1.5, 14, 3], "texture": "#2"},
				"east": {"uv": [15.5, 1.5, 14, 3], "texture": "#2"},
				"south": {"uv": [15.5, 1.5, 14, 3], "texture": "#2"},
				"west": {"uv": [15.5, 1.5, 14, 3], "texture": "#2"},
				"up": {"uv": [15.5, 1.5, 14, 3], "texture": "#2"},
				"down": {"uv": [15.5, 1.5, 14, 3], "texture": "#2"}
			}
		},
		{
			"from": [7.09921, 2.09618, 14.101],
			"to": [7.39921, 2.40118, 18.901],
			"rotation": {"angle": 0, "axis": "z", "origin": [7.99921, 4.23618, 16.451]},
			"faces": {
				"north": {"uv": [8.5, 4, 9.5, 5], "texture": "#2"},
				"east": {"uv": [8.5, 4, 9.5, 5], "texture": "#2"},
				"south": {"uv": [8.5, 4, 9.5, 5], "texture": "#2"},
				"west": {"uv": [8.5, 4, 9.5, 5], "texture": "#2"},
				"up": {"uv": [8.5, 4, 9.5, 5], "texture": "#2"},
				"down": {"uv": [8.5, 4, 9.5, 5], "texture": "#2"}
			}
		},
		{
			"from": [6.99921, 1.99618, 18.701],
			"to": [7.49921, 2.50118, 21.101],
			"rotation": {"angle": 0, "axis": "z", "origin": [7.99921, 4.23618, 16.451]},
			"faces": {
				"north": {"uv": [14, 1.5, 15.5, 3], "texture": "#2"},
				"east": {"uv": [14, 1.5, 15.5, 3], "texture": "#2"},
				"south": {"uv": [14, 1.5, 15.5, 3], "texture": "#2"},
				"west": {"uv": [14, 1.5, 15.5, 3], "texture": "#2"},
				"up": {"uv": [14, 1.5, 15.5, 3], "texture": "#2"},
				"down": {"uv": [14, 1.5, 15.5, 3], "texture": "#2"}
			}
		},
		{
			"from": [6.99921, 2.49618, 19.801],
			"to": [7.49921, 2.60118, 21.101],
			"rotation": {"angle": 0, "axis": "z", "origin": [7.99921, 4.23618, 16.451]},
			"faces": {
				"north": {"uv": [14, 1.5, 15.5, 3], "texture": "#2"},
				"east": {"uv": [14, 1.5, 15.5, 3], "texture": "#2"},
				"south": {"uv": [14, 1.5, 15.5, 3], "texture": "#2"},
				"west": {"uv": [14, 1.5, 15.5, 3], "texture": "#2"},
				"up": {"uv": [14, 1.5, 15.5, 3], "texture": "#2"},
				"down": {"uv": [14, 1.5, 15.5, 3], "texture": "#2"}
			}
		},
		{
			"from": [7.29921, 0.99618, 20.801],
			"to": [7.39921, 2.50118, 21.101],
			"rotation": {"angle": 0, "axis": "z", "origin": [7.99921, 4.23618, 16.451]},
			"faces": {
				"north": {"uv": [14, 1.5, 15.5, 3], "texture": "#2"},
				"east": {"uv": [1, 8, 7.5, 9.5], "rotation": 90, "texture": "#2"},
				"south": {"uv": [14, 1.5, 15.5, 3], "texture": "#2"},
				"west": {"uv": [1, 8, 7.5, 9.5], "rotation": 90, "texture": "#2"},
				"up": {"uv": [14, 1.5, 15.5, 3], "texture": "#2"},
				"down": {"uv": [14, 1.5, 15.5, 3], "texture": "#2"}
			}
		},
		{
			"from": [8.60079, 2.19618, 20.601],
			"to": [8.70079, 3.10118, 20.901],
			"rotation": {"angle": 0, "axis": "z", "origin": [8.00079, 4.03618, 16.451]},
			"faces": {
				"north": {"uv": [15.5, 1.5, 14, 3], "texture": "#2"},
				"east": {"uv": [1, 9.5, 5.5, 8], "rotation": 90, "texture": "#2"},
				"south": {"uv": [15.5, 1.5, 14, 3], "texture": "#2"},
				"west": {"uv": [1, 9.5, 7.5, 8], "rotation": 90, "texture": "#2"},
				"up": {"uv": [15.5, 1.5, 14, 3], "texture": "#2"},
				"down": {"uv": [15.5, 1.5, 14, 3], "texture": "#2"}
			}
		},
		{
			"from": [8.09829, 2.79868, 17.901],
			"to": [8.60329, 3.09868, 21.001],
			"rotation": {"angle": -22.5, "axis": "z", "origin": [8.65079, 2.64868, 20.751]},
			"faces": {
				"north": {"uv": [9.5, 5, 10.5, 4], "rotation": 180, "texture": "#2"},
				"east": {"uv": [9.5, 5, 10.5, 4], "texture": "#2"},
				"south": {"uv": [9.5, 5, 10.5, 4], "texture": "#2"},
				"west": {"uv": [9.5, 5, 10.5, 4], "texture": "#2"},
				"up": {"uv": [9.5, 5, 10.5, 4], "texture": "#2"},
				"down": {"uv": [9.5, 5, 10.5, 4], "texture": "#2"}
			}
		},
		{
			"from": [7.68829, 2.97368, 17.901],
			"to": [8.31329, 3.27368, 21.001],
			"rotation": {"angle": 0, "axis": "z", "origin": [8.65079, 2.64868, 20.751]},
			"faces": {
				"north": {"uv": [9.5, 5, 10.5, 4], "rotation": 180, "texture": "#2"},
				"east": {"uv": [9.5, 5, 10.5, 4], "texture": "#2"},
				"south": {"uv": [9.5, 5, 10.5, 4], "texture": "#2"},
				"west": {"uv": [9.5, 5, 10.5, 4], "texture": "#2"},
				"up": {"uv": [9.5, 5, 10.5, 4], "texture": "#2"},
				"down": {"uv": [9.5, 5, 10.5, 4], "texture": "#2"}
			}
		},
		{
			"from": [7.39671, 2.79868, 17.901],
			"to": [7.90171, 3.09868, 21.001],
			"rotation": {"angle": 22.5, "axis": "z", "origin": [7.34921, 2.64868, 20.751]},
			"faces": {
				"north": {"uv": [10.5, 5, 9.5, 4], "rotation": 180, "texture": "#2"},
				"east": {"uv": [10.5, 5, 9.5, 4], "texture": "#2"},
				"south": {"uv": [10.5, 5, 9.5, 4], "texture": "#2"},
				"west": {"uv": [10.5, 5, 9.5, 4], "texture": "#2"},
				"up": {"uv": [10.5, 5, 9.5, 4], "texture": "#2"},
				"down": {"uv": [10.5, 5, 9.5, 4], "texture": "#2"}
			}
		},
		{
			"from": [7.29921, 2.19618, 20.601],
			"to": [7.39921, 3.10118, 20.901],
			"rotation": {"angle": 0, "axis": "z", "origin": [7.99921, 4.03618, 16.451]},
			"faces": {
				"north": {"uv": [14, 1.5, 15.5, 3], "texture": "#2"},
				"east": {"uv": [1, 8, 5.5, 9.5], "rotation": 90, "texture": "#2"},
				"south": {"uv": [14, 1.5, 15.5, 3], "texture": "#2"},
				"west": {"uv": [1, 8, 7.5, 9.5], "rotation": 90, "texture": "#2"},
				"up": {"uv": [14, 1.5, 15.5, 3], "texture": "#2"},
				"down": {"uv": [14, 1.5, 15.5, 3], "texture": "#2"}
			}
		}
	],
	"display": {
		"thirdperson_righthand": {
			"translation": [0, 6.5, -6.75],
			"scale": [1.1, 1.1, 1.1]
		},
		"firstperson_righthand": {
			"translation": [-3.5, 8.5, 0],
			"scale": [0.8, 0.8, 0.8]
		},
		"firstperson_lefthand": {
			"translation": [3.75, -3.25, 0]
		},
		"ground": {
			"translation": [0, 5, -1]
		},
		"gui": {
			"rotation": [30, 225, 0],
			"translation": [1.25, 4.5, 0],
			"scale": [1.2, 1.2, 1.2]
		},
		"fixed": {
			"rotation": [0, 90, 0],
			"translation": [-3.25, 11.25, -2],
			"scale": [2, 2, 2]
		}
	}
}