{
	"credit": "Made with Blockbench",
	"texture_size": [32, 32],
	"textures": {
		"2": "moguns:items/thompson",
		"particle": "moguns:items/thompson"
	},
	"elements": [
		{
			"from": [7.485, -1.55, 10],
			"to": [8.515, 3.65, 11.25],
			"rotation": {"angle": -22.5, "axis": "z", "origin": [8, 1.05, 10.625]},
			"faces": {
				"north": {"uv": [1.5, 13.5, 7.5, 14.5], "rotation": 90, "texture": "#2", "tintindex": 0},
				"east": {"uv": [15, 15, 16, 16], "rotation": 180, "texture": "#2", "tintindex": 0},
				"south": {"uv": [1.5, 13.5, 7.5, 14.5], "rotation": 90, "texture": "#2", "tintindex": 0},
				"west": {"uv": [15, 15, 16, 15.5], "rotation": 180, "texture": "#2", "tintindex": 0},
				"up": {"uv": [15, 15, 16, 16], "rotation": 180, "texture": "#2", "tintindex": 0},
				"down": {"uv": [15, 15, 16, 16], "rotation": 180, "texture": "#2", "tintindex": 0}
			}
		},
		{
			"from": [7.485, -1.55, 10],
			"to": [8.515, 3.65, 11.25],
			"rotation": {"angle": 0, "axis": "z", "origin": [8, 1.05, 10.625]},
			"faces": {
				"north": {"uv": [1.5, 13.5, 7.5, 14.5], "rotation": 90, "texture": "#2", "tintindex": 0},
				"east": {"uv": [15, 15, 16, 16], "rotation": 180, "texture": "#2", "tintindex": 0},
				"south": {"uv": [1.5, 13.5, 7.5, 14.5], "rotation": 90, "texture": "#2", "tintindex": 0},
				"west": {"uv": [15, 15, 16, 15.5], "rotation": 180, "texture": "#2", "tintindex": 0},
				"up": {"uv": [15, 15, 16, 16], "rotation": 180, "texture": "#2", "tintindex": 0},
				"down": {"uv": [15, 15, 16, 16], "rotation": 180, "texture": "#2", "tintindex": 0}
			}
		},
		{
			"from": [5.4, 0.535, 10],
			"to": [10.6, 1.565, 11.25],
			"rotation": {"angle": 22.5, "axis": "z", "origin": [8, 1.05, 10.625]},
			"faces": {
				"north": {"uv": [1.5, 13.5, 7.5, 14.5], "texture": "#2", "tintindex": 0},
				"east": {"uv": [15, 15, 16, 16], "texture": "#2", "tintindex": 0},
				"south": {"uv": [1.5, 13.5, 7.5, 14.5], "texture": "#2", "tintindex": 0},
				"west": {"uv": [15, 15, 16, 15.5], "texture": "#2", "tintindex": 0},
				"up": {"uv": [15, 15, 16, 16], "texture": "#2", "tintindex": 0},
				"down": {"uv": [15, 15, 16, 16], "texture": "#2", "tintindex": 0}
			}
		},
		{
			"from": [5.4, 0.535, 10],
			"to": [10.6, 1.565, 11.25],
			"rotation": {"angle": 45, "axis": "z", "origin": [8, 1.05, 10.625]},
			"faces": {
				"north": {"uv": [1.5, 13.5, 7.5, 14.5], "texture": "#2"},
				"east": {"uv": [15, 15, 16, 16], "rotation": 90, "texture": "#2"},
				"south": {"uv": [1.5, 13.5, 7.5, 14.5], "texture": "#2"},
				"west": {"uv": [15, 15, 16, 15.5], "rotation": 90, "texture": "#2"},
				"up": {"uv": [15, 15, 16, 16], "rotation": 90, "texture": "#2"},
				"down": {"uv": [15, 15, 16, 16], "rotation": 90, "texture": "#2"}
			}
		},
		{
			"from": [5.4, 0.535, 10],
			"to": [10.6, 1.565, 11.25],
			"rotation": {"angle": 0, "axis": "z", "origin": [8, 1.05, 10.625]},
			"faces": {
				"north": {"uv": [1.5, 13.5, 7.5, 14.5], "texture": "#2", "tintindex": 0},
				"east": {"uv": [15, 15, 16, 16], "texture": "#2", "tintindex": 0},
				"south": {"uv": [1.5, 13.5, 7.5, 14.5], "texture": "#2", "tintindex": 0},
				"west": {"uv": [15, 15, 16, 15.5], "texture": "#2", "tintindex": 0},
				"up": {"uv": [15, 15, 16, 16], "texture": "#2", "tintindex": 0},
				"down": {"uv": [15, 15, 16, 16], "texture": "#2", "tintindex": 0}
			}
		},
		{
			"from": [5.4, 0.535, 10],
			"to": [10.6, 1.565, 11.25],
			"rotation": {"angle": -22.5, "axis": "z", "origin": [8, 1.05, 10.625]},
			"faces": {
				"north": {"uv": [1.5, 13.5, 7.5, 14.5], "texture": "#2"},
				"east": {"uv": [15, 15, 16, 16], "rotation": 90, "texture": "#2"},
				"south": {"uv": [1.5, 13.5, 7.5, 14.5], "texture": "#2"},
				"west": {"uv": [15, 15, 16, 15.5], "rotation": 90, "texture": "#2"},
				"up": {"uv": [15, 15, 16, 16], "rotation": 90, "texture": "#2"},
				"down": {"uv": [15, 15, 16, 16], "rotation": 90, "texture": "#2"}
			}
		},
		{
			"from": [5.4, 0.535, 10],
			"to": [10.6, 1.565, 11.25],
			"rotation": {"angle": -45, "axis": "z", "origin": [8, 1.05, 10.625]},
			"faces": {
				"north": {"uv": [1.5, 13.5, 7.5, 14.5], "texture": "#2", "tintindex": 0},
				"east": {"uv": [15, 15, 16, 16], "texture": "#2", "tintindex": 0},
				"south": {"uv": [1.5, 13.5, 7.5, 14.5], "texture": "#2", "tintindex": 0},
				"west": {"uv": [15, 15, 16, 15.5], "texture": "#2", "tintindex": 0},
				"up": {"uv": [15, 15, 16, 16], "texture": "#2", "tintindex": 0},
				"down": {"uv": [15, 15, 16, 16], "texture": "#2", "tintindex": 0}
			}
		},
		{
			"from": [7.485, -1.55, 10],
			"to": [8.515, 3.65, 11.25],
			"rotation": {"angle": 22.5, "axis": "z", "origin": [8, 1.05, 10.625]},
			"faces": {
				"north": {"uv": [1.5, 13.5, 7.5, 14.5], "rotation": 90, "texture": "#2", "tintindex": 0},
				"east": {"uv": [15, 15, 16, 16], "texture": "#2", "tintindex": 0},
				"south": {"uv": [1.5, 13.5, 7.5, 14.5], "rotation": 90, "texture": "#2", "tintindex": 0},
				"west": {"uv": [15, 15, 16, 15.5], "texture": "#2", "tintindex": 0},
				"up": {"uv": [15, 15, 16, 16], "texture": "#2", "tintindex": 0},
				"down": {"uv": [15, 15, 16, 16], "texture": "#2", "tintindex": 0}
			}
		},
		{
			"from": [7.485, 0.535, 9.75],
			"to": [8.515, 1.565, 10.15],
			"rotation": {"angle": -45, "axis": "z", "origin": [8, 1.05, 10.5]},
			"faces": {
				"north": {"uv": [15, 15, 16, 16], "rotation": 180, "texture": "#2", "tintindex": 0},
				"east": {"uv": [15, 15, 16, 16], "rotation": 180, "texture": "#2", "tintindex": 0},
				"south": {"uv": [15, 15, 16, 16], "rotation": 180, "texture": "#2", "tintindex": 0},
				"west": {"uv": [15, 15, 16, 15.5], "rotation": 180, "texture": "#2", "tintindex": 0},
				"up": {"uv": [15, 15, 16, 16], "rotation": 180, "texture": "#2", "tintindex": 0},
				"down": {"uv": [15, 15, 16, 16], "rotation": 180, "texture": "#2", "tintindex": 0}
			}
		},
		{
			"from": [7.4, 2.17, 16.04],
			"to": [8.6, 2.92, 21.74],
			"rotation": {"angle": 22.5, "axis": "x", "origin": [8, 2.625, 16.475]},
			"faces": {
				"north": {"uv": [7.5, 10.5, 0, 11], "texture": "#2", "tintindex": 0},
				"east": {"uv": [0, 10.5, 4, 11], "texture": "#2", "tintindex": 0},
				"south": {"uv": [7.5, 10.5, 0, 11], "texture": "#2", "tintindex": 0},
				"west": {"uv": [4, 10.5, 0, 11], "texture": "#2", "tintindex": 0},
				"up": {"uv": [2, 7, 1, 8], "rotation": 180, "texture": "#2", "tintindex": 0},
				"down": {"uv": [7.5, 10.5, 0, 11], "texture": "#2", "tintindex": 0}
			}
		},
		{
			"from": [7.4, 2.92, 18.79],
			"to": [8.6, 3.42, 19.84],
			"rotation": {"angle": 22.5, "axis": "x", "origin": [8, 2.625, 16.475]},
			"faces": {
				"north": {"uv": [3.5, 9.5, 2.5, 10.5], "texture": "#2", "tintindex": 0},
				"east": {"uv": [3.5, 9.5, 2.5, 10.5], "texture": "#2", "tintindex": 0},
				"south": {"uv": [3.5, 9.5, 2.5, 10.5], "texture": "#2", "tintindex": 0},
				"west": {"uv": [3.5, 9.5, 2.5, 10.5], "texture": "#2", "tintindex": 0},
				"up": {"uv": [3.5, 9.5, 2.5, 10.5], "texture": "#2", "tintindex": 0},
				"down": {"uv": [3.5, 9.5, 2.5, 10.5], "texture": "#2", "tintindex": 0}
			}
		},
		{
			"from": [7.4, 2.905, 19.8],
			"to": [8.6, 4.615, 21.1],
			"rotation": {"angle": 22.5, "axis": "x", "origin": [8, 2.625, 16.475]},
			"faces": {
				"north": {"uv": [2.5, 9, 1.5, 10.5], "texture": "#2", "tintindex": 0},
				"east": {"uv": [1.5, 9, 2.5, 10.5], "texture": "#2", "tintindex": 0},
				"south": {"uv": [2.5, 9, 1.5, 10.5], "texture": "#2", "tintindex": 0},
				"west": {"uv": [2.5, 9, 1.5, 10.5], "texture": "#2", "tintindex": 0},
				"up": {"uv": [2, 7, 1, 8], "rotation": 180, "texture": "#2", "tintindex": 0},
				"down": {"uv": [2.5, 9, 1.5, 10.5], "texture": "#2", "tintindex": 0}
			}
		},
		{
			"from": [7.40005, 0.19005, 21.16789],
			"to": [8.59505, 2.69005, 21.51],
			"rotation": {"angle": 0, "axis": "y", "origin": [8.05005, 8.10005, 8.4]},
			"faces": {
				"north": {"uv": [8, 1, 10, 3.5], "texture": "#2"},
				"east": {"uv": [0, 8, 0.5, 10.5], "rotation": 180, "texture": "#2"},
				"south": {"uv": [0.5, 8, 1.5, 10.5], "texture": "#2"},
				"west": {"uv": [0, 8, 0.5, 10.5], "texture": "#2"},
				"up": {"uv": [4, 1.5, 5, 5], "texture": "#2"},
				"down": {"uv": [9.5, 2.5, 10, 3], "rotation": 270, "texture": "#2"}
			}
		},
		{
			"from": [7.40505, 1.99005, 17.06789],
			"to": [8.59505, 3.19005, 20.31],
			"rotation": {"angle": 0, "axis": "y", "origin": [8.05005, 8.10005, 8.4]},
			"faces": {
				"north": {"uv": [2, 8, 5, 9], "texture": "#2"},
				"east": {"uv": [2, 8, 5, 9], "texture": "#2"},
				"south": {"uv": [2, 8, 5, 9], "texture": "#2"},
				"west": {"uv": [5, 8, 2, 9], "texture": "#2"},
				"up": {"uv": [2, 7, 5, 8], "rotation": 90, "texture": "#2"},
				"down": {"uv": [2, 8, 5, 9], "texture": "#2"}
			}
		},
		{
			"from": [7.40505, 0.79005, 20.82789],
			"to": [8.59505, 2.09005, 21.17],
			"rotation": {"angle": 0, "axis": "y", "origin": [8.05005, 8.10005, 8.4]},
			"faces": {
				"north": {"uv": [0, 10, 0.5, 11], "rotation": 180, "texture": "#2"},
				"east": {"uv": [0, 10, 0.5, 11], "rotation": 180, "texture": "#2"},
				"south": {"uv": [0, 10, 0.5, 11], "rotation": 180, "texture": "#2"},
				"west": {"uv": [0, 10, 0.5, 11], "rotation": 180, "texture": "#2"},
				"up": {"uv": [0, 10, 0.5, 11], "rotation": 180, "texture": "#2"},
				"down": {"uv": [0, 10, 0.5, 11], "rotation": 180, "texture": "#2"}
			}
		},
		{
			"from": [7.4, 2.25, 15],
			"to": [8.6, 3, 16.2],
			"faces": {
				"north": {"uv": [6, 8, 5, 9], "texture": "#2", "tintindex": 0},
				"east": {"uv": [6, 8, 5, 9], "texture": "#2", "tintindex": 0},
				"south": {"uv": [6, 8, 5, 9], "texture": "#2", "tintindex": 0},
				"west": {"uv": [6, 8, 5, 9], "texture": "#2", "tintindex": 0},
				"up": {"uv": [6, 8, 5, 9], "texture": "#2", "tintindex": 0},
				"down": {"uv": [6, 8, 5, 9], "texture": "#2", "tintindex": 0}
			}
		},
		{
			"from": [7.4, 2.2, 14.875],
			"to": [8.6, 2.55, 15.11],
			"rotation": {"angle": -45, "axis": "x", "origin": [8, 2.375, 14.875]},
			"faces": {
				"north": {"uv": [6, 8.5, 5, 9.5], "rotation": 270, "texture": "#2", "tintindex": 0},
				"east": {"uv": [6, 8.5, 5, 9.5], "rotation": 270, "texture": "#2", "tintindex": 0},
				"south": {"uv": [6, 8.5, 5, 9.5], "rotation": 270, "texture": "#2", "tintindex": 0},
				"west": {"uv": [6, 8.5, 5, 9.5], "rotation": 270, "texture": "#2", "tintindex": 0},
				"up": {"uv": [6, 8.5, 5, 9.5], "rotation": 270, "texture": "#2", "tintindex": 0},
				"down": {"uv": [6, 8.5, 5, 9.5], "rotation": 270, "texture": "#2", "tintindex": 0}
			}
		},
		{
			"from": [7.4, 2.5, 14.75],
			"to": [8.6, 3, 15],
			"faces": {
				"north": {"uv": [6, 9, 5, 10], "texture": "#2", "tintindex": 0},
				"east": {"uv": [6, 9, 5, 10], "texture": "#2", "tintindex": 0},
				"south": {"uv": [6, 9, 5, 10], "texture": "#2", "tintindex": 0},
				"west": {"uv": [6, 9, 5, 10], "texture": "#2", "tintindex": 0},
				"up": {"uv": [6, 9, 5, 10], "texture": "#2", "tintindex": 0},
				"down": {"uv": [6, 9, 5, 10], "texture": "#2", "tintindex": 0}
			}
		},
		{
			"from": [7.5, -0.6, 11.7],
			"to": [8.5, 3.16, 13],
			"rotation": {"angle": -22.5, "axis": "x", "origin": [8, 5, 13]},
			"faces": {
				"north": {"uv": [13, 0, 14, 3.5], "texture": "#2"},
				"east": {"uv": [12, 0, 13, 3.5], "texture": "#2"},
				"south": {"uv": [11, 0, 12, 3.5], "texture": "#2"},
				"west": {"uv": [10, 0, 11, 3.5], "texture": "#2"},
				"up": {"uv": [0, 0, 0, 0], "texture": "#2"},
				"down": {"uv": [11, 3.5, 10, 4.5], "texture": "#2"}
			}
		},
		{
			"from": [7.6, 1.35032, 11.46977],
			"to": [8.45, 1.95032, 13.16977],
			"rotation": {"angle": 0, "axis": "y", "origin": [7.5, 8.45032, 5.96977]},
			"faces": {
				"north": {"uv": [1, 1, 1.5, 1.5], "texture": "#2"},
				"east": {"uv": [1, 1, 1.5, 1.5], "texture": "#2"},
				"south": {"uv": [1, 1, 1.5, 1.5], "texture": "#2"},
				"west": {"uv": [1, 1, 1.5, 1.5], "texture": "#2"},
				"up": {"uv": [1, 1, 1.5, 1.5], "texture": "#2"},
				"down": {"uv": [1, 1, 1.5, 1.5], "texture": "#2"}
			}
		},
		{
			"from": [7.8, 2.075, 11.825],
			"to": [8.2, 2.8, 12.35],
			"rotation": {"angle": 0, "axis": "y", "origin": [0, 0.5, -2]},
			"faces": {
				"north": {"uv": [0.5, 1, 1, 1.5], "texture": "#2"},
				"east": {"uv": [0.5, 1, 1, 1.5], "texture": "#2"},
				"south": {"uv": [0.5, 1, 1, 1.5], "texture": "#2"},
				"west": {"uv": [0.5, 1, 1, 1.5], "texture": "#2"},
				"up": {"uv": [0.5, 1, 1, 1.5], "texture": "#2"},
				"down": {"uv": [0.5, 1, 1, 1.5], "texture": "#2"}
			}
		},
		{
			"from": [7.4, 1.3, 11.25],
			"to": [8.6, 3, 11.5],
			"rotation": {"angle": 0, "axis": "y", "origin": [8, 7.95, 8]},
			"faces": {
				"north": {"uv": [0.5, 1, 0, 1.5], "texture": "#2", "tintindex": 0},
				"east": {"uv": [0.5, 1, 0, 1.5], "texture": "#2", "tintindex": 0},
				"south": {"uv": [0.5, 0.5, 0, 1], "texture": "#2", "tintindex": 0},
				"west": {"uv": [0.5, 1, 0, 1.5], "texture": "#2", "tintindex": 0},
				"up": {"uv": [0.5, 1, 0, 1.5], "texture": "#2", "tintindex": 0},
				"down": {"uv": [0.5, 1, 0, 1.5], "texture": "#2", "tintindex": 0}
			}
		},
		{
			"from": [7.4, 2.8, 11.5],
			"to": [8.6, 3, 14.2],
			"rotation": {"angle": 0, "axis": "y", "origin": [8, 7.95, 8]},
			"faces": {
				"north": {"uv": [0, 1, 0.5, 1.5], "texture": "#2", "tintindex": 0},
				"east": {"uv": [0, 1, 0.5, 1.5], "texture": "#2", "tintindex": 0},
				"south": {"uv": [0, 1, 0.5, 1.5], "texture": "#2", "tintindex": 0},
				"west": {"uv": [0, 1, 0.5, 1.5], "texture": "#2", "tintindex": 0},
				"up": {"uv": [0, 1, 0.5, 1.5], "texture": "#2", "tintindex": 0},
				"down": {"uv": [0, 1, 0.5, 1.5], "texture": "#2", "tintindex": 0}
			}
		},
		{
			"from": [7.4, 3, 11.25],
			"to": [8.6, 4.25, 16.2],
			"faces": {
				"north": {"uv": [8, 0, 10, 1.5], "texture": "#2", "tintindex": 0},
				"east": {"uv": [8, 1.5, 4, 2.5], "texture": "#2", "tintindex": 0},
				"south": {"uv": [8, 1.5, 10, 2.5], "texture": "#2", "tintindex": 0},
				"west": {"uv": [4, 1.5, 8, 2.5], "texture": "#2", "tintindex": 0},
				"up": {"uv": [2, 0, 8, 1.5], "rotation": 90, "texture": "#2"},
				"down": {"uv": [2, 3.5, 8, 5.5], "rotation": 270, "texture": "#2", "tintindex": 0}
			}
		},
		{
			"from": [7.7, 4.235, 14.25],
			"to": [8.3, 4.45, 15.95],
			"faces": {
				"north": {"uv": [0, 0, 0.5, 0.5], "texture": "#2"},
				"east": {"uv": [0, 0, 0.5, 0.5], "texture": "#2"},
				"south": {"uv": [0, 0, 0.5, 0.5], "texture": "#2"},
				"west": {"uv": [0, 0, 0.5, 0.5], "texture": "#2"},
				"up": {"uv": [0, 0, 0.5, 0.5], "texture": "#2"},
				"down": {"uv": [0, 0, 0.5, 0.5], "texture": "#2"}
			}
		},
		{
			"from": [7.7, 4.45, 15.85],
			"to": [8.3, 4.55, 15.95],
			"faces": {
				"north": {"uv": [0, 0, 0.5, 0.5], "texture": "#2"},
				"east": {"uv": [0, 0, 0.5, 0.5], "texture": "#2"},
				"south": {"uv": [0, 0, 0.5, 0.5], "texture": "#2"},
				"west": {"uv": [0, 0, 0.5, 0.5], "texture": "#2"},
				"up": {"uv": [0, 0, 0.5, 0.5], "texture": "#2"},
				"down": {"uv": [0, 0, 0.5, 0.5], "texture": "#2"}
			}
		},
		{
			"from": [7.7, 4.55, 15.85],
			"to": [7.9, 4.75, 15.95],
			"faces": {
				"north": {"uv": [0, 0, 0.5, 0.5], "texture": "#2"},
				"east": {"uv": [0, 0, 0.5, 0.5], "texture": "#2"},
				"south": {"uv": [0, 0, 0.5, 0.5], "texture": "#2"},
				"west": {"uv": [0, 0, 0.5, 0.5], "texture": "#2"},
				"up": {"uv": [0, 0, 0.5, 0.5], "texture": "#2"},
				"down": {"uv": [0, 0, 0.5, 0.5], "texture": "#2"}
			}
		},
		{
			"from": [8.1, 4.55, 15.85],
			"to": [8.3, 4.75, 15.95],
			"faces": {
				"north": {"uv": [0, 0, 0.5, 0.5], "texture": "#2"},
				"east": {"uv": [0, 0, 0.5, 0.5], "texture": "#2"},
				"south": {"uv": [0, 0, 0.5, 0.5], "texture": "#2"},
				"west": {"uv": [0, 0, 0.5, 0.5], "texture": "#2"},
				"up": {"uv": [0, 0, 0.5, 0.5], "texture": "#2"},
				"down": {"uv": [0, 0, 0.5, 0.5], "texture": "#2"}
			}
		},
		{
			"from": [7.7, 4.75, 15.85],
			"to": [8.3, 4.85, 15.95],
			"faces": {
				"north": {"uv": [0, 0, 0.5, 0.5], "texture": "#2"},
				"east": {"uv": [0, 0, 0.5, 0.5], "texture": "#2"},
				"south": {"uv": [0, 0, 0.5, 0.5], "texture": "#2"},
				"west": {"uv": [0, 0, 0.5, 0.5], "texture": "#2"},
				"up": {"uv": [0, 0, 0.5, 0.5], "texture": "#2"},
				"down": {"uv": [0, 0, 0.5, 0.5], "texture": "#2"}
			}
		},
		{
			"from": [7.65, 3.5, 16],
			"to": [8.35, 3.75, 16.45],
			"faces": {
				"north": {"uv": [0.5, 0, 1, 0.5], "texture": "#2", "tintindex": 0},
				"east": {"uv": [0.5, 0, 1, 0.5], "texture": "#2", "tintindex": 0},
				"south": {"uv": [0.5, 0, 1, 0.5], "texture": "#2", "tintindex": 0},
				"west": {"uv": [0.5, 0, 1, 0.5], "texture": "#2", "tintindex": 0},
				"up": {"uv": [0.5, 0, 1, 0.5], "texture": "#2", "tintindex": 0},
				"down": {"uv": [0.5, 0, 1, 0.5], "texture": "#2", "tintindex": 0}
			}
		},
		{
			"from": [7.4, 3, 8.55],
			"to": [8.6, 4.25, 9.75],
			"faces": {
				"north": {"uv": [2, 1.5, 0, 3.5], "texture": "#2", "tintindex": 0},
				"east": {"uv": [2, 2.5, 0, 3.5], "texture": "#2", "tintindex": 0},
				"south": {"uv": [2, 1.5, 0, 3.5], "texture": "#2", "tintindex": 0},
				"west": {"uv": [2, 2.5, 0, 3.5], "texture": "#2", "tintindex": 0},
				"up": {"uv": [10, 0, 8, 1.5], "texture": "#2", "tintindex": 0},
				"down": {"uv": [2, 2.5, 0, 3.5], "rotation": 180, "texture": "#2", "tintindex": 0}
			}
		},
		{
			"from": [7.625, 2.975, 9.75],
			"to": [8.375, 4.225, 11.25],
			"faces": {
				"north": {"uv": [0, 1, 2, 3], "texture": "#2", "tintindex": 0},
				"east": {"uv": [8, 1.5, 2, 3.5], "texture": "#2", "tintindex": 0},
				"south": {"uv": [8, 2, 10, 3.5], "texture": "#2", "tintindex": 0},
				"west": {"uv": [2, 1.5, 8, 3.5], "texture": "#2", "tintindex": 0},
				"up": {"uv": [0, 0, 0.5, 0.5], "texture": "#2"},
				"down": {"uv": [2, 3.5, 8, 5.5], "rotation": 270, "texture": "#2", "tintindex": 0}
			}
		},
		{
			"from": [7.375, 3.225, 9.75],
			"to": [8.625, 3.975, 11.25],
			"rotation": {"angle": 0, "axis": "z", "origin": [8, 3.625, 10.5]},
			"faces": {
				"north": {"uv": [0, 1, 2, 3], "rotation": 270, "texture": "#2", "tintindex": 0},
				"east": {"uv": [0, 0, 0.5, 0.5], "rotation": 90, "texture": "#2"},
				"south": {"uv": [8, 2, 10, 3.5], "rotation": 90, "texture": "#2", "tintindex": 0},
				"west": {"uv": [2, 3.5, 8, 5.5], "texture": "#2", "tintindex": 0},
				"up": {"uv": [2, 1.5, 8, 3.5], "rotation": 90, "texture": "#2", "tintindex": 0},
				"down": {"uv": [8, 1.5, 2, 3.5], "rotation": 90, "texture": "#2", "tintindex": 0}
			}
		},
		{
			"from": [7.295, 3.425, 9.75],
			"to": [8.705, 3.775, 11.25],
			"rotation": {"angle": -45, "axis": "z", "origin": [8, 3.6, 10.5]},
			"faces": {
				"north": {"uv": [0, 1, 2, 3], "rotation": 270, "texture": "#2", "tintindex": 0},
				"east": {"uv": [0, 0, 0, 0], "rotation": 90, "texture": "#2"},
				"south": {"uv": [8, 2, 10, 3.5], "rotation": 90, "texture": "#2", "tintindex": 0},
				"west": {"uv": [2, 3.5, 8, 5.5], "texture": "#2", "tintindex": 0},
				"up": {"uv": [2, 1.5, 8, 3.5], "rotation": 90, "texture": "#2", "tintindex": 0},
				"down": {"uv": [8, 1.5, 2, 3.5], "rotation": 90, "texture": "#2", "tintindex": 0}
			}
		},
		{
			"from": [7.825, 2.89, 9.75],
			"to": [8.175, 4.305, 11.25],
			"rotation": {"angle": -45, "axis": "z", "origin": [8, 3.6, 10.5]},
			"faces": {
				"north": {"uv": [0, 1, 2, 3], "texture": "#2", "tintindex": 0},
				"east": {"uv": [8, 1.5, 2, 3.5], "texture": "#2", "tintindex": 0},
				"south": {"uv": [8, 2, 10, 3.5], "texture": "#2", "tintindex": 0},
				"west": {"uv": [2, 1.5, 8, 3.5], "texture": "#2", "tintindex": 0},
				"up": {"uv": [0, 0, 0.5, 0.5], "texture": "#2"},
				"down": {"uv": [2, 3.5, 8, 5.5], "rotation": 270, "texture": "#2", "tintindex": 0}
			}
		},
		{
			"from": [7.625, 2.975, 2.4],
			"to": [8.375, 4.225, 3.15],
			"rotation": {"angle": 0, "axis": "y", "origin": [0, 0, -8.1]},
			"faces": {
				"north": {"uv": [0, 1, 2, 3], "texture": "#2", "tintindex": 0},
				"east": {"uv": [8, 1.5, 2, 3.5], "texture": "#2", "tintindex": 0},
				"south": {"uv": [8, 1.5, 10, 3.5], "texture": "#2", "tintindex": 0},
				"west": {"uv": [2, 1.5, 8, 3.5], "texture": "#2", "tintindex": 0},
				"up": {"uv": [0, 0, 0.5, 0.5], "texture": "#2"},
				"down": {"uv": [2, 3.5, 8, 5.5], "rotation": 270, "texture": "#2", "tintindex": 0}
			}
		},
		{
			"from": [7.875, 3.975, 2.65],
			"to": [8.125, 4.555, 2.9],
			"rotation": {"angle": 0, "axis": "y", "origin": [0, 0, -8.1]},
			"faces": {
				"north": {"uv": [8, 13, 7.5, 13.5], "texture": "#2", "tintindex": 0},
				"east": {"uv": [8, 13, 7.5, 13.5], "texture": "#2", "tintindex": 0},
				"south": {"uv": [8, 13, 7.5, 13.5], "texture": "#2", "tintindex": 0},
				"west": {"uv": [8, 13, 7.5, 13.5], "texture": "#2", "tintindex": 0},
				"up": {"uv": [8, 13, 7.5, 13.5], "texture": "#2", "tintindex": 0},
				"down": {"uv": [8, 13, 7.5, 13.5], "texture": "#2", "tintindex": 0}
			}
		},
		{
			"from": [7.975, 4.555, 2.65],
			"to": [8.025, 4.655, 2.9],
			"rotation": {"angle": 0, "axis": "y", "origin": [0, 0, -8.1]},
			"faces": {
				"north": {"uv": [8, 13, 7.5, 13.5], "texture": "#2", "tintindex": 0},
				"east": {"uv": [8, 13, 7.5, 13.5], "texture": "#2", "tintindex": 0},
				"south": {"uv": [8, 13, 7.5, 13.5], "texture": "#2", "tintindex": 0},
				"west": {"uv": [8, 13, 7.5, 13.5], "texture": "#2", "tintindex": 0},
				"up": {"uv": [8, 13, 7.5, 13.5], "texture": "#2", "tintindex": 0},
				"down": {"uv": [8, 13, 7.5, 13.5], "texture": "#2", "tintindex": 0}
			}
		},
		{
			"from": [7.375, 3.225, 2.4],
			"to": [8.625, 3.975, 3.15],
			"rotation": {"angle": 0, "axis": "z", "origin": [8, 3.625, 2.4]},
			"faces": {
				"north": {"uv": [0, 1, 2, 3], "rotation": 270, "texture": "#2", "tintindex": 0},
				"east": {"uv": [0, 0, 0.5, 0.5], "rotation": 90, "texture": "#2"},
				"south": {"uv": [8, 1.5, 10, 3.5], "rotation": 90, "texture": "#2", "tintindex": 0},
				"west": {"uv": [2, 3.5, 8, 5.5], "texture": "#2", "tintindex": 0},
				"up": {"uv": [2, 1.5, 8, 3.5], "rotation": 90, "texture": "#2", "tintindex": 0},
				"down": {"uv": [8, 1.5, 2, 3.5], "rotation": 90, "texture": "#2", "tintindex": 0}
			}
		},
		{
			"from": [7.825, 2.89, 2.4],
			"to": [8.175, 4.305, 3.15],
			"rotation": {"angle": -45, "axis": "z", "origin": [8, 3.6, 2.4]},
			"faces": {
				"north": {"uv": [0, 1, 2, 3], "texture": "#2", "tintindex": 0},
				"east": {"uv": [8, 1.5, 2, 3.5], "texture": "#2", "tintindex": 0},
				"south": {"uv": [8, 1.5, 10, 3.5], "texture": "#2", "tintindex": 0},
				"west": {"uv": [2, 1.5, 8, 3.5], "texture": "#2", "tintindex": 0},
				"up": {"uv": [0, 0, 0.5, 0.5], "texture": "#2"},
				"down": {"uv": [2, 3.5, 8, 5.5], "rotation": 270, "texture": "#2", "tintindex": 0}
			}
		},
		{
			"from": [7.295, 3.425, 2.4],
			"to": [8.705, 3.775, 3.15],
			"rotation": {"angle": -45, "axis": "z", "origin": [8, 3.6, 2.4]},
			"faces": {
				"north": {"uv": [0, 1, 2, 3], "rotation": 270, "texture": "#2", "tintindex": 0},
				"east": {"uv": [0.5, 0, 0, 0.5], "rotation": 90, "texture": "#2"},
				"south": {"uv": [8, 1.5, 10, 3.5], "rotation": 90, "texture": "#2", "tintindex": 0},
				"west": {"uv": [2, 3.5, 8, 5.5], "texture": "#2", "tintindex": 0},
				"up": {"uv": [2, 1.5, 8, 3.5], "rotation": 90, "texture": "#2", "tintindex": 0},
				"down": {"uv": [8, 1.5, 2, 3.5], "rotation": 90, "texture": "#2", "tintindex": 0}
			}
		},
		{
			"from": [7.5, 3.3, 1.6],
			"to": [7.75, 3.9, 10.8],
			"faces": {
				"north": {"uv": [7.5, 13, 8, 13.5], "texture": "#2"},
				"east": {"uv": [7.5, 13, 8, 13.5], "texture": "#2"},
				"south": {"uv": [0, 0, 0, 0], "texture": "#2"},
				"west": {"uv": [7.5, 14.5, 16, 15], "texture": "#2"},
				"up": {"uv": [0, 0, 0, 0], "texture": "#2"},
				"down": {"uv": [0, 0, 0, 0], "texture": "#2"}
			}
		},
		{
			"from": [7.42929, 3.87071, 1.601],
			"to": [7.62929, 4.15271, 10.801],
			"rotation": {"angle": -45, "axis": "z", "origin": [7.5, 3.8, 1]},
			"faces": {
				"north": {"uv": [7.5, 13, 8, 13.5], "texture": "#2"},
				"east": {"uv": [0, 0, 0, 0], "texture": "#2"},
				"south": {"uv": [0, 0, 0, 0], "texture": "#2"},
				"west": {"uv": [7.5, 14, 16, 14.5], "texture": "#2"},
				"up": {"uv": [0, 0, 0, 0], "texture": "#2"},
				"down": {"uv": [0, 0, 0, 0], "texture": "#2"}
			}
		},
		{
			"from": [7.7, 3.85, 1.6],
			"to": [8.3, 4.1, 10.8],
			"faces": {
				"north": {"uv": [7.5, 13, 8, 13.5], "texture": "#2"},
				"east": {"uv": [0, 0, 0, 0], "texture": "#2"},
				"south": {"uv": [0, 0, 0, 0], "texture": "#2"},
				"west": {"uv": [0, 0, 0, 0], "texture": "#2"},
				"up": {"uv": [7.5, 13.5, 16, 14], "rotation": 90, "texture": "#2"},
				"down": {"uv": [8, 13, 7.5, 13.5], "texture": "#2"}
			}
		},
		{
			"from": [8.37071, 3.87071, 1.601],
			"to": [8.57071, 4.15271, 10.801],
			"rotation": {"angle": 45, "axis": "z", "origin": [8.5, 3.8, 1]},
			"faces": {
				"north": {"uv": [7.5, 13, 8, 13.5], "texture": "#2"},
				"east": {"uv": [7.5, 14, 16, 14.5], "rotation": 180, "texture": "#2"},
				"south": {"uv": [0, 0, 0, 0], "texture": "#2"},
				"west": {"uv": [0, 0, 0, 0], "texture": "#2"},
				"up": {"uv": [0, 0, 0, 0], "texture": "#2"},
				"down": {"uv": [0, 0, 0, 0], "texture": "#2"}
			}
		},
		{
			"from": [8.25, 3.3, 1.6],
			"to": [8.5, 3.9, 10.8],
			"faces": {
				"north": {"uv": [7.5, 13, 8, 13.5], "texture": "#2"},
				"east": {"uv": [7.5, 14.5, 16, 15], "rotation": 180, "texture": "#2"},
				"south": {"uv": [0, 0, 0, 0], "texture": "#2"},
				"west": {"uv": [7.5, 13, 8, 13.5], "texture": "#2"},
				"up": {"uv": [0, 0, 0, 0], "texture": "#2"},
				"down": {"uv": [0, 0, 0, 0], "texture": "#2"}
			}
		},
		{
			"from": [8.22929, 2.98871, 1.601],
			"to": [8.42929, 3.27071, 10.801],
			"rotation": {"angle": -45, "axis": "z", "origin": [8.5, 3.2, 1]},
			"faces": {
				"north": {"uv": [7.5, 13, 8, 13.5], "texture": "#2"},
				"east": {"uv": [7.5, 15, 16, 15.5], "rotation": 180, "texture": "#2"},
				"south": {"uv": [0, 0, 0, 0], "texture": "#2"},
				"west": {"uv": [0, 0, 0, 0], "texture": "#2"},
				"up": {"uv": [0, 0, 0, 0], "texture": "#2"},
				"down": {"uv": [0, 0, 0, 0], "texture": "#2"}
			}
		},
		{
			"from": [7.7, 3.1, 1.6],
			"to": [8.3, 3.35, 10.8],
			"faces": {
				"north": {"uv": [7.5, 13, 8, 13.5], "texture": "#2"},
				"east": {"uv": [0, 0, 0, 0], "texture": "#2"},
				"south": {"uv": [0, 0, 0, 0], "texture": "#2"},
				"west": {"uv": [0, 0, 0, 0], "texture": "#2"},
				"up": {"uv": [8, 13.5, 7.5, 13], "texture": "#2"},
				"down": {"uv": [7.5, 15.5, 16, 16], "rotation": 270, "texture": "#2"}
			}
		},
		{
			"from": [7.57071, 2.98871, 1.601],
			"to": [7.77071, 3.27071, 10.801],
			"rotation": {"angle": 45, "axis": "z", "origin": [7.5, 3.2, 1]},
			"faces": {
				"north": {"uv": [7.5, 13, 8, 13.5], "texture": "#2"},
				"east": {"uv": [0, 0, 0, 0], "texture": "#2"},
				"south": {"uv": [0, 0, 0, 0], "texture": "#2"},
				"west": {"uv": [7.5, 15, 16, 15.5], "texture": "#2"},
				"up": {"uv": [0, 0, 0, 0], "texture": "#2"},
				"down": {"uv": [0, 0, 0, 0], "texture": "#2"}
			}
		}
	],
	"display": {
		"thirdperson_righthand": {
			"translation": [0, 7.5, -5.75],
			"scale": [1.1, 1.1, 1.1]
		},
		"firstperson_righthand": {
			"translation": [-3.5, 8.5, 0],
			"scale": [0.8, 0.8, 0.8]
		},
		"firstperson_lefthand": {
			"translation": [3.75, -3.25, 0]
		},
		"ground": {
			"translation": [0, 5, -1]
		},
		"gui": {
			"rotation": [30, 225, 0],
			"translation": [1.25, 4.5, 0],
			"scale": [1.2, 1.2, 1.2]
		},
		"fixed": {
			"rotation": [0, 90, 0],
			"translation": [-3.25, 11.25, -2],
			"scale": [2, 2, 2]
		}
	},
	"groups": [
		{
			"name": "Magazine",
			"origin": [8, 1.05, 10.625],
			"color": 0,
			"children": [
				{
					"name": "Magazine",
					"origin": [8, 1.05, 10.5],
					"color": 0,
					"children": [0, 1, 2, 3, 4, 5, 6, 7, 8]
				}
			]
		},
		{
			"name": "Stock",
			"origin": [0, 0, 0],
			"color": 0,
			"children": [9, 10, 11, 12, 13, 14, 15, 16, 17]
		},
		{
			"name": "Grip",
			"origin": [8, 7.95, 8],
			"color": 0,
			"children": [18, 19, 20, 21]
		},
		{
			"name": "Receiver",
			"origin": [7.5, 3.2, 1],
			"color": 0,
			"children": [22, 23, 24, 25, 26, 27, 28, 29, 30, 31, 32, 33, 34, 35, 36, 37, 38, 39, 40, 41, 42, 43, 44, 45, 46, 47, 48]
		}
	]
}