{
	"credit": "Made with Blockbench",
	"texture_size": [32, 32],
	"textures": {
		"2": "moguns:items/thompson",
		"particle": "moguns:items/thompson"
	},
	"elements": [
		{
			"from": [7.65, 3, 11.5],
			"to": [8.35, 4.245, 13.45],
			"faces": {
				"north": {"uv": [0, 3.5, 2, 4], "rotation": 90, "texture": "#2"},
				"east": {"uv": [0, 3.5, 2, 4], "rotation": 90, "texture": "#2"},
				"south": {"uv": [0, 3.5, 2, 4], "rotation": 90, "texture": "#2"},
				"west": {"uv": [0, 3.5, 2, 4], "rotation": 90, "texture": "#2"},
				"up": {"uv": [0, 3.5, 2, 4], "rotation": 90, "texture": "#2"},
				"down": {"uv": [0, 3.5, 2, 4], "rotation": 90, "texture": "#2"}
			}
		},
		{
			"from": [7.8, 4.3, 11.65],
			"to": [8.2, 4.4, 12.05],
			"faces": {
				"north": {"uv": [0, 0.5, 0.5, 1], "texture": "#2"},
				"east": {"uv": [0, 0.5, 0.5, 1], "texture": "#2"},
				"south": {"uv": [0, 0.5, 0.5, 1], "texture": "#2"},
				"west": {"uv": [0, 0.5, 0.5, 1], "texture": "#2"},
				"up": {"uv": [0, 0.5, 0.5, 1], "texture": "#2"},
				"down": {"uv": [0, 0.5, 0.5, 1], "texture": "#2"}
			}
		},
		{
			"from": [7.9, 4.135, 11.75],
			"to": [8.1, 4.3, 11.95],
			"faces": {
				"north": {"uv": [0.5, 0.5, 0, 1], "texture": "#2", "tintindex": 0},
				"east": {"uv": [0.5, 0.5, 0, 1], "texture": "#2", "tintindex": 0},
				"south": {"uv": [0.5, 0.5, 0, 1], "texture": "#2", "tintindex": 0},
				"west": {"uv": [0.5, 0.5, 0, 1], "texture": "#2", "tintindex": 0},
				"up": {"uv": [0.5, 0.5, 0, 1], "texture": "#2", "tintindex": 0},
				"down": {"uv": [0.5, 0.5, 0, 1], "texture": "#2", "tintindex": 0}
			}
		}
	],
	"display": {
		"thirdperson_righthand": {
			"rotation": [90, 0, 0],
			"translation": [0, 0.75, 1.75],
			"scale": [1.2, 1.2, 1.2]
		},
		"firstperson_righthand": {
			"translation": [-3.5, 5.25, 5.75]
		},
		"firstperson_lefthand": {
			"translation": [3.75, -3.25, 0]
		},
		"ground": {
			"translation": [0, -0.25, 0],
			"scale": [1.5, 1.5, 1.5]
		},
		"gui": {
			"rotation": [30, 225, 0],
			"translation": [-0.25, 1, 0],
			"scale": [3, 3, 3]
		},
		"fixed": {
			"rotation": [0, 90, 0],
			"translation": [-0.25, 1.25, -1.75],
			"scale": [2.5, 2.5, 2.5]
		}
	},
	"groups": [
		{
			"name": "Chamber",
			"origin": [0, 0, 0],
			"color": 0,
			"children": [0, 1, 2]
		}
	]
}