{
	"credit": "Made with Blockbench",
	"texture_size": [32, 32],
	"textures": {
		"2": "moguns:items/vss_vintorez",
		"particle": "moguns:items/vss_vintorez"
	},
	"elements": [
		{
			"from": [8.6, 3.735, 10.7],
			"to": [8.6, 4.01, 12.53],
			"rotation": {"angle": 45, "axis": "z", "origin": [8.685, 3.82, 11.615]},
			"faces": {
				"east": {"uv": [4, 2, 2, 2.5], "texture": "#2", "tintindex": 0}
			}
		},
		{
			"from": [8.685, 3.34, 10.7],
			"to": [8.685, 3.7, 12.53],
			"faces": {
				"north": {"uv": [4, 2, 2, 2.5], "texture": "#2", "tintindex": 0},
				"east": {"uv": [4, 2, 2, 2.5], "texture": "#2", "tintindex": 0},
				"south": {"uv": [4, 2, 2, 2.5], "texture": "#2", "tintindex": 0},
				"west": {"uv": [4, 2, 2, 2.5], "texture": "#2", "tintindex": 0},
				"up": {"uv": [4, 2, 2, 2.5], "texture": "#2", "tintindex": 0},
				"down": {"uv": [4, 2, 2, 2.5], "texture": "#2", "tintindex": 0}
			}
		},
		{
			"from": [8.685, 3.34, 10.8],
			"to": [9.085, 3.6, 10.93],
			"faces": {
				"north": {"uv": [4, 2, 2, 2.5], "texture": "#2", "tintindex": 0},
				"east": {"uv": [4, 2, 2, 2.5], "texture": "#2", "tintindex": 0},
				"south": {"uv": [4, 2, 2, 2.5], "texture": "#2", "tintindex": 0},
				"west": {"uv": [4, 2, 2, 2.5], "texture": "#2", "tintindex": 0},
				"up": {"uv": [4, 2, 2, 2.5], "texture": "#2", "tintindex": 0},
				"down": {"uv": [4, 2, 2, 2.5], "texture": "#2", "tintindex": 0}
			}
		}
	],
	"display": {
		"thirdperson_righthand": {
			"translation": [0, 6.5, -6.75],
			"scale": [1.1, 1.1, 1.1]
		},
		"firstperson_righthand": {
			"translation": [-3.5, 8.5, 0],
			"scale": [0.8, 0.8, 0.8]
		},
		"firstperson_lefthand": {
			"translation": [3.75, -3.25, 0]
		},
		"ground": {
			"translation": [0, 5, -1]
		},
		"gui": {
			"rotation": [30, 225, 0],
			"translation": [1.25, 4.5, 0],
			"scale": [1.2, 1.2, 1.2]
		},
		"fixed": {
			"rotation": [0, 90, 0],
			"translation": [-3.25, 11.25, -1],
			"scale": [2, 2, 2]
		}
	},
	"groups": [
		{
			"name": "Chamber",
			"origin": [0, 0, 0],
			"color": 0,
			"children": [0, 1, 2]
		}
	]
}