{
	"credit": "Made with Blockbench",
	"textures": {
		"1": "moguns:items/walther_ppk",
		"particle": "moguns:items/walther_ppk"
	},
	"elements": [
		{
			"from": [7.5, 2.625, 11.55],
			"to": [8.5, 3.325, 15.555],
			"rotation": {"angle": 0, "axis": "y", "origin": [7.9, 7.625, 7.35]},
			"faces": {
				"north": {"uv": [9, 9, 11, 11], "texture": "#1", "tintindex": 0},
				"east": {"uv": [0, 4, 16, 6], "texture": "#1"},
				"south": {"uv": [11, 7, 14, 9], "texture": "#1", "tintindex": 0},
				"west": {"uv": [0, 0, 16, 2], "rotation": 180, "texture": "#1"},
				"up": {"uv": [0, 2, 16, 4], "rotation": 270, "texture": "#1", "tintindex": 0},
				"down": {"uv": [1, 7, 2, 8], "texture": "#1"}
			}
		},
		{
			"from": [8.35, 2.5, 11.55],
			"to": [8.45, 2.645, 14.355],
			"rotation": {"angle": -45, "axis": "z", "origin": [8.45, 2.575, 12.7525]},
			"faces": {
				"north": {"uv": [4, 15, 5, 14], "texture": "#1"},
				"east": {"uv": [4, 15, 5, 14], "texture": "#1"},
				"south": {"uv": [4, 15, 5, 14], "texture": "#1"},
				"west": {"uv": [4, 15, 5, 14], "texture": "#1"},
				"up": {"uv": [4, 15, 5, 14], "texture": "#1"},
				"down": {"uv": [4, 15, 5, 14], "texture": "#1"}
			}
		},
		{
			"from": [7.55, 2.5, 11.55],
			"to": [7.65, 2.645, 14.355],
			"rotation": {"angle": 45, "axis": "z", "origin": [7.55, 2.575, 12.7525]},
			"faces": {
				"north": {"uv": [5, 14, 4, 15], "texture": "#1"},
				"east": {"uv": [5, 14, 4, 15], "texture": "#1"},
				"south": {"uv": [5, 14, 4, 15], "texture": "#1"},
				"west": {"uv": [5, 14, 4, 15], "texture": "#1"},
				"up": {"uv": [5, 14, 4, 15], "texture": "#1"},
				"down": {"uv": [5, 14, 4, 15], "texture": "#1"}
			}
		},
		{
			"from": [7.5, 2.625, 15.555],
			"to": [8.5, 2.76, 16.11],
			"rotation": {"angle": 0, "axis": "y", "origin": [7.9, 7.625, 7.35]},
			"faces": {
				"north": {"uv": [5, 15, 4, 14], "rotation": 180, "texture": "#1"},
				"east": {"uv": [5, 15, 4, 14], "rotation": 180, "texture": "#1"},
				"south": {"uv": [5, 15, 4, 14], "rotation": 180, "texture": "#1"},
				"west": {"uv": [5, 15, 4, 14], "rotation": 180, "texture": "#1"},
				"up": {"uv": [5, 15, 4, 14], "rotation": 180, "texture": "#1"},
				"down": {"uv": [5, 15, 4, 14], "rotation": 180, "texture": "#1"}
			}
		},
		{
			"from": [7.5, 2.76, 15.555],
			"to": [8.5, 2.895, 15.98],
			"rotation": {"angle": 0, "axis": "y", "origin": [7.9, 7.625, 7.35]},
			"faces": {
				"north": {"uv": [5, 15, 4, 14], "rotation": 180, "texture": "#1"},
				"east": {"uv": [5, 15, 4, 14], "rotation": 180, "texture": "#1"},
				"south": {"uv": [5, 15, 4, 14], "rotation": 180, "texture": "#1"},
				"west": {"uv": [5, 15, 4, 14], "rotation": 180, "texture": "#1"},
				"up": {"uv": [5, 15, 4, 14], "rotation": 180, "texture": "#1"},
				"down": {"uv": [5, 15, 4, 14], "rotation": 180, "texture": "#1"}
			}
		},
		{
			"from": [7.5, 2.895, 15.555],
			"to": [8.5, 3.03, 15.84],
			"rotation": {"angle": 0, "axis": "y", "origin": [7.9, 7.625, 7.35]},
			"faces": {
				"north": {"uv": [5, 15, 4, 14], "rotation": 180, "texture": "#1"},
				"east": {"uv": [5, 15, 4, 14], "rotation": 180, "texture": "#1"},
				"south": {"uv": [5, 15, 4, 14], "rotation": 180, "texture": "#1"},
				"west": {"uv": [5, 15, 4, 14], "rotation": 180, "texture": "#1"},
				"up": {"uv": [5, 15, 4, 14], "rotation": 180, "texture": "#1"},
				"down": {"uv": [5, 15, 4, 14], "rotation": 180, "texture": "#1"}
			}
		},
		{
			"from": [7.5, 3.03, 15.555],
			"to": [8.5, 3.165, 15.705],
			"rotation": {"angle": 0, "axis": "y", "origin": [7.9, 7.625, 7.35]},
			"faces": {
				"north": {"uv": [5, 15, 4, 14], "rotation": 180, "texture": "#1"},
				"east": {"uv": [5, 15, 4, 14], "rotation": 180, "texture": "#1"},
				"south": {"uv": [5, 15, 4, 14], "rotation": 180, "texture": "#1"},
				"west": {"uv": [5, 15, 4, 14], "rotation": 180, "texture": "#1"},
				"up": {"uv": [5, 15, 4, 14], "rotation": 180, "texture": "#1"},
				"down": {"uv": [5, 15, 4, 14], "rotation": 180, "texture": "#1"}
			}
		},
		{
			"from": [7.5, 3.165, 15.555],
			"to": [8.5, 3.18, 15.575],
			"rotation": {"angle": 0, "axis": "y", "origin": [7.9, 7.625, 7.35]},
			"faces": {
				"north": {"uv": [10, 9, 12, 11], "texture": "#1", "tintindex": 0},
				"east": {"uv": [0, 4, 16, 6], "texture": "#1"},
				"south": {"uv": [11, 7, 14, 9], "texture": "#1", "tintindex": 0},
				"west": {"uv": [0, 0, 16, 2], "rotation": 180, "texture": "#1"},
				"up": {"uv": [0, 2, 16, 4], "rotation": 270, "texture": "#1", "tintindex": 0},
				"down": {"uv": [1, 7, 2, 8], "texture": "#1"}
			}
		},
		{
			"from": [7.5, 2.93, 15.14],
			"to": [8.5, 3.03, 16.03],
			"rotation": {"angle": 45, "axis": "x", "origin": [8, 2.675, 15.7]},
			"faces": {
				"north": {"uv": [5, 15, 4, 14], "rotation": 180, "texture": "#1"},
				"east": {"uv": [5, 15, 4, 14], "rotation": 180, "texture": "#1"},
				"south": {"uv": [5, 15, 4, 14], "rotation": 180, "texture": "#1"},
				"west": {"uv": [5, 15, 4, 14], "rotation": 180, "texture": "#1"},
				"up": {"uv": [14, 12, 11, 9], "rotation": 180, "texture": "#1"},
				"down": {"uv": [5, 15, 4, 14], "rotation": 180, "texture": "#1"}
			}
		},
		{
			"from": [7.7, 3.325, 11.55],
			"to": [8.3, 3.525, 15.55],
			"rotation": {"angle": 0, "axis": "y", "origin": [7.9, 7.625, 7.35]},
			"faces": {
				"north": {"uv": [9, 9, 11, 11], "texture": "#1", "tintindex": 0},
				"south": {"uv": [8, 9, 11, 12], "texture": "#1", "tintindex": 0},
				"up": {"uv": [0, 2, 16, 3], "rotation": 270, "texture": "#1", "tintindex": 0}
			}
		},
		{
			"from": [7.95, 3.525, 11.55],
			"to": [8.05, 3.625, 11.75],
			"rotation": {"angle": 0, "axis": "y", "origin": [7.9, 7.625, 7.35]},
			"faces": {
				"north": {"uv": [8, 9, 11, 12], "texture": "#1", "tintindex": 0},
				"east": {"uv": [8, 9, 11, 12], "texture": "#1", "tintindex": 0},
				"south": {"uv": [8, 9, 11, 12], "texture": "#1", "tintindex": 0},
				"west": {"uv": [8, 9, 11, 12], "texture": "#1", "tintindex": 0},
				"up": {"uv": [8, 9, 11, 12], "texture": "#1", "tintindex": 0},
				"down": {"uv": [8, 9, 11, 12], "texture": "#1", "tintindex": 0}
			}
		},
		{
			"from": [7.75, 3.525, 15.35],
			"to": [7.95, 3.65, 15.55],
			"rotation": {"angle": 0, "axis": "y", "origin": [7.9, 7.625, 7.35]},
			"faces": {
				"north": {"uv": [8, 9, 11, 12], "texture": "#1", "tintindex": 0},
				"east": {"uv": [8, 9, 11, 12], "texture": "#1", "tintindex": 0},
				"south": {"uv": [8, 9, 11, 12], "texture": "#1", "tintindex": 0},
				"west": {"uv": [8, 9, 11, 12], "texture": "#1", "tintindex": 0},
				"up": {"uv": [8, 9, 11, 12], "texture": "#1", "tintindex": 0},
				"down": {"uv": [8, 9, 11, 12], "texture": "#1", "tintindex": 0}
			}
		},
		{
			"from": [8.05, 3.525, 15.35],
			"to": [8.25, 3.65, 15.55],
			"rotation": {"angle": 0, "axis": "y", "origin": [7.9, 7.625, 7.35]},
			"faces": {
				"north": {"uv": [8, 9, 11, 12], "texture": "#1", "tintindex": 0},
				"east": {"uv": [8, 9, 11, 12], "texture": "#1", "tintindex": 0},
				"south": {"uv": [8, 9, 11, 12], "texture": "#1", "tintindex": 0},
				"west": {"uv": [8, 9, 11, 12], "texture": "#1", "tintindex": 0},
				"up": {"uv": [8, 9, 11, 12], "texture": "#1", "tintindex": 0},
				"down": {"uv": [8, 9, 11, 12], "texture": "#1", "tintindex": 0}
			}
		},
		{
			"from": [7.6, 2.52, 11.55],
			"to": [8.395, 2.725, 15.55],
			"rotation": {"angle": 0, "axis": "y", "origin": [7.9, 7.625, 7.35]},
			"faces": {
				"north": {"uv": [9, 9, 11, 11], "texture": "#1", "tintindex": 0},
				"east": {"uv": [9, 9, 11, 11], "texture": "#1", "tintindex": 0},
				"south": {"uv": [9, 9, 11, 11], "texture": "#1", "tintindex": 0},
				"west": {"uv": [9, 9, 11, 11], "texture": "#1", "tintindex": 0},
				"up": {"uv": [9, 9, 11, 11], "texture": "#1", "tintindex": 0},
				"down": {"uv": [9, 9, 11, 11], "texture": "#1", "tintindex": 0}
			}
		},
		{
			"from": [7.605, 3.635, 11.55],
			"to": [7.885, 3.78, 15.55],
			"rotation": {"angle": 45, "axis": "z", "origin": [8.1, 3.425, 13.35]},
			"faces": {
				"north": {"uv": [0, 2, 16, 3], "rotation": 270, "texture": "#1", "tintindex": 0},
				"east": {"uv": [0, 2, 16, 3], "rotation": 270, "texture": "#1", "tintindex": 0},
				"south": {"uv": [0, 2, 16, 3], "rotation": 270, "texture": "#1", "tintindex": 0},
				"west": {"uv": [0, 2, 16, 3], "rotation": 270, "texture": "#1", "tintindex": 0},
				"up": {"uv": [0, 2, 16, 3], "rotation": 270, "texture": "#1", "tintindex": 0},
				"down": {"uv": [0, 2, 16, 3], "rotation": 270, "texture": "#1", "tintindex": 0}
			}
		},
		{
			"from": [8.115, 3.635, 11.55],
			"to": [8.395, 3.78, 15.55],
			"rotation": {"angle": -45, "axis": "z", "origin": [7.9, 3.425, 13.35]},
			"faces": {
				"north": {"uv": [11, 9, 9, 11], "texture": "#1", "tintindex": 0},
				"south": {"uv": [11, 9, 8, 12], "texture": "#1", "tintindex": 0},
				"up": {"uv": [0, 4, 16, 3], "rotation": 270, "texture": "#1", "tintindex": 0}
			}
		}
	],
	"display": {
		"thirdperson_righthand": {
			"rotation": [22.5, 0, 0],
			"translation": [0, 10, -4],
			"scale": [1.2, 1.2, 1.2]
		},
		"firstperson_righthand": {
			"translation": [-3.5, 8.5, 0],
			"scale": [0.8, 0.8, 0.8]
		},
		"ground": {
			"translation": [0, 5, -5.75]
		},
		"gui": {
			"rotation": [30, 225, 0],
			"translation": [7.5, 5, 0],
			"scale": [1.8, 1.8, 1.8]
		},
		"fixed": {
			"rotation": [0, 90, 0],
			"translation": [-11.5, 12.5, -2],
			"scale": [2, 2, 2]
		}
	},
	"groups": [
		{
			"name": "Chamber",
			"origin": [7.7, 3.625, 16.4],
			"color": 0,
			"children": [0, 1, 2, 3, 4, 5, 6, 7, 8, 9, 10, 11, 12, 13, 14, 15]
		}
	]
}