{
	"credit": "Made with Blockbench",
	"texture_size": [32, 32],
	"textures": {
		"0": "moguns:items/wrapped_rifle",
		"particle": "moguns:xmas/green_light"
	},
	"elements": [
		{
			"from": [8.7, 3.245, 9.7],
			"to": [9.1, 3.5, 9.9],
			"faces": {
				"north": {"uv": [3.5, 2, 2.5, 2.5], "texture": "#0", "tintindex": 0},
				"east": {"uv": [3.5, 2, 2.5, 2.5], "texture": "#0", "tintindex": 0},
				"south": {"uv": [3.5, 2, 2.5, 2.5], "texture": "#0", "tintindex": 0},
				"west": {"uv": [3.5, 2, 2.5, 2.5], "texture": "#0", "tintindex": 0},
				"up": {"uv": [3.5, 2, 2.5, 2.5], "texture": "#0", "tintindex": 0},
				"down": {"uv": [3.5, 2, 2.5, 2.5], "texture": "#0", "tintindex": 0}
			}
		},
		{
			"from": [7.3, 3.145, 9.7],
			"to": [8.7, 4, 11.9],
			"faces": {
				"north": {"uv": [4, 1.5, 2, 2.5], "texture": "#0", "tintindex": 0},
				"east": {"uv": [4, 1.5, 2, 2.5], "texture": "#0", "tintindex": 0},
				"south": {"uv": [4, 1.5, 2, 2.5], "texture": "#0", "tintindex": 0},
				"west": {"uv": [3, 2.5, 2, 3.5], "texture": "#0", "tintindex": 0},
				"up": {"uv": [4, 1.5, 2, 2.5], "texture": "#0", "tintindex": 0},
				"down": {"uv": [4, 1.5, 2, 2.5], "texture": "#0", "tintindex": 0}
			}
		},
		{
			"from": [8.164, 3.53, 9.7],
			"to": [8.73, 3.93, 11.899],
			"rotation": {"angle": -45, "axis": "z", "origin": [8.8, 4, 10.5]},
			"faces": {
				"north": {"uv": [2, 1, 0, 1.5], "rotation": 270, "texture": "#0", "tintindex": 0},
				"east": {"uv": [2, 1, 0, 1.5], "rotation": 270, "texture": "#0", "tintindex": 0},
				"south": {"uv": [2, 1, 0, 1.5], "rotation": 270, "texture": "#0", "tintindex": 0},
				"west": {"uv": [2, 1, 0, 1.5], "rotation": 270, "texture": "#0", "tintindex": 0},
				"up": {"uv": [4, 1.5, 2, 2], "rotation": 270, "texture": "#0", "tintindex": 0},
				"down": {"uv": [2, 1, 0, 1.5], "rotation": 270, "texture": "#0", "tintindex": 0}
			}
		}
	],
	"display": {
		"thirdperson_righthand": {
			"translation": [0, 6.5, -6.75],
			"scale": [1.1, 1.1, 1.1]
		},
		"firstperson_righthand": {
			"translation": [-3.5, 8.5, 0],
			"scale": [0.8, 0.8, 0.8]
		},
		"firstperson_lefthand": {
			"translation": [3.75, -3.25, 0]
		},
		"ground": {
			"translation": [0, 5, -1]
		},
		"gui": {
			"rotation": [30, 225, 0],
			"translation": [1.25, 4.5, 0],
			"scale": [1.2, 1.2, 1.2]
		},
		"fixed": {
			"rotation": [0, 90, 0],
			"translation": [-3.25, 11.25, -2],
			"scale": [2, 2, 2]
		}
	},
	"groups": [
		{
			"name": "AKM",
			"origin": [8, 4.4, 12.8],
			"color": 0,
			"children": [
				{
					"name": "Chamber",
					"origin": [8.8, 4, 10.5],
					"color": 0,
					"children": [0, 1, 2]
				}
			]
		}
	]
}