{
	"credit": "Made with Blockbench",
	"texture_size": [32, 32],
	"textures": {
		"0": "moguns:items/wrapped_rifle",
		"1": "moguns:xmas/green_light",
		"2": "moguns:xmas/blue_light",
		"3": "moguns:xmas/red_light",
		"4": "moguns:xmas/yellow_light"
	},
	"elements": [
		{
			"from": [8.8, 1.98216, 18.59204],
			"to": [9.2, 3.18216, 20.97204],
			"rotation": {"angle": 0, "axis": "x", "origin": [8.9, 2.49716, 16.99704]},
			"faces": {
				"north": {"uv": [10, 11.5, 10.5, 12], "texture": "#0", "tintindex": 0},
				"east": {"uv": [10, 11.5, 10.5, 12], "texture": "#0", "tintindex": 0},
				"south": {"uv": [10, 11.5, 10.5, 12], "texture": "#0", "tintindex": 0},
				"west": {"uv": [10, 11.5, 10.5, 12], "texture": "#0", "tintindex": 0},
				"up": {"uv": [10, 11.5, 10.5, 12], "texture": "#0", "tintindex": 0},
				"down": {"uv": [10, 11.5, 10.5, 12], "texture": "#0", "tintindex": 0}
			}
		},
		{
			"from": [8.8, 1.40323, 15.98247],
			"to": [9, 1.60323, 17.01247],
			"rotation": {"angle": -45, "axis": "x", "origin": [8.9, 2.60323, 15.54747]},
			"faces": {
				"north": {"uv": [10, 11.5, 10.5, 12], "texture": "#0", "tintindex": 0},
				"east": {"uv": [10, 11.5, 10.5, 12], "texture": "#0", "tintindex": 0},
				"south": {"uv": [10, 11.5, 10.5, 12], "texture": "#0", "tintindex": 0},
				"west": {"uv": [10, 11.5, 10.5, 12], "texture": "#0", "tintindex": 0},
				"up": {"uv": [10, 11.5, 10.5, 12], "texture": "#0", "tintindex": 0},
				"down": {"uv": [10, 11.5, 10.5, 12], "texture": "#0", "tintindex": 0}
			}
		},
		{
			"from": [8.8, 2.73216, 17.29204],
			"to": [9, 2.93216, 18.82204],
			"rotation": {"angle": 0, "axis": "x", "origin": [8.9, 2.49716, 16.99704]},
			"faces": {
				"north": {"uv": [10, 11.5, 10.5, 12], "texture": "#0", "tintindex": 0},
				"east": {"uv": [10, 11.5, 10.5, 12], "texture": "#0", "tintindex": 0},
				"south": {"uv": [10, 11.5, 10.5, 12], "texture": "#0", "tintindex": 0},
				"west": {"uv": [10, 11.5, 10.5, 12], "texture": "#0", "tintindex": 0},
				"up": {"uv": [10, 11.5, 10.5, 12], "texture": "#0", "tintindex": 0},
				"down": {"uv": [10, 11.5, 10.5, 12], "texture": "#0", "tintindex": 0}
			}
		},
		{
			"from": [7.05, 2.04569, 16.51022],
			"to": [8.945, 2.24569, 16.71022],
			"rotation": {"angle": 0, "axis": "z", "origin": [7.1, 4.24319, 11.17522]},
			"faces": {
				"north": {"uv": [10, 11.5, 10.5, 12], "rotation": 180, "texture": "#0", "tintindex": 0},
				"east": {"uv": [10, 11.5, 10.5, 12], "rotation": 270, "texture": "#0", "tintindex": 0},
				"south": {"uv": [10, 11.5, 10.5, 12], "texture": "#0", "tintindex": 0},
				"west": {"uv": [10, 11.5, 10.5, 12], "rotation": 90, "texture": "#0", "tintindex": 0},
				"up": {"uv": [10, 11.5, 10.5, 12], "rotation": 180, "texture": "#0", "tintindex": 0},
				"down": {"uv": [10, 11.5, 10.5, 12], "texture": "#0", "tintindex": 0}
			}
		},
		{
			"from": [7, 3.55, 14.35],
			"to": [7.2, 3.75, 16.68],
			"rotation": {"angle": 22.5, "axis": "x", "origin": [7.1, 3.045, 12.9]},
			"faces": {
				"north": {"uv": [10, 11.5, 10.5, 12], "texture": "#0", "tintindex": 0},
				"east": {"uv": [10, 11.5, 10.5, 12], "texture": "#0", "tintindex": 0},
				"south": {"uv": [10, 11.5, 10.5, 12], "texture": "#0", "tintindex": 0},
				"west": {"uv": [10, 11.5, 10.5, 12], "texture": "#0", "tintindex": 0},
				"up": {"uv": [10, 11.5, 10.5, 12], "texture": "#0", "tintindex": 0},
				"down": {"uv": [10, 11.5, 10.5, 12], "texture": "#0", "tintindex": 0}
			}
		},
		{
			"from": [7, 2.95, 11.25],
			"to": [7.2, 3.15, 12.935],
			"rotation": {"angle": 22.5, "axis": "x", "origin": [7.1, 3.045, 12.9]},
			"faces": {
				"north": {"uv": [10, 11.5, 10.5, 12], "texture": "#0", "tintindex": 0},
				"east": {"uv": [10, 11.5, 10.5, 12], "texture": "#0", "tintindex": 0},
				"south": {"uv": [10, 11.5, 10.5, 12], "texture": "#0", "tintindex": 0},
				"west": {"uv": [10, 11.5, 10.5, 12], "texture": "#0", "tintindex": 0},
				"up": {"uv": [10, 11.5, 10.5, 12], "texture": "#0", "tintindex": 0},
				"down": {"uv": [10, 11.5, 10.5, 12], "texture": "#0", "tintindex": 0}
			}
		},
		{
			"from": [7, 2.945, 12.9],
			"to": [7.2, 3.145, 14.51],
			"faces": {
				"north": {"uv": [10, 11.5, 10.5, 12], "texture": "#0", "tintindex": 0},
				"east": {"uv": [10, 11.5, 10.5, 12], "texture": "#0", "tintindex": 0},
				"south": {"uv": [10, 11.5, 10.5, 12], "texture": "#0", "tintindex": 0},
				"west": {"uv": [10, 11.5, 10.5, 12], "texture": "#0", "tintindex": 0},
				"up": {"uv": [10, 11.5, 10.5, 12], "texture": "#0", "tintindex": 0},
				"down": {"uv": [10, 11.5, 10.5, 12], "texture": "#0", "tintindex": 0}
			}
		},
		{
			"from": [7.4, 4.39569, 11.16522],
			"to": [7.6, 4.63569, 11.36522],
			"rotation": {"angle": 0, "axis": "z", "origin": [7.1, 4.24319, 11.17522]},
			"faces": {
				"north": {"uv": [10, 11.5, 10.5, 12], "rotation": 180, "texture": "#0", "tintindex": 0},
				"east": {"uv": [10, 11.5, 10.5, 12], "rotation": 270, "texture": "#0", "tintindex": 0},
				"south": {"uv": [10, 11.5, 10.5, 12], "texture": "#0", "tintindex": 0},
				"west": {"uv": [10, 11.5, 10.5, 12], "rotation": 90, "texture": "#0", "tintindex": 0},
				"up": {"uv": [10, 11.5, 10.5, 12], "rotation": 180, "texture": "#0", "tintindex": 0},
				"down": {"uv": [10, 11.5, 10.5, 12], "texture": "#0", "tintindex": 0}
			}
		},
		{
			"from": [7.035, 4.73069, 11.16522],
			"to": [7.235, 5.00569, 11.36522],
			"rotation": {"angle": -45, "axis": "z", "origin": [7.1, 4.24319, 11.17522]},
			"faces": {
				"north": {"uv": [10, 11.5, 10.5, 12], "rotation": 180, "texture": "#0", "tintindex": 0},
				"east": {"uv": [10, 11.5, 10.5, 12], "rotation": 270, "texture": "#0", "tintindex": 0},
				"south": {"uv": [10, 11.5, 10.5, 12], "texture": "#0", "tintindex": 0},
				"west": {"uv": [10, 11.5, 10.5, 12], "rotation": 90, "texture": "#0", "tintindex": 0},
				"up": {"uv": [10, 11.5, 10.5, 12], "rotation": 180, "texture": "#0", "tintindex": 0},
				"down": {"uv": [10, 11.5, 10.5, 12], "texture": "#0", "tintindex": 0}
			}
		},
		{
			"from": [7.14, 4.06569, 11.16522],
			"to": [7.34, 4.70569, 11.36522],
			"rotation": {"angle": -45, "axis": "z", "origin": [7.1, 4.24319, 11.17522]},
			"faces": {
				"north": {"uv": [10, 11.5, 10.5, 12], "rotation": 180, "texture": "#0", "tintindex": 0},
				"east": {"uv": [10, 11.5, 10.5, 12], "rotation": 270, "texture": "#0", "tintindex": 0},
				"south": {"uv": [10, 11.5, 10.5, 12], "texture": "#0", "tintindex": 0},
				"west": {"uv": [10, 11.5, 10.5, 12], "rotation": 90, "texture": "#0", "tintindex": 0},
				"up": {"uv": [10, 11.5, 10.5, 12], "rotation": 180, "texture": "#0", "tintindex": 0},
				"down": {"uv": [10, 11.5, 10.5, 12], "texture": "#0", "tintindex": 0}
			}
		},
		{
			"from": [7, 3.6095, 11.3052],
			"to": [7.2, 4.0545, 11.5052],
			"rotation": {"angle": -22.5, "axis": "x", "origin": [7.1, 3.682, 11.3752]},
			"faces": {
				"north": {"uv": [10, 11.5, 10.5, 12], "rotation": 180, "texture": "#0", "tintindex": 0},
				"east": {"uv": [10, 11.5, 10.5, 12], "rotation": 270, "texture": "#0", "tintindex": 0},
				"south": {"uv": [10, 11.5, 10.5, 12], "texture": "#0", "tintindex": 0},
				"west": {"uv": [10, 11.5, 10.5, 12], "rotation": 90, "texture": "#0", "tintindex": 0},
				"up": {"uv": [10, 11.5, 10.5, 12], "rotation": 180, "texture": "#0", "tintindex": 0},
				"down": {"uv": [10, 11.5, 10.5, 12], "texture": "#0", "tintindex": 0}
			}
		},
		{
			"from": [7, 3.99569, 11.16522],
			"to": [7.2, 4.09069, 11.36522],
			"rotation": {"angle": 0, "axis": "z", "origin": [7.1, 4.24319, 11.17522]},
			"faces": {
				"north": {"uv": [10, 11.5, 10.5, 12], "rotation": 180, "texture": "#0", "tintindex": 0},
				"east": {"uv": [10, 11.5, 10.5, 12], "rotation": 270, "texture": "#0", "tintindex": 0},
				"south": {"uv": [10, 11.5, 10.5, 12], "texture": "#0", "tintindex": 0},
				"west": {"uv": [10, 11.5, 10.5, 12], "rotation": 90, "texture": "#0", "tintindex": 0},
				"up": {"uv": [10, 11.5, 10.5, 12], "rotation": 180, "texture": "#0", "tintindex": 0},
				"down": {"uv": [10, 11.5, 10.5, 12], "texture": "#0", "tintindex": 0}
			}
		},
		{
			"from": [7.595, 4.63069, 11.16522],
			"to": [8.41, 4.83069, 11.36522],
			"rotation": {"angle": 0, "axis": "z", "origin": [7.1, 4.24319, 11.17522]},
			"faces": {
				"north": {"uv": [10, 11.5, 10.5, 12], "rotation": 180, "texture": "#0", "tintindex": 0},
				"east": {"uv": [10, 11.5, 10.5, 12], "rotation": 270, "texture": "#0", "tintindex": 0},
				"south": {"uv": [10, 11.5, 10.5, 12], "texture": "#0", "tintindex": 0},
				"west": {"uv": [10, 11.5, 10.5, 12], "rotation": 90, "texture": "#0", "tintindex": 0},
				"up": {"uv": [10, 11.5, 10.5, 12], "rotation": 180, "texture": "#0", "tintindex": 0},
				"down": {"uv": [10, 11.5, 10.5, 12], "texture": "#0", "tintindex": 0}
			}
		},
		{
			"from": [8.27919, 4.61039, 11.16522],
			"to": [8.54919, 4.81039, 11.36522],
			"rotation": {"angle": -45, "axis": "z", "origin": [8.36669, 4.66039, 11.26522]},
			"faces": {
				"north": {"uv": [10, 11.5, 10.5, 12], "rotation": 90, "texture": "#0", "tintindex": 0},
				"east": {"uv": [10, 11.5, 10.5, 12], "rotation": 270, "texture": "#0", "tintindex": 0},
				"south": {"uv": [10, 11.5, 10.5, 12], "rotation": 90, "texture": "#0", "tintindex": 0},
				"west": {"uv": [10, 11.5, 10.5, 12], "rotation": 90, "texture": "#0", "tintindex": 0},
				"up": {"uv": [10, 11.5, 10.5, 12], "rotation": 180, "texture": "#0", "tintindex": 0},
				"down": {"uv": [10, 11.5, 10.5, 12], "texture": "#0", "tintindex": 0}
			}
		},
		{
			"from": [8.4, 4.49569, 11.16522],
			"to": [8.6, 4.63569, 11.36522],
			"rotation": {"angle": 0, "axis": "z", "origin": [7.1, 4.24319, 11.17522]},
			"faces": {
				"north": {"uv": [10, 11.5, 10.5, 12], "rotation": 180, "texture": "#0", "tintindex": 0},
				"east": {"uv": [10, 11.5, 10.5, 12], "rotation": 270, "texture": "#0", "tintindex": 0},
				"south": {"uv": [10, 11.5, 10.5, 12], "texture": "#0", "tintindex": 0},
				"west": {"uv": [10, 11.5, 10.5, 12], "rotation": 90, "texture": "#0", "tintindex": 0},
				"up": {"uv": [10, 11.5, 10.5, 12], "rotation": 180, "texture": "#0", "tintindex": 0},
				"down": {"uv": [10, 11.5, 10.5, 12], "texture": "#0", "tintindex": 0}
			}
		},
		{
			"from": [8.4, 4.38069, 11.16522],
			"to": [8.6, 4.58069, 11.36522],
			"rotation": {"angle": 45, "axis": "x", "origin": [8.5, 4.53569, 11.26522]},
			"faces": {
				"north": {"uv": [10, 11.5, 10.5, 12], "rotation": 180, "texture": "#0", "tintindex": 0},
				"east": {"uv": [10, 11.5, 10.5, 12], "rotation": 270, "texture": "#0", "tintindex": 0},
				"south": {"uv": [10, 11.5, 10.5, 12], "texture": "#0", "tintindex": 0},
				"west": {"uv": [10, 11.5, 10.5, 12], "rotation": 90, "texture": "#0", "tintindex": 0},
				"up": {"uv": [10, 11.5, 10.5, 12], "rotation": 180, "texture": "#0", "tintindex": 0},
				"down": {"uv": [10, 11.5, 10.5, 12], "texture": "#0", "tintindex": 0}
			}
		},
		{
			"from": [8.4, 4.3568, 10.26133],
			"to": [8.6, 4.5568, 11.22633],
			"rotation": {"angle": 0, "axis": "x", "origin": [8.5, 4.4968, 11.22633]},
			"faces": {
				"north": {"uv": [10, 11.5, 10.5, 12], "rotation": 180, "texture": "#0", "tintindex": 0},
				"east": {"uv": [10, 11.5, 10.5, 12], "rotation": 180, "texture": "#0", "tintindex": 0},
				"south": {"uv": [10, 11.5, 10.5, 12], "rotation": 180, "texture": "#0", "tintindex": 0},
				"west": {"uv": [10, 11.5, 10.5, 12], "rotation": 180, "texture": "#0", "tintindex": 0},
				"up": {"uv": [10, 11.5, 10.5, 12], "texture": "#0", "tintindex": 0},
				"down": {"uv": [10, 11.5, 10.5, 12], "texture": "#0", "tintindex": 0}
			}
		},
		{
			"from": [8.5, 4.3568, 9.46633],
			"to": [8.7, 4.5568, 10.28633],
			"rotation": {"angle": -22.5, "axis": "y", "origin": [8.5, 4.4568, 10.02633]},
			"faces": {
				"north": {"uv": [10, 11.5, 10.5, 12], "rotation": 180, "texture": "#0", "tintindex": 0},
				"east": {"uv": [10, 11.5, 10.5, 12], "rotation": 180, "texture": "#0", "tintindex": 0},
				"south": {"uv": [10, 11.5, 10.5, 12], "rotation": 180, "texture": "#0", "tintindex": 0},
				"west": {"uv": [10, 11.5, 10.5, 12], "rotation": 180, "texture": "#0", "tintindex": 0},
				"up": {"uv": [10, 11.5, 10.5, 12], "texture": "#0", "tintindex": 0},
				"down": {"uv": [10, 11.5, 10.5, 12], "texture": "#0", "tintindex": 0}
			}
		},
		{
			"from": [8.7, 4.3968, 7.63633],
			"to": [8.9, 4.5968, 9.48133],
			"rotation": {"angle": -45, "axis": "x", "origin": [8.8, 4.4568, 9.48633]},
			"faces": {
				"north": {"uv": [10, 11.5, 10.5, 12], "rotation": 180, "texture": "#0", "tintindex": 0},
				"east": {"uv": [10, 11.5, 10.5, 12], "rotation": 180, "texture": "#0", "tintindex": 0},
				"south": {"uv": [10, 11.5, 10.5, 12], "rotation": 180, "texture": "#0", "tintindex": 0},
				"west": {"uv": [10, 11.5, 10.5, 12], "rotation": 180, "texture": "#0", "tintindex": 0},
				"up": {"uv": [10, 11.5, 10.5, 12], "texture": "#0", "tintindex": 0},
				"down": {"uv": [10, 11.5, 10.5, 12], "texture": "#0", "tintindex": 0}
			}
		},
		{
			"from": [8.7, 4.3568, 9.38633],
			"to": [8.9, 4.5568, 9.58633],
			"rotation": {"angle": 0, "axis": "x", "origin": [8.5, 4.4968, 11.22633]},
			"faces": {
				"north": {"uv": [10, 11.5, 10.5, 12], "rotation": 180, "texture": "#0", "tintindex": 0},
				"east": {"uv": [10, 11.5, 10.5, 12], "rotation": 180, "texture": "#0", "tintindex": 0},
				"south": {"uv": [10, 11.5, 10.5, 12], "rotation": 180, "texture": "#0", "tintindex": 0},
				"west": {"uv": [10, 11.5, 10.5, 12], "rotation": 180, "texture": "#0", "tintindex": 0},
				"up": {"uv": [10, 11.5, 10.5, 12], "texture": "#0", "tintindex": 0},
				"down": {"uv": [10, 11.5, 10.5, 12], "texture": "#0", "tintindex": 0}
			}
		},
		{
			"from": [8.8, 4.3968, 6.23633],
			"to": [9, 4.5968, 7.83633],
			"rotation": {"angle": -45, "axis": "x", "origin": [8.8, 4.4568, 9.48633]},
			"faces": {
				"north": {"uv": [10, 11.5, 10.5, 12], "rotation": 180, "texture": "#0", "tintindex": 0},
				"east": {"uv": [10, 11.5, 10.5, 12], "rotation": 180, "texture": "#0", "tintindex": 0},
				"south": {"uv": [10, 11.5, 10.5, 12], "rotation": 180, "texture": "#0", "tintindex": 0},
				"west": {"uv": [10, 11.5, 10.5, 12], "rotation": 180, "texture": "#0", "tintindex": 0},
				"up": {"uv": [10, 11.5, 10.5, 12], "texture": "#0", "tintindex": 0},
				"down": {"uv": [10, 11.5, 10.5, 12], "texture": "#0", "tintindex": 0}
			}
		},
		{
			"from": [7.2, 2.0577, 7.08566],
			"to": [9, 2.2577, 7.28566],
			"rotation": {"angle": 0, "axis": "x", "origin": [8.9, 2.2577, 7.23066]},
			"faces": {
				"north": {"uv": [10, 11.5, 10.5, 12], "rotation": 180, "texture": "#0", "tintindex": 0},
				"east": {"uv": [10, 11.5, 10.5, 12], "rotation": 180, "texture": "#0", "tintindex": 0},
				"south": {"uv": [10, 11.5, 10.5, 12], "rotation": 180, "texture": "#0", "tintindex": 0},
				"west": {"uv": [10, 11.5, 10.5, 12], "rotation": 180, "texture": "#0", "tintindex": 0},
				"up": {"uv": [10, 11.5, 10.5, 12], "texture": "#0", "tintindex": 0},
				"down": {"uv": [10, 11.5, 10.5, 12], "texture": "#0", "tintindex": 0}
			}
		},
		{
			"from": [7, 2.0877, 7.08566],
			"to": [7.2, 4.2927, 7.28566],
			"rotation": {"angle": -22.5, "axis": "x", "origin": [7.1, 2.1577, 7.18566]},
			"faces": {
				"north": {"uv": [10, 11.5, 10.5, 12], "rotation": 180, "texture": "#0", "tintindex": 0},
				"east": {"uv": [10, 11.5, 10.5, 12], "rotation": 180, "texture": "#0", "tintindex": 0},
				"south": {"uv": [10, 11.5, 10.5, 12], "rotation": 180, "texture": "#0", "tintindex": 0},
				"west": {"uv": [10, 11.5, 10.5, 12], "rotation": 180, "texture": "#0", "tintindex": 0},
				"up": {"uv": [10, 11.5, 10.5, 12], "texture": "#0", "tintindex": 0},
				"down": {"uv": [10, 11.5, 10.5, 12], "texture": "#0", "tintindex": 0}
			}
		},
		{
			"from": [7.06, 4.12556, 6.27055],
			"to": [7.26, 4.75056, 6.47055],
			"rotation": {"angle": -45, "axis": "z", "origin": [7.1, 4.12556, 6.37055]},
			"faces": {
				"north": {"uv": [10, 11.5, 10.5, 12], "rotation": 180, "texture": "#0", "tintindex": 0},
				"east": {"uv": [10, 11.5, 10.5, 12], "rotation": 180, "texture": "#0", "tintindex": 0},
				"south": {"uv": [10, 11.5, 10.5, 12], "rotation": 180, "texture": "#0", "tintindex": 0},
				"west": {"uv": [10, 11.5, 10.5, 12], "rotation": 180, "texture": "#0", "tintindex": 0},
				"up": {"uv": [10, 11.5, 10.5, 12], "texture": "#0", "tintindex": 0},
				"down": {"uv": [10, 11.5, 10.5, 12], "texture": "#0", "tintindex": 0}
			}
		},
		{
			"from": [7.46, 4.39556, 6.53055],
			"to": [7.66, 4.59556, 7.49055],
			"rotation": {"angle": 22.5, "axis": "y", "origin": [7.1, 4.12556, 6.37055]},
			"faces": {
				"north": {"uv": [10, 11.5, 10.5, 12], "rotation": 180, "texture": "#0", "tintindex": 0},
				"east": {"uv": [10, 11.5, 10.5, 12], "rotation": 90, "texture": "#0", "tintindex": 0},
				"south": {"uv": [10, 11.5, 10.5, 12], "texture": "#0", "tintindex": 0},
				"west": {"uv": [10, 11.5, 10.5, 12], "rotation": 270, "texture": "#0", "tintindex": 0},
				"up": {"uv": [10, 11.5, 10.5, 12], "texture": "#0", "tintindex": 0},
				"down": {"uv": [10, 11.5, 10.5, 12], "rotation": 180, "texture": "#0", "tintindex": 0}
			}
		},
		{
			"from": [6.985, 3.145, 13.1],
			"to": [7.185, 3.545, 13.3],
			"rotation": {"angle": 0, "axis": "y", "origin": [-0.015, 0, 0]},
			"faces": {
				"north": {"uv": [10, 11.5, 10.5, 12], "texture": "#2", "tintindex": 0},
				"east": {"uv": [10, 11.5, 10.5, 12], "texture": "#2", "tintindex": 0},
				"south": {"uv": [10, 11.5, 10.5, 12], "texture": "#2", "tintindex": 0},
				"west": {"uv": [10, 11.5, 10.5, 12], "texture": "#2", "tintindex": 0},
				"up": {"uv": [10, 11.5, 10.5, 12], "texture": "#2", "tintindex": 0},
				"down": {"uv": [10, 11.5, 10.5, 12], "texture": "#2", "tintindex": 0}
			}
		},
		{
			"from": [6.985, 2.51, 16.3],
			"to": [7.185, 2.91, 16.5],
			"rotation": {"angle": 22.5, "axis": "x", "origin": [7.085, 3.345, 16.2]},
			"faces": {
				"north": {"uv": [10, 11.5, 10.5, 12], "texture": "#2", "tintindex": 0},
				"east": {"uv": [10, 11.5, 10.5, 12], "texture": "#2", "tintindex": 0},
				"south": {"uv": [10, 11.5, 10.5, 12], "texture": "#2", "tintindex": 0},
				"west": {"uv": [10, 11.5, 10.5, 12], "texture": "#2", "tintindex": 0},
				"up": {"uv": [10, 11.5, 10.5, 12], "texture": "#2", "tintindex": 0},
				"down": {"uv": [10, 11.5, 10.5, 12], "texture": "#2", "tintindex": 0}
			}
		},
		{
			"from": [8.815, 2.8162, 17.13949],
			"to": [9.015, 3.2162, 17.33949],
			"rotation": {"angle": -22.5, "axis": "x", "origin": [8.9, 3.0162, 17.09449]},
			"faces": {
				"north": {"uv": [10, 11.5, 10.5, 12], "rotation": 180, "texture": "#2", "tintindex": 0},
				"east": {"uv": [10, 11.5, 10.5, 12], "rotation": 180, "texture": "#2", "tintindex": 0},
				"south": {"uv": [10, 11.5, 10.5, 12], "rotation": 180, "texture": "#2", "tintindex": 0},
				"west": {"uv": [10, 11.5, 10.5, 12], "rotation": 180, "texture": "#2", "tintindex": 0},
				"up": {"uv": [10, 11.5, 10.5, 12], "texture": "#2", "tintindex": 0},
				"down": {"uv": [10, 11.5, 10.5, 12], "texture": "#2", "tintindex": 0}
			}
		},
		{
			"from": [7.36, 4.365, 11.365],
			"to": [7.56, 4.565, 11.765],
			"rotation": {"angle": 0, "axis": "x", "origin": [7.485, 4.545, 11.4]},
			"faces": {
				"north": {"uv": [10, 11.5, 10.5, 12], "rotation": 180, "texture": "#2", "tintindex": 0},
				"east": {"uv": [10, 11.5, 10.5, 12], "rotation": 270, "texture": "#2", "tintindex": 0},
				"south": {"uv": [10, 11.5, 10.5, 12], "texture": "#2", "tintindex": 0},
				"west": {"uv": [10, 11.5, 10.5, 12], "rotation": 90, "texture": "#2", "tintindex": 0},
				"up": {"uv": [10, 11.5, 10.5, 12], "rotation": 180, "texture": "#2", "tintindex": 0},
				"down": {"uv": [10, 11.5, 10.5, 12], "texture": "#2", "tintindex": 0}
			}
		},
		{
			"from": [8.715, 3.955, 9.42],
			"to": [8.915, 4.355, 9.62],
			"rotation": {"angle": 0, "axis": "x", "origin": [8.815, 4.44, 9.765]},
			"faces": {
				"north": {"uv": [10, 11.5, 10.5, 12], "rotation": 180, "texture": "#2", "tintindex": 0},
				"east": {"uv": [10, 11.5, 10.5, 12], "rotation": 180, "texture": "#2", "tintindex": 0},
				"south": {"uv": [10, 11.5, 10.5, 12], "rotation": 180, "texture": "#2", "tintindex": 0},
				"west": {"uv": [10, 11.5, 10.5, 12], "rotation": 180, "texture": "#2", "tintindex": 0},
				"up": {"uv": [10, 11.5, 10.5, 12], "texture": "#2", "tintindex": 0},
				"down": {"uv": [10, 11.5, 10.5, 12], "texture": "#2", "tintindex": 0}
			}
		},
		{
			"from": [8.815, 2.26, 7.52],
			"to": [9.015, 2.66, 7.72],
			"rotation": {"angle": -45, "axis": "x", "origin": [8.915, 2.555, 7.82]},
			"faces": {
				"north": {"uv": [10, 11.5, 10.5, 12], "rotation": 180, "texture": "#2", "tintindex": 0},
				"east": {"uv": [10, 11.5, 10.5, 12], "rotation": 180, "texture": "#2", "tintindex": 0},
				"south": {"uv": [10, 11.5, 10.5, 12], "rotation": 180, "texture": "#2", "tintindex": 0},
				"west": {"uv": [10, 11.5, 10.5, 12], "rotation": 180, "texture": "#2", "tintindex": 0},
				"up": {"uv": [10, 11.5, 10.5, 12], "texture": "#2", "tintindex": 0},
				"down": {"uv": [10, 11.5, 10.5, 12], "texture": "#2", "tintindex": 0}
			}
		},
		{
			"from": [6.985, 2.955, 7.18],
			"to": [7.185, 3.155, 7.58],
			"rotation": {"angle": -22.5, "axis": "x", "origin": [8.9, 2.555, 7.82]},
			"faces": {
				"north": {"uv": [10, 11.5, 10.5, 12], "rotation": 180, "texture": "#2", "tintindex": 0},
				"east": {"uv": [10, 11.5, 10.5, 12], "rotation": 270, "texture": "#2", "tintindex": 0},
				"south": {"uv": [10, 11.5, 10.5, 12], "texture": "#2", "tintindex": 0},
				"west": {"uv": [10, 11.5, 10.5, 12], "rotation": 90, "texture": "#2", "tintindex": 0},
				"up": {"uv": [10, 11.5, 10.5, 12], "rotation": 180, "texture": "#2", "tintindex": 0},
				"down": {"uv": [10, 11.5, 10.5, 12], "texture": "#2", "tintindex": 0}
			}
		},
		{
			"from": [6.985, 2.545, 13.7],
			"to": [7.185, 2.945, 13.9],
			"rotation": {"angle": 0, "axis": "y", "origin": [-0.015, 0, 0]},
			"faces": {
				"north": {"uv": [10, 11.5, 10.5, 12], "texture": "#4", "tintindex": 0},
				"east": {"uv": [10, 11.5, 10.5, 12], "texture": "#4", "tintindex": 0},
				"south": {"uv": [10, 11.5, 10.5, 12], "texture": "#4", "tintindex": 0},
				"west": {"uv": [10, 11.5, 10.5, 12], "texture": "#4", "tintindex": 0},
				"up": {"uv": [10, 11.5, 10.5, 12], "texture": "#4", "tintindex": 0},
				"down": {"uv": [10, 11.5, 10.5, 12], "texture": "#4", "tintindex": 0}
			}
		},
		{
			"from": [7.185, 1.635, 16.62],
			"to": [7.385, 2.035, 16.82],
			"rotation": {"angle": -45, "axis": "x", "origin": [7.085, 1.945, 16.5]},
			"faces": {
				"north": {"uv": [10, 11.5, 10.5, 12], "texture": "#4", "tintindex": 0},
				"east": {"uv": [10, 11.5, 10.5, 12], "texture": "#4", "tintindex": 0},
				"south": {"uv": [10, 11.5, 10.5, 12], "texture": "#4", "tintindex": 0},
				"west": {"uv": [10, 11.5, 10.5, 12], "texture": "#4", "tintindex": 0},
				"up": {"uv": [10, 11.5, 10.5, 12], "texture": "#4", "tintindex": 0},
				"down": {"uv": [10, 11.5, 10.5, 12], "texture": "#4", "tintindex": 0}
			}
		},
		{
			"from": [8.8, 2.33022, 18.27078],
			"to": [9, 2.73022, 18.47078],
			"rotation": {"angle": 0, "axis": "x", "origin": [9.3, 3.26022, 17.97078]},
			"faces": {
				"north": {"uv": [10, 11.5, 10.5, 12], "texture": "#4", "tintindex": 0},
				"east": {"uv": [10, 11.5, 10.5, 12], "texture": "#4", "tintindex": 0},
				"south": {"uv": [10, 11.5, 10.5, 12], "texture": "#4", "tintindex": 0},
				"west": {"uv": [10, 11.5, 10.5, 12], "texture": "#4", "tintindex": 0},
				"up": {"uv": [10, 11.5, 10.5, 12], "texture": "#4", "tintindex": 0},
				"down": {"uv": [10, 11.5, 10.5, 12], "texture": "#4", "tintindex": 0}
			}
		},
		{
			"from": [6.985, 3.745, 10.915],
			"to": [7.185, 3.945, 11.315],
			"rotation": {"angle": -22.5, "axis": "x", "origin": [7.085, 3.645, 11.3]},
			"faces": {
				"north": {"uv": [10, 11.5, 10.5, 12], "rotation": 180, "texture": "#4", "tintindex": 0},
				"east": {"uv": [10, 11.5, 10.5, 12], "rotation": 270, "texture": "#4", "tintindex": 0},
				"south": {"uv": [10, 11.5, 10.5, 12], "texture": "#4", "tintindex": 0},
				"west": {"uv": [10, 11.5, 10.5, 12], "rotation": 90, "texture": "#4", "tintindex": 0},
				"up": {"uv": [10, 11.5, 10.5, 12], "rotation": 180, "texture": "#4", "tintindex": 0},
				"down": {"uv": [10, 11.5, 10.5, 12], "texture": "#4", "tintindex": 0}
			}
		},
		{
			"from": [8.34, 4.55719, 10.04025],
			"to": [8.54, 4.95719, 10.24025],
			"rotation": {"angle": -22.5, "axis": "y", "origin": [8.5, 5.23719, 10.44025]},
			"faces": {
				"north": {"uv": [10, 11.5, 10.5, 12], "texture": "#4", "tintindex": 0},
				"east": {"uv": [10, 11.5, 10.5, 12], "texture": "#4", "tintindex": 0},
				"south": {"uv": [10, 11.5, 10.5, 12], "texture": "#4", "tintindex": 0},
				"west": {"uv": [10, 11.5, 10.5, 12], "texture": "#4", "tintindex": 0},
				"up": {"uv": [10, 11.5, 10.5, 12], "texture": "#4", "tintindex": 0},
				"down": {"uv": [10, 11.5, 10.5, 12], "texture": "#4", "tintindex": 0}
			}
		},
		{
			"from": [8.815, 3.27917, 7.62123],
			"to": [9.015, 3.67917, 7.82123],
			"rotation": {"angle": -45, "axis": "x", "origin": [8.955, 3.49917, 8.02123]},
			"faces": {
				"north": {"uv": [10, 11.5, 10.5, 12], "texture": "#4", "tintindex": 0},
				"east": {"uv": [10, 11.5, 10.5, 12], "texture": "#4", "tintindex": 0},
				"south": {"uv": [10, 11.5, 10.5, 12], "texture": "#4", "tintindex": 0},
				"west": {"uv": [10, 11.5, 10.5, 12], "texture": "#4", "tintindex": 0},
				"up": {"uv": [10, 11.5, 10.5, 12], "texture": "#4", "tintindex": 0},
				"down": {"uv": [10, 11.5, 10.5, 12], "texture": "#4", "tintindex": 0}
			}
		},
		{
			"from": [8.5, 0.87917, 7.12123],
			"to": [8.7, 1.27917, 7.32123],
			"rotation": {"angle": -45, "axis": "z", "origin": [8.94, 3.49917, 8.02123]},
			"faces": {
				"north": {"uv": [10, 11.5, 10.5, 12], "texture": "#4", "tintindex": 0},
				"east": {"uv": [10, 11.5, 10.5, 12], "texture": "#4", "tintindex": 0},
				"south": {"uv": [10, 11.5, 10.5, 12], "texture": "#4", "tintindex": 0},
				"west": {"uv": [10, 11.5, 10.5, 12], "texture": "#4", "tintindex": 0},
				"up": {"uv": [10, 11.5, 10.5, 12], "texture": "#4", "tintindex": 0},
				"down": {"uv": [10, 11.5, 10.5, 12], "texture": "#4", "tintindex": 0}
			}
		},
		{
			"from": [8.43, 4.40917, 6.62123],
			"to": [8.83, 4.60917, 6.82123],
			"rotation": {"angle": 22.5, "axis": "y", "origin": [8.94, 3.49917, 8.02123]},
			"faces": {
				"north": {"uv": [10, 11.5, 10.5, 12], "rotation": 270, "texture": "#4", "tintindex": 0},
				"east": {"uv": [10, 11.5, 10.5, 12], "rotation": 90, "texture": "#4", "tintindex": 0},
				"south": {"uv": [10, 11.5, 10.5, 12], "rotation": 90, "texture": "#4", "tintindex": 0},
				"west": {"uv": [10, 11.5, 10.5, 12], "rotation": 90, "texture": "#4", "tintindex": 0},
				"up": {"uv": [10, 11.5, 10.5, 12], "rotation": 90, "texture": "#4", "tintindex": 0},
				"down": {"uv": [10, 11.5, 10.5, 12], "rotation": 90, "texture": "#4", "tintindex": 0}
			}
		},
		{
			"from": [6.985, 2.95, 14.55],
			"to": [7.185, 3.35, 14.75],
			"rotation": {"angle": 22.5, "axis": "x", "origin": [7.085, 3.145, 15]},
			"faces": {
				"north": {"uv": [10, 11.5, 10.5, 12], "texture": "#3", "tintindex": 0},
				"east": {"uv": [10, 11.5, 10.5, 12], "texture": "#3", "tintindex": 0},
				"south": {"uv": [10, 11.5, 10.5, 12], "texture": "#3", "tintindex": 0},
				"west": {"uv": [10, 11.5, 10.5, 12], "texture": "#3", "tintindex": 0},
				"up": {"uv": [10, 11.5, 10.5, 12], "texture": "#3", "tintindex": 0},
				"down": {"uv": [10, 11.5, 10.5, 12], "texture": "#3", "tintindex": 0}
			}
		},
		{
			"from": [8.2, 2.04858, 16.11064],
			"to": [8.4, 2.24858, 16.51064],
			"rotation": {"angle": 0, "axis": "x", "origin": [7.1, 2.28858, 17.08064]},
			"faces": {
				"north": {"uv": [10, 11.5, 10.5, 12], "rotation": 180, "texture": "#3", "tintindex": 0},
				"east": {"uv": [10, 11.5, 10.5, 12], "rotation": 90, "texture": "#3", "tintindex": 0},
				"south": {"uv": [10, 11.5, 10.5, 12], "texture": "#3", "tintindex": 0},
				"west": {"uv": [10, 11.5, 10.5, 12], "rotation": 270, "texture": "#3", "tintindex": 0},
				"up": {"uv": [10, 11.5, 10.5, 12], "texture": "#3", "tintindex": 0},
				"down": {"uv": [10, 11.5, 10.5, 12], "rotation": 180, "texture": "#3", "tintindex": 0}
			}
		},
		{
			"from": [8.7, 4.09016, 10.93059],
			"to": [8.9, 4.49016, 11.13059],
			"rotation": {"angle": 45, "axis": "z", "origin": [8.7, 4.14516, 11.03059]},
			"faces": {
				"north": {"uv": [10, 11.5, 10.5, 12], "texture": "#3", "tintindex": 0},
				"east": {"uv": [10, 11.5, 10.5, 12], "texture": "#3", "tintindex": 0},
				"south": {"uv": [10, 11.5, 10.5, 12], "texture": "#3", "tintindex": 0},
				"west": {"uv": [10, 11.5, 10.5, 12], "texture": "#3", "tintindex": 0},
				"up": {"uv": [10, 11.5, 10.5, 12], "texture": "#3", "tintindex": 0},
				"down": {"uv": [10, 11.5, 10.5, 12], "texture": "#3", "tintindex": 0}
			}
		},
		{
			"from": [8.715, 4.99516, 8.73059],
			"to": [8.915, 5.39516, 8.93059],
			"rotation": {"angle": -45, "axis": "x", "origin": [8.715, 4.14516, 11.03059]},
			"faces": {
				"north": {"uv": [10, 11.5, 10.5, 12], "texture": "#3", "tintindex": 0},
				"east": {"uv": [10, 11.5, 10.5, 12], "texture": "#3", "tintindex": 0},
				"south": {"uv": [10, 11.5, 10.5, 12], "texture": "#3", "tintindex": 0},
				"west": {"uv": [10, 11.5, 10.5, 12], "texture": "#3", "tintindex": 0},
				"up": {"uv": [10, 11.5, 10.5, 12], "texture": "#3", "tintindex": 0},
				"down": {"uv": [10, 11.5, 10.5, 12], "texture": "#3", "tintindex": 0}
			}
		},
		{
			"from": [7.7, 2.05993, 7.28544],
			"to": [7.9, 2.25993, 7.68544],
			"rotation": {"angle": 0, "axis": "x", "origin": [8.8, 1.63493, 7.03544]},
			"faces": {
				"north": {"uv": [10, 11.5, 10.5, 12], "rotation": 180, "texture": "#3", "tintindex": 0},
				"east": {"uv": [10, 11.5, 10.5, 12], "rotation": 90, "texture": "#3", "tintindex": 0},
				"south": {"uv": [10, 11.5, 10.5, 12], "texture": "#3", "tintindex": 0},
				"west": {"uv": [10, 11.5, 10.5, 12], "rotation": 270, "texture": "#3", "tintindex": 0},
				"up": {"uv": [10, 11.5, 10.5, 12], "texture": "#3", "tintindex": 0},
				"down": {"uv": [10, 11.5, 10.5, 12], "rotation": 180, "texture": "#3", "tintindex": 0}
			}
		},
		{
			"from": [6.99, 4.45993, 6.48544],
			"to": [7.19, 4.65993, 6.88544],
			"rotation": {"angle": -45, "axis": "z", "origin": [6.8, 4.15993, 6.28544]},
			"faces": {
				"north": {"uv": [10, 11.5, 10.5, 12], "rotation": 180, "texture": "#3", "tintindex": 0},
				"east": {"uv": [10, 11.5, 10.5, 12], "rotation": 90, "texture": "#3", "tintindex": 0},
				"south": {"uv": [10, 11.5, 10.5, 12], "texture": "#3", "tintindex": 0},
				"west": {"uv": [10, 11.5, 10.5, 12], "rotation": 270, "texture": "#3", "tintindex": 0},
				"up": {"uv": [10, 11.5, 10.5, 12], "texture": "#3", "tintindex": 0},
				"down": {"uv": [10, 11.5, 10.5, 12], "rotation": 180, "texture": "#3", "tintindex": 0}
			}
		},
		{
			"from": [6.985, 2.35, 11.85],
			"to": [7.185, 2.75, 12.05],
			"rotation": {"angle": 22.5, "axis": "x", "origin": [7.085, 3.145, 15]},
			"faces": {
				"north": {"uv": [10, 11.5, 10.5, 12], "texture": "#3", "tintindex": 0},
				"east": {"uv": [10, 11.5, 10.5, 12], "texture": "#3", "tintindex": 0},
				"south": {"uv": [10, 11.5, 10.5, 12], "texture": "#3", "tintindex": 0},
				"west": {"uv": [10, 11.5, 10.5, 12], "texture": "#3", "tintindex": 0},
				"up": {"uv": [10, 11.5, 10.5, 12], "texture": "#3", "tintindex": 0},
				"down": {"uv": [10, 11.5, 10.5, 12], "texture": "#3", "tintindex": 0}
			}
		},
		{
			"from": [6.985, 2.35, 15.35],
			"to": [7.185, 2.75, 15.55],
			"rotation": {"angle": 22.5, "axis": "x", "origin": [7.085, 3.145, 15]},
			"faces": {
				"north": {"uv": [10, 11.5, 10.5, 12], "texture": "#1", "tintindex": 0},
				"east": {"uv": [10, 11.5, 10.5, 12], "texture": "#1", "tintindex": 0},
				"south": {"uv": [10, 11.5, 10.5, 12], "texture": "#1", "tintindex": 0},
				"west": {"uv": [10, 11.5, 10.5, 12], "texture": "#1", "tintindex": 0},
				"up": {"uv": [10, 11.5, 10.5, 12], "texture": "#1", "tintindex": 0},
				"down": {"uv": [10, 11.5, 10.5, 12], "texture": "#1", "tintindex": 0}
			}
		},
		{
			"from": [8.8, 3.70156, 16.4075],
			"to": [9, 3.90156, 16.8075],
			"rotation": {"angle": 45, "axis": "x", "origin": [9.1, 2.50156, 14.6225]},
			"faces": {
				"north": {"uv": [10, 11.5, 10.5, 12], "rotation": 180, "texture": "#1", "tintindex": 0},
				"east": {"uv": [10, 11.5, 10.5, 12], "rotation": 270, "texture": "#1", "tintindex": 0},
				"south": {"uv": [10, 11.5, 10.5, 12], "texture": "#1", "tintindex": 0},
				"west": {"uv": [10, 11.5, 10.5, 12], "rotation": 90, "texture": "#1", "tintindex": 0},
				"up": {"uv": [10, 11.5, 10.5, 12], "rotation": 180, "texture": "#1", "tintindex": 0},
				"down": {"uv": [10, 11.5, 10.5, 12], "texture": "#1", "tintindex": 0}
			}
		},
		{
			"from": [6.985, 1.75, 12.55],
			"to": [7.185, 2.15, 12.75],
			"rotation": {"angle": 22.5, "axis": "x", "origin": [7.085, 3.145, 15]},
			"faces": {
				"north": {"uv": [10, 11.5, 10.5, 12], "texture": "#1", "tintindex": 0},
				"east": {"uv": [10, 11.5, 10.5, 12], "texture": "#1", "tintindex": 0},
				"south": {"uv": [10, 11.5, 10.5, 12], "texture": "#1", "tintindex": 0},
				"west": {"uv": [10, 11.5, 10.5, 12], "texture": "#1", "tintindex": 0},
				"up": {"uv": [10, 11.5, 10.5, 12], "texture": "#1", "tintindex": 0},
				"down": {"uv": [10, 11.5, 10.5, 12], "texture": "#1", "tintindex": 0}
			}
		},
		{
			"from": [8, 4.64361, 10.76586],
			"to": [8.2, 4.84361, 11.16586],
			"rotation": {"angle": 0, "axis": "x", "origin": [7.1, 4.75361, 11.39086]},
			"faces": {
				"north": {"uv": [10, 11.5, 10.5, 12], "rotation": 180, "texture": "#1", "tintindex": 0},
				"east": {"uv": [10, 11.5, 10.5, 12], "rotation": 270, "texture": "#1", "tintindex": 0},
				"south": {"uv": [10, 11.5, 10.5, 12], "texture": "#1", "tintindex": 0},
				"west": {"uv": [10, 11.5, 10.5, 12], "rotation": 90, "texture": "#1", "tintindex": 0},
				"up": {"uv": [10, 11.5, 10.5, 12], "rotation": 180, "texture": "#1", "tintindex": 0},
				"down": {"uv": [10, 11.5, 10.5, 12], "texture": "#1", "tintindex": 0}
			}
		},
		{
			"from": [8.715, 4.23361, 8.36586],
			"to": [8.915, 4.63361, 8.56586],
			"rotation": {"angle": -45, "axis": "x", "origin": [8.815, 4.72861, 8.86586]},
			"faces": {
				"north": {"uv": [10, 11.5, 10.5, 12], "rotation": 180, "texture": "#1", "tintindex": 0},
				"east": {"uv": [10, 11.5, 10.5, 12], "rotation": 180, "texture": "#1", "tintindex": 0},
				"south": {"uv": [10, 11.5, 10.5, 12], "rotation": 180, "texture": "#1", "tintindex": 0},
				"west": {"uv": [10, 11.5, 10.5, 12], "rotation": 180, "texture": "#1", "tintindex": 0},
				"up": {"uv": [10, 11.5, 10.5, 12], "texture": "#1", "tintindex": 0},
				"down": {"uv": [10, 11.5, 10.5, 12], "texture": "#1", "tintindex": 0}
			}
		},
		{
			"from": [8.5, 2.05585, 6.68529],
			"to": [8.7, 2.25585, 7.08529],
			"rotation": {"angle": 0, "axis": "x", "origin": [8.8, 2.11585, 6.67029]},
			"faces": {
				"north": {"uv": [10, 11.5, 10.5, 12], "rotation": 180, "texture": "#1", "tintindex": 0},
				"east": {"uv": [10, 11.5, 10.5, 12], "rotation": 270, "texture": "#1", "tintindex": 0},
				"south": {"uv": [10, 11.5, 10.5, 12], "texture": "#1", "tintindex": 0},
				"west": {"uv": [10, 11.5, 10.5, 12], "rotation": 90, "texture": "#1", "tintindex": 0},
				"up": {"uv": [10, 11.5, 10.5, 12], "rotation": 180, "texture": "#1", "tintindex": 0},
				"down": {"uv": [10, 11.5, 10.5, 12], "texture": "#1", "tintindex": 0}
			}
		},
		{
			"from": [7, 3.55585, 6.16529],
			"to": [7.2, 3.75585, 6.56529],
			"rotation": {"angle": -22.5, "axis": "x", "origin": [7.1, 3.45585, 6.88529]},
			"faces": {
				"north": {"uv": [10, 11.5, 10.5, 12], "rotation": 180, "texture": "#1", "tintindex": 0},
				"east": {"uv": [10, 11.5, 10.5, 12], "rotation": 270, "texture": "#1", "tintindex": 0},
				"south": {"uv": [10, 11.5, 10.5, 12], "texture": "#1", "tintindex": 0},
				"west": {"uv": [10, 11.5, 10.5, 12], "rotation": 90, "texture": "#1", "tintindex": 0},
				"up": {"uv": [10, 11.5, 10.5, 12], "rotation": 180, "texture": "#1", "tintindex": 0},
				"down": {"uv": [10, 11.5, 10.5, 12], "texture": "#1", "tintindex": 0}
			}
		},
		{
			"from": [7.4, -1.1, 13.7],
			"to": [8.6, 2.6, 15],
			"rotation": {"angle": -22.5, "axis": "x", "origin": [8, 4.5, 15]},
			"faces": {
				"north": {"uv": [13, 0, 14, 3.5], "texture": "#0"},
				"east": {"uv": [12, 0, 13, 3.5], "texture": "#0"},
				"south": {"uv": [11, 0, 12, 3.5], "texture": "#0"},
				"west": {"uv": [10, 0, 11, 3.5], "texture": "#0"},
				"up": {"uv": [0, 0, 0, 0], "texture": "#0"},
				"down": {"uv": [11, 3.5, 10, 4.5], "texture": "#0"}
			}
		},
		{
			"from": [7.6, 0.85032, 12.96977],
			"to": [8.45, 1.45032, 15.16977],
			"rotation": {"angle": 0, "axis": "y", "origin": [7.5, 7.95032, 7.96977]},
			"faces": {
				"north": {"uv": [0, 0, 0, 0], "texture": "#0"},
				"east": {"uv": [9, 0, 10, 0.5], "texture": "#0"},
				"south": {"uv": [0, 0, 0, 0], "texture": "#0"},
				"west": {"uv": [9, 0, 10, 0.5], "texture": "#0"},
				"up": {"uv": [9, 0, 10, 0.5], "rotation": 90, "texture": "#0"},
				"down": {"uv": [9, 0, 10, 0.5], "rotation": 90, "texture": "#0"}
			}
		},
		{
			"from": [7.8, 1.575, 14.125],
			"to": [8.2, 2.3, 14.45],
			"faces": {
				"north": {"uv": [8.5, 0, 9, 0.5], "texture": "#0"},
				"east": {"uv": [8.5, 0, 9, 0.5], "texture": "#0"},
				"south": {"uv": [8.5, 0, 9, 0.5], "texture": "#0"},
				"west": {"uv": [8.5, 0, 9, 0.5], "texture": "#0"},
				"up": {"uv": [8.5, 0, 9, 0.5], "texture": "#0"},
				"down": {"uv": [8.5, 0, 9, 0.5], "texture": "#0"}
			}
		},
		{
			"from": [7.2, 1, 12.45],
			"to": [8.8, 2.25, 13.2],
			"rotation": {"angle": 0, "axis": "y", "origin": [8, 7.95, 7.5]},
			"faces": {
				"north": {"uv": [5.5, 3.5, 4.5, 4.5], "texture": "#0", "tintindex": 0},
				"east": {"uv": [5.5, 3.5, 4.5, 4.5], "texture": "#0", "tintindex": 0},
				"south": {"uv": [5.5, 3.5, 4.5, 4.5], "texture": "#0", "tintindex": 0},
				"west": {"uv": [5.5, 3.5, 4.5, 4.5], "texture": "#0", "tintindex": 0},
				"up": {"uv": [5.5, 3.5, 4.5, 4.5], "texture": "#0", "tintindex": 0},
				"down": {"uv": [5.5, 3.5, 4.5, 4.5], "texture": "#0", "tintindex": 0}
			}
		},
		{
			"from": [7.6, 4.395, 9.695],
			"to": [8.4, 4.63, 15.97],
			"rotation": {"angle": 0, "axis": "y", "origin": [8.4, 7.4, 6]},
			"faces": {
				"north": {"uv": [0, 0, 0, 0], "texture": "#0"},
				"east": {"uv": [15.5, 0, 16, 13.5], "rotation": 270, "texture": "#0", "tintindex": 0},
				"south": {"uv": [0, 0, 0, 0], "texture": "#0"},
				"west": {"uv": [14.5, 0, 15, 13.5], "rotation": 90, "texture": "#0", "tintindex": 0},
				"up": {"uv": [15, 0, 15.5, 12.5], "texture": "#0", "tintindex": 0},
				"down": {"uv": [0, 0, 0, 0], "texture": "#0"}
			}
		},
		{
			"from": [7.601, 6.50416, 14.87996],
			"to": [8.399, 6.80416, 15.20416],
			"rotation": {"angle": 45, "axis": "x", "origin": [8, 4.4, 12.8]},
			"faces": {
				"north": {"uv": [0, 0, 0, 0], "texture": "#0"},
				"east": {"uv": [15.5, 0.5, 16, 0], "rotation": 270, "texture": "#0", "tintindex": 0},
				"south": {"uv": [0, 0, 0, 0], "texture": "#0"},
				"west": {"uv": [14.5, 0.5, 15, 0], "rotation": 90, "texture": "#0", "tintindex": 0},
				"up": {"uv": [14.5, 0.5, 15, 0], "texture": "#0", "tintindex": 0},
				"down": {"uv": [0, 0, 0, 0], "texture": "#0"}
			}
		},
		{
			"from": [8.234, 3.6, 11.9],
			"to": [8.8, 4, 16.199],
			"rotation": {"angle": -45, "axis": "z", "origin": [8.8, 4, 10.5]},
			"faces": {
				"north": {"uv": [0, 1.5, 0.5, 2], "texture": "#0"},
				"east": {"uv": [0, 0, 0, 0], "texture": "#0"},
				"south": {"uv": [9.5, 1, 10, 1.5], "texture": "#0", "tintindex": 0},
				"west": {"uv": [0, 0, 0, 0], "texture": "#0"},
				"up": {"uv": [6, 1, 2, 1.5], "rotation": 270, "texture": "#0", "tintindex": 0},
				"down": {"uv": [0, 0, 0, 0], "texture": "#0"}
			}
		},
		{
			"from": [7.2, 2.245, 9.2],
			"to": [8.8, 3.145, 16.2],
			"faces": {
				"north": {"uv": [0, 1, 2, 3], "texture": "#0", "tintindex": 0},
				"east": {"uv": [8, 2.5, 2, 3.5], "texture": "#0", "tintindex": 0},
				"west": {"uv": [2, 2.5, 8, 3.5], "texture": "#0", "tintindex": 0},
				"up": {"uv": [2, 2.5, 3, 3], "texture": "#0"},
				"down": {"uv": [2, 3.5, 8, 5.5], "rotation": 270, "texture": "#0", "tintindex": 0}
			}
		},
		{
			"from": [7.2, 3.145, 11.9],
			"to": [8.8, 4, 16.2],
			"faces": {
				"north": {"uv": [0, 1.5, 2, 3.5], "texture": "#0", "tintindex": 0},
				"east": {"uv": [8, 1.5, 4.5, 2.5], "texture": "#0", "tintindex": 0},
				"west": {"uv": [4.5, 1.5, 8, 2.5], "texture": "#0", "tintindex": 0},
				"up": {"uv": [0, 0, 0, 0], "texture": "#0"},
				"down": {"uv": [2, 3.5, 8, 5.5], "rotation": 270, "texture": "#0", "tintindex": 0}
			}
		},
		{
			"from": [7.2, 3.145, 9.7],
			"to": [7.3, 4, 11.9],
			"faces": {
				"north": {"uv": [3, 2.5, 2, 3.5], "texture": "#0", "tintindex": 0},
				"east": {"uv": [3, 2.5, 2, 3.5], "texture": "#0", "tintindex": 0},
				"south": {"uv": [3, 2.5, 2, 3.5], "texture": "#0", "tintindex": 0},
				"west": {"uv": [3, 2.5, 2, 3.5], "texture": "#0", "tintindex": 0},
				"up": {"uv": [3, 2.5, 2, 3.5], "texture": "#0", "tintindex": 0},
				"down": {"uv": [3, 2.5, 2, 3.5], "texture": "#0", "tintindex": 0}
			}
		},
		{
			"from": [8.8, 3.045, 12.5],
			"to": [8.9, 3.4, 14.6],
			"rotation": {"angle": 22.5, "axis": "x", "origin": [8.85, 3.2225, 13.55]},
			"faces": {
				"north": {"uv": [5, 3.5, 2, 4], "texture": "#0", "tintindex": 0},
				"east": {"uv": [5, 3.5, 2, 4], "rotation": 180, "texture": "#0", "tintindex": 0},
				"south": {"uv": [5, 3.5, 2, 4], "texture": "#0", "tintindex": 0},
				"west": {"uv": [5, 3.5, 2, 4], "texture": "#0", "tintindex": 0},
				"up": {"uv": [5, 3.5, 2, 4], "texture": "#0", "tintindex": 0},
				"down": {"uv": [5, 3.5, 2, 4], "texture": "#0", "tintindex": 0}
			}
		},
		{
			"from": [7.3, 3.15, 7.2],
			"to": [8.7, 4.6, 9.7],
			"faces": {
				"north": {"uv": [0, 1.5, 2, 3.5], "texture": "#0", "tintindex": 0},
				"east": {"uv": [0, 1.5, 2, 3.5], "texture": "#0", "tintindex": 0},
				"south": {"uv": [0, 1.5, 2, 3.5], "texture": "#0", "tintindex": 0},
				"west": {"uv": [0, 1.5, 2, 3.5], "texture": "#0", "tintindex": 0},
				"up": {"uv": [0, 1.5, 2, 3.5], "texture": "#0", "tintindex": 0},
				"down": {"uv": [0, 1.5, 2, 3.5], "texture": "#0", "tintindex": 0}
			}
		},
		{
			"from": [7.5, 4.595, 7.2],
			"to": [8.5, 4.695, 9.7],
			"faces": {
				"north": {"uv": [3.5, 1, 2, 1.5], "texture": "#0", "tintindex": 0},
				"east": {"uv": [3.5, 1, 2, 1.5], "texture": "#0", "tintindex": 0},
				"south": {"uv": [3.5, 1, 2, 1.5], "texture": "#0", "tintindex": 0},
				"west": {"uv": [3.5, 1, 2, 1.5], "texture": "#0", "tintindex": 0},
				"up": {"uv": [3.5, 1, 2, 1.5], "texture": "#0", "tintindex": 0},
				"down": {"uv": [3.5, 1, 2, 1.5], "texture": "#0", "tintindex": 0}
			}
		},
		{
			"from": [7.495, 4.695, 7.2],
			"to": [8.5, 4.795, 9.85],
			"faces": {
				"north": {"uv": [2, 0, 2.5, 0.5], "texture": "#0", "tintindex": 0},
				"east": {"uv": [2, 0, 2.5, 0.5], "texture": "#0", "tintindex": 0},
				"south": {"uv": [2, 0, 2.5, 0.5], "texture": "#0", "tintindex": 0},
				"west": {"uv": [2, 0, 2.5, 0.5], "texture": "#0", "tintindex": 0},
				"up": {"uv": [2, 0, 2.5, 0.5], "texture": "#0", "tintindex": 0},
				"down": {"uv": [2, 0, 2.5, 0.5], "texture": "#0", "tintindex": 0}
			}
		},
		{
			"from": [7.495, 4.795, 7.2],
			"to": [8.5, 4.895, 8.05],
			"faces": {
				"north": {"uv": [2, 0, 2.5, 0.5], "texture": "#0", "tintindex": 0},
				"east": {"uv": [2, 0, 2.5, 0.5], "texture": "#0", "tintindex": 0},
				"south": {"uv": [2, 0, 2.5, 0.5], "texture": "#0", "tintindex": 0},
				"west": {"uv": [2, 0, 2.5, 0.5], "texture": "#0", "tintindex": 0},
				"up": {"uv": [2, 0, 2.5, 0.5], "texture": "#0", "tintindex": 0},
				"down": {"uv": [2, 0, 2.5, 0.5], "texture": "#0", "tintindex": 0}
			}
		},
		{
			"from": [7.75, 4.795, 9.75],
			"to": [8.25, 4.895, 9.85],
			"faces": {
				"north": {"uv": [3, 0.5, 3.5, 1], "texture": "#0", "tintindex": 0},
				"east": {"uv": [3, 0.5, 3.5, 1], "texture": "#0", "tintindex": 0},
				"south": {"uv": [3, 0.5, 3.5, 1], "texture": "#0", "tintindex": 0},
				"west": {"uv": [3, 0.5, 3.5, 1], "texture": "#0", "tintindex": 0},
				"up": {"uv": [3, 0.5, 3.5, 1], "texture": "#0", "tintindex": 0},
				"down": {"uv": [3, 0.5, 3.5, 1], "texture": "#0", "tintindex": 0}
			}
		},
		{
			"from": [8.15, 4.695, 8.7],
			"to": [8.55, 4.945, 8.95],
			"rotation": {"angle": 45, "axis": "x", "origin": [8, 4.82, 8.825]},
			"faces": {
				"north": {"uv": [2, 0.5, 2.5, 1.5], "texture": "#0", "tintindex": 0},
				"east": {"uv": [2, 0.5, 2.5, 1.5], "texture": "#0", "tintindex": 0},
				"south": {"uv": [2, 0.5, 2.5, 1.5], "texture": "#0", "tintindex": 0},
				"west": {"uv": [2, 0.5, 2.5, 1.5], "texture": "#0", "tintindex": 0},
				"up": {"uv": [2, 0.5, 2.5, 1.5], "texture": "#0", "tintindex": 0},
				"down": {"uv": [2, 0.5, 2.5, 1.5], "texture": "#0", "tintindex": 0}
			}
		},
		{
			"from": [7.45, 4.695, 8.7],
			"to": [7.85, 4.945, 8.95],
			"rotation": {"angle": 45, "axis": "x", "origin": [8, 4.82, 8.825]},
			"faces": {
				"north": {"uv": [2, 0.5, 2.5, 1.5], "texture": "#0", "tintindex": 0},
				"east": {"uv": [2, 0.5, 2.5, 1.5], "texture": "#0", "tintindex": 0},
				"south": {"uv": [2, 0.5, 2.5, 1.5], "texture": "#0", "tintindex": 0},
				"west": {"uv": [2, 0.5, 2.5, 1.5], "texture": "#0", "tintindex": 0},
				"up": {"uv": [2, 0.5, 2.5, 1.5], "texture": "#0", "tintindex": 0},
				"down": {"uv": [2, 0.5, 2.5, 1.5], "texture": "#0", "tintindex": 0}
			}
		},
		{
			"from": [7.2, 3.6, 9.7],
			"to": [7.766, 4, 16.199],
			"rotation": {"angle": 45, "axis": "z", "origin": [7.2, 4, 10.5]},
			"faces": {
				"north": {"uv": [1.5, 1, 2, 1.5], "texture": "#0"},
				"east": {"uv": [0, 0, 0, 0], "texture": "#0"},
				"south": {"uv": [8, 1, 8.5, 1.5], "texture": "#0", "tintindex": 0},
				"west": {"uv": [0, 0, 0, 0], "texture": "#0"},
				"up": {"uv": [2, 1, 6, 1.5], "rotation": 90, "texture": "#0", "tintindex": 0},
				"down": {"uv": [0, 0, 0, 0], "texture": "#0"}
			}
		},
		{
			"from": [7.6, 4, 9.7],
			"to": [8.4, 4.4, 16.2],
			"faces": {
				"north": {"uv": [2, 0, 8, 1], "rotation": 90, "texture": "#0", "tintindex": 0},
				"east": {"uv": [2, 0, 3, 1], "rotation": 90, "texture": "#0", "tintindex": 0},
				"south": {"uv": [2, 0, 2.5, 1], "rotation": 90, "texture": "#0", "tintindex": 0},
				"west": {"uv": [2, 0, 8, 1], "rotation": 90, "texture": "#0", "tintindex": 0},
				"up": {"uv": [2, 0, 8, 1], "rotation": 90, "texture": "#0", "tintindex": 0},
				"down": {"uv": [2, 0, 8, 1], "rotation": 90, "texture": "#0", "tintindex": 0}
			}
		},
		{
			"from": [7.5, -0.73, 10.29],
			"to": [8.5, 1.07, 11.79],
			"rotation": {"angle": 22.5, "axis": "x", "origin": [8, -0.65, 11.82]},
			"faces": {
				"north": {"uv": [6, 8.5, 4.5, 10], "texture": "#0"},
				"east": {"uv": [6, 8.5, 4.5, 10], "texture": "#0"},
				"south": {"uv": [6, 8.5, 4.5, 10], "texture": "#0"},
				"west": {"uv": [6, 8.5, 4.5, 10], "texture": "#0"},
				"up": {"uv": [6, 8.5, 4.5, 10], "texture": "#0"},
				"down": {"uv": [6, 8.5, 4.5, 10], "texture": "#0"}
			}
		},
		{
			"from": [7.5, -2.535, 10.32],
			"to": [8.5, -0.735, 11.82],
			"rotation": {"angle": 45, "axis": "x", "origin": [8, -0.65, 11.82]},
			"faces": {
				"north": {"uv": [6, 8.5, 4.5, 10], "texture": "#0"},
				"east": {"uv": [6, 8.5, 4.5, 10], "texture": "#0"},
				"south": {"uv": [6, 8.5, 4.5, 10], "texture": "#0"},
				"west": {"uv": [6, 8.5, 4.5, 10], "texture": "#0"},
				"up": {"uv": [6, 8.5, 4.5, 10], "texture": "#0"},
				"down": {"uv": [6, 8.5, 4.5, 10], "texture": "#0"}
			}
		},
		{
			"from": [7.5, 0.95, 10.95],
			"to": [8.5, 2.25, 12.45],
			"rotation": {"angle": 0, "axis": "y", "origin": [0, 0, -0.5]},
			"faces": {
				"north": {"uv": [6, 7, 4.5, 8.5], "texture": "#0"},
				"east": {"uv": [6, 7, 4.5, 8.5], "texture": "#0"},
				"south": {"uv": [6, 7, 4.5, 8.5], "texture": "#0"},
				"west": {"uv": [6, 7, 4.5, 8.5], "texture": "#0"},
				"up": {"uv": [6, 7, 4.5, 8.5], "texture": "#0"},
				"down": {"uv": [6, 7, 4.5, 8.5], "texture": "#0"}
			}
		},
		{
			"from": [7.201, 1.77, 8.319],
			"to": [8.799, 2.52, 9.069],
			"rotation": {"angle": 45, "axis": "x", "origin": [8, 2.225, 8.81]},
			"faces": {
				"north": {"uv": [0, 15.5, 1, 16], "texture": "#0", "tintindex": 0},
				"east": {"uv": [0, 15.5, 1, 16], "texture": "#0", "tintindex": 0},
				"south": {"uv": [0, 15.5, 1, 16], "texture": "#0", "tintindex": 0},
				"west": {"uv": [0, 15.5, 1, 16], "texture": "#0", "tintindex": 0},
				"up": {"uv": [0, 15.5, 1, 16], "texture": "#0", "tintindex": 0},
				"down": {"uv": [0, 15.5, 1, 16], "texture": "#0", "tintindex": 0}
			}
		},
		{
			"from": [7.1, 2.15, 5.344],
			"to": [8.9, 4.04, 6.05],
			"rotation": {"angle": 0, "axis": "y", "origin": [8, 8.2, 5.7]},
			"faces": {
				"north": {"uv": [9.5, 6, 8.5, 7], "texture": "#0", "tintindex": 0},
				"east": {"uv": [10, 7, 8, 10], "texture": "#0", "tintindex": 0},
				"south": {"uv": [9.5, 6, 8.5, 7], "texture": "#0", "tintindex": 0},
				"west": {"uv": [10, 7, 8, 10], "texture": "#0", "tintindex": 0},
				"up": {"uv": [10, 7, 8, 10], "texture": "#0", "tintindex": 0},
				"down": {"uv": [8, 10, 10, 7], "rotation": 90, "texture": "#0", "tintindex": 0}
			}
		},
		{
			"from": [7.16, 3.6, 5.35],
			"to": [7.806, 4.1, 6.05],
			"rotation": {"angle": 45, "axis": "z", "origin": [7.2, 4, 9.5]},
			"faces": {
				"north": {"uv": [9.5, 7, 8.5, 6], "rotation": 270, "texture": "#0", "tintindex": 0},
				"east": {"uv": [10, 10, 8, 9], "rotation": 270, "texture": "#0", "tintindex": 0},
				"south": {"uv": [9.5, 7, 8.5, 6], "rotation": 270, "texture": "#0", "tintindex": 0},
				"west": {"uv": [10, 10, 8, 9], "rotation": 270, "texture": "#0", "tintindex": 0},
				"up": {"uv": [10, 10, 8, 9], "rotation": 270, "texture": "#0", "tintindex": 0},
				"down": {"uv": [10, 10, 8, 9], "rotation": 270, "texture": "#0", "tintindex": 0}
			}
		},
		{
			"from": [7.56, 4.15, 5.349],
			"to": [8.44, 4.5, 6.05],
			"rotation": {"angle": 0, "axis": "y", "origin": [8.4, 7.4, 6]},
			"faces": {
				"north": {"uv": [8.5, 6, 9.5, 7], "rotation": 90, "texture": "#0", "tintindex": 0},
				"east": {"uv": [8, 7, 10, 10], "rotation": 90, "texture": "#0", "tintindex": 0},
				"south": {"uv": [8.5, 6, 9.5, 7], "rotation": 90, "texture": "#0", "tintindex": 0},
				"west": {"uv": [8, 7, 10, 10], "rotation": 90, "texture": "#0", "tintindex": 0},
				"up": {"uv": [8, 7, 10, 10], "rotation": 90, "texture": "#0", "tintindex": 0},
				"down": {"uv": [8.5, 6, 9.5, 7], "rotation": 90, "texture": "#0", "tintindex": 0}
			}
		},
		{
			"from": [8.194, 3.6, 5.35],
			"to": [8.845, 4.1, 6.05],
			"rotation": {"angle": -45, "axis": "z", "origin": [8.8, 4, 9.5]},
			"faces": {
				"north": {"uv": [8.5, 6, 9.5, 7], "rotation": 90, "texture": "#0", "tintindex": 0},
				"east": {"uv": [8, 9, 10, 10], "rotation": 90, "texture": "#0", "tintindex": 0},
				"south": {"uv": [8.5, 6, 9.5, 7], "rotation": 90, "texture": "#0", "tintindex": 0},
				"west": {"uv": [8, 9, 10, 10], "rotation": 90, "texture": "#0", "tintindex": 0},
				"up": {"uv": [8, 9, 10, 10], "rotation": 90, "texture": "#0", "tintindex": 0},
				"down": {"uv": [8, 9, 10, 10], "rotation": 90, "texture": "#0", "tintindex": 0}
			}
		},
		{
			"from": [6.9, 2.642, 5.347],
			"to": [7.11, 3.148, 5.637],
			"rotation": {"angle": 22.5, "axis": "x", "origin": [7.055, 2.895, 5.692]},
			"faces": {
				"north": {"uv": [9.5, 6, 8.5, 7], "rotation": 180, "texture": "#0", "tintindex": 0},
				"east": {"uv": [9.5, 6, 8.5, 7], "rotation": 90, "texture": "#0", "tintindex": 0},
				"south": {"uv": [9.5, 6, 8.5, 7], "texture": "#0", "tintindex": 0},
				"west": {"uv": [9.5, 6, 8.5, 7], "rotation": 270, "texture": "#0", "tintindex": 0},
				"up": {"uv": [9.5, 6, 8.5, 7], "texture": "#0", "tintindex": 0},
				"down": {"uv": [9.5, 6, 8.5, 7], "rotation": 180, "texture": "#0", "tintindex": 0}
			}
		},
		{
			"from": [6.9, 2.642, 5.747],
			"to": [7.11, 3.148, 6.037],
			"rotation": {"angle": -22.5, "axis": "x", "origin": [7.055, 2.895, 5.692]},
			"faces": {
				"north": {"uv": [9.5, 6, 8.5, 7], "rotation": 180, "texture": "#0", "tintindex": 0},
				"east": {"uv": [9.5, 6, 8.5, 7], "rotation": 270, "texture": "#0", "tintindex": 0},
				"south": {"uv": [9.5, 6, 8.5, 7], "texture": "#0", "tintindex": 0},
				"west": {"uv": [9.5, 6, 8.5, 7], "rotation": 90, "texture": "#0", "tintindex": 0},
				"up": {"uv": [9.5, 6, 8.5, 7], "rotation": 180, "texture": "#0", "tintindex": 0},
				"down": {"uv": [9.5, 6, 8.5, 7], "texture": "#0", "tintindex": 0}
			}
		},
		{
			"from": [6.8, 3.25, 5.794],
			"to": [7.01, 3.64, 6.3],
			"rotation": {"angle": -22.5, "axis": "x", "origin": [7.055, 3.345, 6.147]},
			"faces": {
				"north": {"uv": [9.5, 6, 8.5, 7], "texture": "#0", "tintindex": 0},
				"east": {"uv": [9.5, 6, 8.5, 7], "texture": "#0", "tintindex": 0},
				"south": {"uv": [9.5, 6, 8.5, 7], "texture": "#0", "tintindex": 0},
				"west": {"uv": [9.5, 6, 8.5, 7], "texture": "#0", "tintindex": 0},
				"up": {"uv": [9.5, 6, 8.5, 7], "texture": "#0", "tintindex": 0},
				"down": {"uv": [9.5, 6, 8.5, 7], "texture": "#0", "tintindex": 0}
			}
		},
		{
			"from": [6.8, 3.25, 5.094],
			"to": [7.01, 3.64, 5.6],
			"rotation": {"angle": 22.5, "axis": "x", "origin": [7.005, 3.345, 5.247]},
			"faces": {
				"north": {"uv": [9.5, 6, 8.5, 7], "texture": "#0", "tintindex": 0},
				"east": {"uv": [9.5, 6, 8.5, 7], "texture": "#0", "tintindex": 0},
				"south": {"uv": [9.5, 6, 8.5, 7], "texture": "#0", "tintindex": 0},
				"west": {"uv": [9.5, 6, 8.5, 7], "texture": "#0", "tintindex": 0},
				"up": {"uv": [9.5, 6, 8.5, 7], "texture": "#0", "tintindex": 0},
				"down": {"uv": [9.5, 6, 8.5, 7], "texture": "#0", "tintindex": 0}
			}
		},
		{
			"from": [6.85, 3.15, 5.494],
			"to": [7.11, 3.44, 5.9],
			"rotation": {"angle": 0, "axis": "y", "origin": [8, 8.2, 5.7]},
			"faces": {
				"north": {"uv": [9.5, 6, 8.5, 7], "texture": "#0", "tintindex": 0},
				"east": {"uv": [9.5, 6, 8.5, 7], "texture": "#0", "tintindex": 0},
				"south": {"uv": [9.5, 6, 8.5, 7], "texture": "#0", "tintindex": 0},
				"west": {"uv": [9.5, 6, 8.5, 7], "texture": "#0", "tintindex": 0},
				"up": {"uv": [9.5, 6, 8.5, 7], "texture": "#0", "tintindex": 0},
				"down": {"uv": [9.5, 6, 8.5, 7], "texture": "#0", "tintindex": 0}
			}
		},
		{
			"from": [7.2, 2.25, 4.194],
			"to": [8.8, 3.25, 9.2],
			"rotation": {"angle": 0, "axis": "y", "origin": [8, 8.2, 5.7]},
			"faces": {
				"north": {"uv": [8, 15, 0, 16], "texture": "#0", "tintindex": 0},
				"east": {"uv": [0, 15, 6.5, 16], "texture": "#0", "tintindex": 0},
				"south": {"uv": [1, 15, 0, 16], "texture": "#0", "tintindex": 0},
				"west": {"uv": [6.5, 15, 0, 16], "texture": "#0", "tintindex": 0},
				"up": {"uv": [1, 15, 0, 16], "texture": "#0", "tintindex": 0},
				"down": {"uv": [2, 13, 4.5, 11], "rotation": 90, "texture": "#0", "tintindex": 0}
			}
		},
		{
			"from": [7.2, 3.25, 4.194],
			"to": [8.8, 4, 7.2],
			"rotation": {"angle": 0, "axis": "y", "origin": [8, 8.2, 5.7]},
			"faces": {
				"north": {"uv": [3.5, 13.5, 0, 14], "texture": "#0", "tintindex": 0},
				"east": {"uv": [3.5, 13.5, 0, 14], "texture": "#0", "tintindex": 0},
				"south": {"uv": [3.5, 13.5, 0, 14], "texture": "#0", "tintindex": 0},
				"west": {"uv": [3.5, 13.5, 0, 14], "texture": "#0", "tintindex": 0},
				"up": {"uv": [3.5, 13.5, 0, 14], "texture": "#0", "tintindex": 0},
				"down": {"uv": [3.5, 13.5, 0, 14], "texture": "#0", "tintindex": 0}
			}
		},
		{
			"from": [7.45, 3.25, 4.45],
			"to": [8.55, 3.5, 7.2],
			"faces": {
				"north": {"uv": [14.5, 15, 16, 16], "texture": "#0", "tintindex": 0},
				"east": {"uv": [14.5, 15.5, 16, 16], "texture": "#0", "tintindex": 0},
				"south": {"uv": [14.5, 15, 16, 16], "texture": "#0", "tintindex": 0},
				"west": {"uv": [14.5, 15.5, 16, 16], "texture": "#0", "tintindex": 0},
				"up": {"uv": [14.5, 15, 16, 16], "texture": "#0", "tintindex": 0},
				"down": {"uv": [14.5, 15, 16, 16], "texture": "#0", "tintindex": 0}
			}
		},
		{
			"from": [8.234, 3.6, 4.2],
			"to": [8.8, 4, 7.2],
			"rotation": {"angle": -45, "axis": "z", "origin": [8.8, 4, 9.5]},
			"faces": {
				"north": {"uv": [0, 11, 0.5, 11.5], "texture": "#0", "tintindex": 0},
				"east": {"uv": [0, 0, 0, 0], "texture": "#0"},
				"south": {"uv": [0, 13.5, 0.5, 14], "texture": "#0"},
				"west": {"uv": [0, 0, 0, 0], "texture": "#0"},
				"up": {"uv": [0, 13, 3.5, 13.5], "rotation": 90, "texture": "#0", "tintindex": 0},
				"down": {"uv": [0, 0, 0, 0], "texture": "#0"}
			}
		},
		{
			"from": [7.2, 2.25, 4],
			"to": [8.8, 4, 4.2],
			"rotation": {"angle": 0, "axis": "y", "origin": [8, 8.2, 5.7]},
			"faces": {
				"north": {"uv": [0, 11.5, 0.5, 12], "texture": "#0", "tintindex": 0},
				"east": {"uv": [0, 11.5, 0.5, 12.5], "texture": "#0", "tintindex": 0},
				"south": {"uv": [0, 11.5, 2, 12.5], "texture": "#0", "tintindex": 0},
				"west": {"uv": [1.5, 11.5, 2, 12.5], "texture": "#0", "tintindex": 0},
				"up": {"uv": [0, 11.5, 2, 12.5], "texture": "#0", "tintindex": 0},
				"down": {"uv": [0, 11.5, 2, 12.5], "texture": "#0", "tintindex": 0}
			}
		},
		{
			"from": [8.234, 3.6, 4],
			"to": [8.8, 4, 4.2],
			"rotation": {"angle": -45, "axis": "z", "origin": [8.8, 4, 9.5]},
			"faces": {
				"north": {"uv": [0.5, 11.5, 1, 12], "texture": "#0", "tintindex": 0},
				"east": {"uv": [0.5, 11.5, 1, 12], "texture": "#0", "tintindex": 0},
				"south": {"uv": [0.5, 11.5, 1, 12], "texture": "#0", "tintindex": 0},
				"west": {"uv": [0.5, 11.5, 1, 12], "texture": "#0", "tintindex": 0},
				"up": {"uv": [0.5, 11.5, 1, 12], "texture": "#0", "tintindex": 0},
				"down": {"uv": [0.5, 11.5, 1, 12], "texture": "#0", "tintindex": 0}
			}
		},
		{
			"from": [7.2, 3.6, 4.2],
			"to": [7.766, 4, 7.2],
			"rotation": {"angle": 45, "axis": "z", "origin": [7.2, 4, 9.5]},
			"faces": {
				"north": {"uv": [3.5, 13.5, 0, 13], "rotation": 270, "texture": "#0", "tintindex": 0},
				"east": {"uv": [3.5, 13.5, 0, 13], "rotation": 270, "texture": "#0", "tintindex": 0},
				"south": {"uv": [3.5, 13.5, 0, 13], "rotation": 270, "texture": "#0", "tintindex": 0},
				"west": {"uv": [3.5, 13.5, 0, 13], "rotation": 270, "texture": "#0", "tintindex": 0},
				"up": {"uv": [3.5, 13.5, 0, 13], "rotation": 270, "texture": "#0", "tintindex": 0},
				"down": {"uv": [3.5, 13.5, 0, 13], "rotation": 270, "texture": "#0", "tintindex": 0}
			}
		},
		{
			"from": [7.6, 4.15, 4.194],
			"to": [8.4, 4.4, 7.2],
			"rotation": {"angle": 0, "axis": "y", "origin": [8.4, 7.4, 6]},
			"faces": {
				"north": {"uv": [0, 13, 3.5, 13.5], "rotation": 90, "texture": "#0", "tintindex": 0},
				"east": {"uv": [0, 13, 3.5, 13.5], "rotation": 90, "texture": "#0", "tintindex": 0},
				"south": {"uv": [0, 13, 3.5, 13.5], "rotation": 90, "texture": "#0", "tintindex": 0},
				"west": {"uv": [0, 13, 3.5, 13.5], "rotation": 90, "texture": "#0", "tintindex": 0},
				"up": {"uv": [2, 10, 5.5, 11], "rotation": 90, "texture": "#0", "tintindex": 0},
				"down": {"uv": [0, 13, 3.5, 13.5], "rotation": 90, "texture": "#0", "tintindex": 0}
			}
		},
		{
			"from": [7.6, 3.95, 4],
			"to": [8.4, 4.4, 4.2],
			"rotation": {"angle": 0, "axis": "y", "origin": [8, 8.2, 5.7]},
			"faces": {
				"north": {"uv": [0, 11.5, 1, 12], "texture": "#0", "tintindex": 0},
				"east": {"uv": [0, 11.5, 2, 12.5], "texture": "#0", "tintindex": 0},
				"south": {"uv": [0, 11.5, 2, 12.5], "texture": "#0", "tintindex": 0},
				"west": {"uv": [0, 11.5, 2, 12.5], "texture": "#0", "tintindex": 0},
				"up": {"uv": [0, 12, 1, 12.5], "texture": "#0", "tintindex": 0},
				"down": {"uv": [0, 11.5, 2, 12.5], "texture": "#0", "tintindex": 0}
			}
		},
		{
			"from": [7.2, 3.6, 4],
			"to": [7.766, 4, 4.205],
			"rotation": {"angle": 45, "axis": "z", "origin": [7.2, 4, 9.5]},
			"faces": {
				"north": {"uv": [0, 11.5, 0.5, 12], "texture": "#0", "tintindex": 0},
				"east": {"uv": [1.5, 11.5, 2, 12], "texture": "#0", "tintindex": 0},
				"south": {"uv": [1.5, 11.5, 2, 12], "texture": "#0", "tintindex": 0},
				"west": {"uv": [1.5, 11.5, 2, 12], "texture": "#0", "tintindex": 0},
				"up": {"uv": [1.5, 11.5, 2, 12], "texture": "#0", "tintindex": 0},
				"down": {"uv": [1.5, 11.5, 2, 12], "texture": "#0", "tintindex": 0}
			}
		},
		{
			"from": [7.2, 3.25, 5.45],
			"to": [8.8, 3.5, 5.95],
			"faces": {
				"north": {"uv": [1.5, 14, 2, 14.5], "texture": "#0", "tintindex": 0},
				"east": {"uv": [1.5, 14, 2, 14.5], "texture": "#0", "tintindex": 0},
				"south": {"uv": [1.5, 14, 2, 14.5], "texture": "#0", "tintindex": 0},
				"west": {"uv": [1.5, 14, 2, 14.5], "texture": "#0", "tintindex": 0},
				"up": {"uv": [1.5, 14, 2, 14.5], "texture": "#0", "tintindex": 0},
				"down": {"uv": [1.5, 14, 2, 14.5], "texture": "#0", "tintindex": 0}
			}
		},
		{
			"from": [7.6, 2.3, 4.249],
			"to": [8.4, 3.4, 9.699],
			"rotation": {"angle": 0, "axis": "y", "origin": [8, 8, 5.7]},
			"faces": {
				"north": {"uv": [0.5, 11, 1.5, 13], "texture": "#0", "tintindex": 0},
				"east": {"uv": [0, 0, 0, 0], "texture": "#0"},
				"south": {"uv": [0, 0, 0, 0], "texture": "#0"},
				"west": {"uv": [0, 0, 0, 0], "texture": "#0"},
				"up": {"uv": [0, 13, 7.5, 13.5], "rotation": 90, "texture": "#0", "tintindex": 0},
				"down": {"uv": [0, 15.5, 7.5, 16], "rotation": 270, "texture": "#0", "tintindex": 0}
			}
		},
		{
			"from": [7.9, 3.35, -0.05],
			"to": [8.1, 4.795, 0.35],
			"rotation": {"angle": 0, "axis": "y", "origin": [0, 0, -1]},
			"faces": {
				"north": {"uv": [7.5, 13, 8, 13.5], "texture": "#0"},
				"east": {"uv": [7.5, 13, 8, 13.5], "texture": "#0"},
				"south": {"uv": [7.5, 13, 8, 13.5], "texture": "#0"},
				"west": {"uv": [7.5, 13, 8, 13.5], "texture": "#0"},
				"up": {"uv": [7.5, 13, 8, 13.5], "texture": "#0"},
				"down": {"uv": [7.5, 13, 8, 13.5], "texture": "#0"}
			}
		},
		{
			"from": [7.8, 4.825, -0.05],
			"to": [7.9, 4.975, 0.35],
			"rotation": {"angle": 0, "axis": "y", "origin": [0, 0.225, -1]},
			"faces": {
				"north": {"uv": [7.5, 13, 8, 13.5], "texture": "#0"},
				"east": {"uv": [7.5, 13, 8, 13.5], "texture": "#0"},
				"south": {"uv": [7.5, 13, 8, 13.5], "texture": "#0"},
				"west": {"uv": [7.5, 13, 8, 13.5], "texture": "#0"},
				"up": {"uv": [7.5, 13, 8, 13.5], "texture": "#0"},
				"down": {"uv": [7.5, 13, 8, 13.5], "texture": "#0"}
			}
		},
		{
			"from": [7.725, 4.755, -0.05],
			"to": [7.825, 4.896, 0.35],
			"rotation": {"angle": 45, "axis": "z", "origin": [7.85, 4.95, 0.15]},
			"faces": {
				"north": {"uv": [7.5, 13, 8, 13.5], "texture": "#0"},
				"east": {"uv": [7.5, 13, 8, 13.5], "texture": "#0"},
				"south": {"uv": [7.5, 13, 8, 13.5], "texture": "#0"},
				"west": {"uv": [7.5, 13, 8, 13.5], "texture": "#0"},
				"up": {"uv": [7.5, 13, 8, 13.5], "texture": "#0"},
				"down": {"uv": [7.5, 13, 8, 13.5], "texture": "#0"}
			}
		},
		{
			"from": [7.9965, 4.9015, -0.05],
			"to": [8.0965, 5.0425, 0.35],
			"rotation": {"angle": -45, "axis": "z", "origin": [7.885, 4.80893, 0.15]},
			"faces": {
				"north": {"uv": [7.5, 13, 8, 13.5], "texture": "#0"},
				"east": {"uv": [7.5, 13, 8, 13.5], "texture": "#0"},
				"south": {"uv": [7.5, 13, 8, 13.5], "texture": "#0"},
				"west": {"uv": [7.5, 13, 8, 13.5], "texture": "#0"},
				"up": {"uv": [7.5, 13, 8, 13.5], "texture": "#0"},
				"down": {"uv": [7.5, 13, 8, 13.5], "texture": "#0"}
			}
		},
		{
			"from": [8.1, 4.825, -0.05],
			"to": [8.2, 4.975, 0.35],
			"rotation": {"angle": 0, "axis": "y", "origin": [0, 0.225, -1]},
			"faces": {
				"north": {"uv": [7.5, 13, 8, 13.5], "texture": "#0"},
				"east": {"uv": [7.5, 13, 8, 13.5], "texture": "#0"},
				"south": {"uv": [7.5, 13, 8, 13.5], "texture": "#0"},
				"west": {"uv": [7.5, 13, 8, 13.5], "texture": "#0"},
				"up": {"uv": [7.5, 13, 8, 13.5], "texture": "#0"},
				"down": {"uv": [7.5, 13, 8, 13.5], "texture": "#0"}
			}
		},
		{
			"from": [7.5, 2.55, -0.4],
			"to": [7.75, 3.15, 9.7],
			"rotation": {"angle": 0, "axis": "y", "origin": [0, -0.75, -1]},
			"faces": {
				"north": {"uv": [7.5, 13.5, 8, 14], "texture": "#0"},
				"east": {"uv": [7.5, 13, 8, 13.5], "texture": "#0"},
				"south": {"uv": [0, 0, 0, 0], "texture": "#0"},
				"west": {"uv": [7.5, 14.5, 16, 15], "texture": "#0"},
				"up": {"uv": [0, 0, 0, 0], "texture": "#0"},
				"down": {"uv": [0, 0, 0, 0], "texture": "#0"}
			}
		},
		{
			"from": [7.325, 2.73, 1.975],
			"to": [7.75, 3.15, 1.98],
			"rotation": {"angle": 45, "axis": "z", "origin": [7.625, 2.85, 1.975]},
			"faces": {
				"north": {"uv": [8.5, 9, 9.5, 10], "texture": "#0"},
				"south": {"uv": [4.5, 10.5, 5, 11], "texture": "#0"}
			}
		},
		{
			"from": [8.025, 2.03, 1.975],
			"to": [8.45, 2.45, 1.98],
			"rotation": {"angle": 45, "axis": "z", "origin": [7.625, 2.85, 1.975]},
			"faces": {
				"north": {"uv": [8.5, 9, 9.5, 10], "texture": "#0"},
				"south": {"uv": [4.5, 10.5, 5, 11], "texture": "#0"}
			}
		},
		{
			"from": [7.325, 2.02, 2.575],
			"to": [7.75, 2.44, 2.58],
			"rotation": {"angle": 45, "axis": "z", "origin": [7.625, 2.85, 1.975]},
			"faces": {
				"north": {"uv": [8.5, 9, 9.5, 10], "texture": "#0"},
				"south": {"uv": [4.5, 10.5, 5, 11], "texture": "#0"}
			}
		},
		{
			"from": [8.025, 2.73, 1.38],
			"to": [8.45, 3.15, 1.385],
			"rotation": {"angle": 45, "axis": "z", "origin": [7.625, 2.85, 1.975]},
			"faces": {
				"north": {"uv": [8.5, 9, 9.5, 10], "texture": "#0"},
				"south": {"uv": [4.5, 10.5, 5, 11], "texture": "#0"}
			}
		},
		{
			"from": [7.42929, 3.12071, -0.399],
			"to": [7.62929, 3.40271, 9.701],
			"rotation": {"angle": -45, "axis": "z", "origin": [7.5, 3.05, 0]},
			"faces": {
				"north": {"uv": [7.5, 13.5, 8, 14], "texture": "#0"},
				"east": {"uv": [0, 0, 0, 0], "texture": "#0"},
				"south": {"uv": [0, 0, 0, 0], "texture": "#0"},
				"west": {"uv": [7.5, 14, 16, 14.5], "texture": "#0"},
				"up": {"uv": [0, 0, 0, 0], "texture": "#0"},
				"down": {"uv": [0, 0, 0, 0], "texture": "#0"}
			}
		},
		{
			"from": [7.7, 3.1, -0.4],
			"to": [8.3, 3.35, 9.7],
			"rotation": {"angle": 0, "axis": "y", "origin": [0, -0.75, -1]},
			"faces": {
				"north": {"uv": [7.5, 13.5, 8, 14], "texture": "#0"},
				"east": {"uv": [0, 0, 0, 0], "texture": "#0"},
				"south": {"uv": [0, 0, 0, 0], "texture": "#0"},
				"west": {"uv": [0, 0, 0, 0], "texture": "#0"},
				"up": {"uv": [7.5, 13.5, 16, 14], "rotation": 90, "texture": "#0"},
				"down": {"uv": [8, 13, 7.5, 13.5], "texture": "#0"}
			}
		},
		{
			"from": [7.7, 3.6, 2.55],
			"to": [8.3, 4.2, 4],
			"rotation": {"angle": -45, "axis": "z", "origin": [8, 3.9, 1.825]},
			"faces": {
				"north": {"uv": [15.5, 14.5, 16, 15], "rotation": 90, "texture": "#0"},
				"east": {"uv": [14.5, 13.5, 16, 15], "rotation": 90, "texture": "#0"},
				"south": {"uv": [14.5, 13.5, 16, 15], "rotation": 90, "texture": "#0"},
				"west": {"uv": [14.5, 13.5, 15, 15], "rotation": 90, "texture": "#0"},
				"up": {"uv": [14.5, 13.5, 16, 14], "rotation": 90, "texture": "#0"},
				"down": {"uv": [14.5, 13.5, 16, 15], "rotation": 90, "texture": "#0"}
			}
		},
		{
			"from": [8.37071, 3.12071, -0.399],
			"to": [8.57071, 3.40271, 9.701],
			"rotation": {"angle": 45, "axis": "z", "origin": [8.5, 3.05, 0]},
			"faces": {
				"north": {"uv": [7.5, 13.5, 8, 14], "texture": "#0"},
				"east": {"uv": [7.5, 14, 16, 14.5], "rotation": 180, "texture": "#0"},
				"south": {"uv": [0, 0, 0, 0], "texture": "#0"},
				"west": {"uv": [0, 0, 0, 0], "texture": "#0"},
				"up": {"uv": [0, 0, 0, 0], "texture": "#0"},
				"down": {"uv": [0, 0, 0, 0], "texture": "#0"}
			}
		},
		{
			"from": [8.25, 2.55, -0.4],
			"to": [8.5, 3.15, 9.7],
			"rotation": {"angle": 0, "axis": "y", "origin": [0, -0.75, -1]},
			"faces": {
				"north": {"uv": [7.5, 13.5, 8, 14], "texture": "#0"},
				"east": {"uv": [7.5, 14.5, 16, 15], "rotation": 180, "texture": "#0"},
				"south": {"uv": [0, 0, 0, 0], "texture": "#0"},
				"west": {"uv": [7.5, 13, 8, 13.5], "texture": "#0"},
				"up": {"uv": [0, 0, 0, 0], "texture": "#0"},
				"down": {"uv": [0, 0, 0, 0], "texture": "#0"}
			}
		},
		{
			"from": [8.22929, 2.23871, -0.399],
			"to": [8.42929, 2.52071, 9.701],
			"rotation": {"angle": -45, "axis": "z", "origin": [8.5, 2.45, 0]},
			"faces": {
				"north": {"uv": [7.5, 13.5, 8, 14], "texture": "#0"},
				"east": {"uv": [7.5, 15, 16, 15.5], "rotation": 180, "texture": "#0"},
				"south": {"uv": [0, 0, 0, 0], "texture": "#0"},
				"west": {"uv": [0, 0, 0, 0], "texture": "#0"},
				"up": {"uv": [0, 0, 0, 0], "texture": "#0"},
				"down": {"uv": [0, 0, 0, 0], "texture": "#0"}
			}
		},
		{
			"from": [7.7, 2.35, -0.4],
			"to": [8.3, 2.6, 9.7],
			"rotation": {"angle": 0, "axis": "y", "origin": [0, -0.75, -1]},
			"faces": {
				"north": {"uv": [7.5, 13.5, 8, 14], "texture": "#0"},
				"east": {"uv": [0, 0, 0, 0], "texture": "#0"},
				"south": {"uv": [0, 0, 0, 0], "texture": "#0"},
				"west": {"uv": [0, 0, 0, 0], "texture": "#0"},
				"up": {"uv": [8, 13.5, 7.5, 13], "texture": "#0"},
				"down": {"uv": [7.5, 15.5, 16, 16], "rotation": 270, "texture": "#0"}
			}
		},
		{
			"from": [7.57071, 2.23871, -0.399],
			"to": [7.77071, 2.52071, 9.701],
			"rotation": {"angle": 45, "axis": "z", "origin": [7.5, 2.45, 0]},
			"faces": {
				"north": {"uv": [7.5, 13.5, 8, 14], "texture": "#0"},
				"east": {"uv": [0, 0, 0, 0], "texture": "#0"},
				"south": {"uv": [0, 0, 0, 0], "texture": "#0"},
				"west": {"uv": [7.5, 15, 16, 15.5], "texture": "#0"},
				"up": {"uv": [0, 0, 0, 0], "texture": "#0"},
				"down": {"uv": [0, 0, 0, 0], "texture": "#0"}
			}
		},
		{
			"from": [7.575, 3.21, 2.55],
			"to": [8.425, 3.9, 3.995],
			"rotation": {"angle": 0, "axis": "x", "origin": [8, 3.9, 3.275]},
			"faces": {
				"north": {"uv": [15.5, 14.5, 16, 15], "rotation": 270, "texture": "#0"},
				"east": {"uv": [14.5, 13.5, 16, 14.5], "texture": "#0"},
				"south": {"uv": [14.5, 13.5, 16, 15], "rotation": 90, "texture": "#0"},
				"west": {"uv": [14.5, 13.5, 16, 14.5], "rotation": 180, "texture": "#0"},
				"up": {"uv": [14.5, 13.5, 16, 15], "rotation": 270, "texture": "#0"},
				"down": {"uv": [14.5, 13.5, 16, 15], "rotation": 90, "texture": "#0"}
			}
		},
		{
			"from": [7.2023, 3.314, 16.199],
			"to": [8.7973, 3.98505, 17.3],
			"rotation": {"angle": 22.5, "axis": "x", "origin": [7.99995, 4.00005, 16.25]},
			"faces": {
				"north": {"uv": [8, 10, 9, 11], "rotation": 180, "texture": "#0"},
				"east": {"uv": [8, 10, 9, 11], "rotation": 180, "texture": "#0"},
				"south": {"uv": [8, 10, 9, 11], "rotation": 180, "texture": "#0"},
				"west": {"uv": [8, 10, 9, 11], "rotation": 180, "texture": "#0"},
				"up": {"uv": [8, 10, 9, 11], "rotation": 180, "texture": "#0"},
				"down": {"uv": [8, 10, 9, 11], "rotation": 180, "texture": "#0"}
			}
		},
		{
			"from": [7.5, 3.60009, 18.24974],
			"to": [8.5, 3.90009, 21.35],
			"rotation": {"angle": 0, "axis": "y", "origin": [8, 7.60009, 8.45]},
			"faces": {
				"north": {"uv": [0.5, 5.5, 1.5, 6], "texture": "#0"},
				"east": {"uv": [0, 0, 0, 0], "texture": "#0"},
				"south": {"uv": [0.5, 6, 1.5, 6.5], "texture": "#0"},
				"west": {"uv": [0, 0, 0, 0], "texture": "#0"},
				"up": {"uv": [4.5, 11.5, 8, 12.5], "rotation": 90, "texture": "#0"},
				"down": {"uv": [0, 0, 0, 0], "texture": "#0"}
			}
		},
		{
			"from": [14.48088, 1.13037, 18.24974],
			"to": [14.90508, 1.40307, 21.349],
			"rotation": {"angle": 45, "axis": "z", "origin": [8.18837, -6.28715, 19.55]},
			"faces": {
				"north": {"uv": [1.5, 5.5, 2, 6], "texture": "#0"},
				"east": {"uv": [0, 0, 0, 0], "texture": "#0"},
				"south": {"uv": [1, 6.5, 1.5, 7], "texture": "#0"},
				"west": {"uv": [0, 0, 0, 0], "texture": "#0"},
				"up": {"uv": [4.5, 12.5, 8, 13], "rotation": 90, "texture": "#0"},
				"down": {"uv": [0, 0, 0, 0], "texture": "#0"}
			}
		},
		{
			"from": [7.20005, 0.75005, 20.85],
			"to": [8.80005, 1.85005, 21.35],
			"rotation": {"angle": 0, "axis": "y", "origin": [8.05005, 8.20005, 8.45]},
			"faces": {
				"east": {"uv": [4.5, 12, 5.5, 13], "rotation": 180, "texture": "#0"},
				"west": {"uv": [0, 8, 1, 9], "rotation": 180, "texture": "#0"},
				"up": {"uv": [0, 5.5, 2, 9], "rotation": 180, "texture": "#0"},
				"down": {"uv": [0, 5.5, 2, 9], "rotation": 180, "texture": "#0"}
			}
		},
		{
			"from": [7.20005, 1.85005, 18.25],
			"to": [8.80005, 3.60005, 21.35],
			"rotation": {"angle": 0, "axis": "y", "origin": [8.05005, 8.20005, 8.45]},
			"faces": {
				"east": {"uv": [4.5, 11, 8, 13], "texture": "#0"},
				"west": {"uv": [8, 11, 4.5, 13], "texture": "#0"},
				"up": {"uv": [4.5, 11, 8, 13], "texture": "#0"},
				"down": {"uv": [4.5, 11, 8, 13], "texture": "#0"}
			}
		},
		{
			"from": [7.2021, 2.2451, 16.2],
			"to": [8.7981, 3.6001, 18.25],
			"rotation": {"angle": 0, "axis": "y", "origin": [8.05005, 8.95, 5.88726]},
			"faces": {
				"east": {"uv": [8, 10.5, 10, 12], "texture": "#0"},
				"west": {"uv": [10, 10.5, 8, 12], "texture": "#0"},
				"up": {"uv": [8, 10, 10, 10.5], "texture": "#0"},
				"down": {"uv": [8, 10, 10, 10.5], "texture": "#0"}
			}
		},
		{
			"from": [7.2023, 1.33168, 17.41248],
			"to": [8.7973, 2.43164, 21.27094],
			"rotation": {"angle": 22.5, "axis": "x", "origin": [8.0001, 2.10366, 19.59348]},
			"faces": {
				"north": {"uv": [4.5, 11, 8, 12.5], "texture": "#0"},
				"east": {"uv": [8, 12, 11, 13], "texture": "#0"},
				"south": {"uv": [4.5, 11, 8, 12.5], "texture": "#0"},
				"west": {"uv": [11, 12, 8, 13], "texture": "#0"},
				"up": {"uv": [4.5, 11, 8, 12.5], "texture": "#0"},
				"down": {"uv": [2, 11, 4.5, 13], "rotation": 90, "texture": "#0"}
			}
		},
		{
			"from": [1.09492, 1.13037, 18.25079],
			"to": [1.51912, 1.40307, 21.349],
			"rotation": {"angle": -45, "axis": "z", "origin": [7.81163, -6.28715, 19.55]},
			"faces": {
				"north": {"uv": [0, 5.5, 0.5, 6], "texture": "#0"},
				"east": {"uv": [0, 0, 0, 0], "texture": "#0"},
				"south": {"uv": [1, 6.5, 1.5, 7], "texture": "#0"},
				"west": {"uv": [0, 0, 0, 0], "texture": "#0"},
				"up": {"uv": [4.5, 12.5, 8, 13], "rotation": 90, "texture": "#0"},
				"down": {"uv": [0, 0, 0, 0], "texture": "#0"}
			}
		},
		{
			"from": [14.48088, 1.13037, 21.34974],
			"to": [14.90508, 1.40307, 21.549],
			"rotation": {"angle": 45, "axis": "z", "origin": [8.18837, -6.28715, 19.65]},
			"faces": {
				"north": {"uv": [0, 0, 0, 0], "texture": "#0"},
				"east": {"uv": [0, 0, 0, 0], "texture": "#0"},
				"south": {"uv": [2.5, 5, 3, 5.5], "texture": "#0"},
				"west": {"uv": [0, 0, 0, 0], "texture": "#0"},
				"up": {"uv": [6, 1, 8, 1.5], "rotation": 90, "texture": "#0"},
				"down": {"uv": [0, 0, 0, 0], "texture": "#0"}
			}
		},
		{
			"from": [7.5, 3.60009, 21.34974],
			"to": [8.5, 3.90009, 21.55],
			"rotation": {"angle": 0, "axis": "y", "origin": [8, 7.60009, 8.55]},
			"faces": {
				"north": {"uv": [0, 0, 0, 0], "texture": "#0"},
				"east": {"uv": [0, 0, 0, 0], "texture": "#0"},
				"south": {"uv": [2.5, 5, 3.5, 5.5], "texture": "#0"},
				"west": {"uv": [0, 0, 0, 0], "texture": "#0"},
				"up": {"uv": [6, 1, 8, 1.5], "rotation": 90, "texture": "#0"},
				"down": {"uv": [0, 0, 0, 0], "texture": "#0"}
			}
		},
		{
			"from": [1.09492, 1.13037, 21.35079],
			"to": [1.51912, 1.40307, 21.549],
			"rotation": {"angle": -45, "axis": "z", "origin": [7.81163, -6.28715, 19.65]},
			"faces": {
				"north": {"uv": [0, 0, 0, 0], "texture": "#0"},
				"east": {"uv": [0, 0, 0, 0], "texture": "#0"},
				"south": {"uv": [2.5, 5, 3.5, 5.5], "texture": "#0"},
				"west": {"uv": [0, 0, 0, 0], "texture": "#0"},
				"up": {"uv": [6, 1, 8, 1.5], "rotation": 90, "texture": "#0"},
				"down": {"uv": [0, 0, 0, 0], "texture": "#0"}
			}
		},
		{
			"from": [7.20005, 0.75005, 21.35],
			"to": [8.80005, 3.60005, 21.55],
			"rotation": {"angle": 0, "axis": "y", "origin": [8.05005, 8.20005, 8.55]},
			"faces": {
				"east": {"uv": [2, 5.5, 2.5, 9], "rotation": 180, "texture": "#0"},
				"south": {"uv": [2.5, 5.5, 3.5, 9], "texture": "#0"},
				"west": {"uv": [2, 5.5, 2.5, 9], "texture": "#0"},
				"up": {"uv": [4, 1.5, 5, 5], "texture": "#0"},
				"down": {"uv": [2, 8, 2.5, 9], "rotation": 270, "texture": "#0"}
			}
		}
	],
	"display": {
		"thirdperson_righthand": {
			"translation": [0, 6.5, -6.75],
			"scale": [1.1, 1.1, 1.1]
		},
		"firstperson_righthand": {
			"translation": [-3.5, 8.5, 0],
			"scale": [0.8, 0.8, 0.8]
		},
		"firstperson_lefthand": {
			"translation": [3.75, -3.25, 0]
		},
		"ground": {
			"translation": [0, 5, -1]
		},
		"gui": {
			"rotation": [30, 225, 0],
			"translation": [1.25, 4.5, 0],
			"scale": [1.2, 1.2, 1.2]
		},
		"fixed": {
			"rotation": [0, 90, 0],
			"translation": [-3.25, 11.25, -2],
			"scale": [2, 2, 2]
		}
	},
	"groups": [
		{
			"name": "Wires",
			"origin": [7.1, 4.12556, 6.37055],
			"color": 0,
			"children": [
				0,
				1,
				2,
				3,
				4,
				5,
				6,
				7,
				8,
				9,
				10,
				11,
				12,
				13,
				14,
				15,
				16,
				17,
				18,
				19,
				20,
				21,
				22,
				23,
				24,
				{
					"name": "Lights",
					"origin": [0, 0, 0],
					"color": 0,
					"children": [25, 26, 27, 28, 29, 30, 31, 32, 33, 34, 35, 36, 37, 38, 39, 40, 41, 42, 43, 44, 45, 46, 47, 48, 49, 50, 51, 52, 53]
				}
			]
		},
		{
			"name": "AKM",
			"origin": [8, 4.4, 12.8],
			"color": 0,
			"children": [
				{
					"name": "Grip",
					"origin": [8, 7.95, 7.5],
					"color": 0,
					"children": [54, 55, 56, 57]
				},
				{
					"name": "Receiver",
					"origin": [0, 0, 0],
					"color": 0,
					"children": [58, 59, 60, 61, 62, 63, 64, 65, 66, 67, 68, 69, 70, 71, 72, 73]
				},
				{
					"name": "Magazine",
					"origin": [0, 0, -0.5],
					"color": 0,
					"children": [74, 75, 76]
				},
				{
					"name": "HandGuard",
					"origin": [7.2, 4, 9.5],
					"color": 0,
					"children": [
						77,
						{
							"name": "Ribbon",
							"origin": [8, 8.2, 5.7],
							"color": 0,
							"children": [78, 79, 80, 81, 82, 83, 84, 85, 86]
						},
						87,
						88,
						89,
						90,
						91,
						92,
						93,
						94,
						95,
						96,
						97,
						98
					]
				},
				{
					"name": "Barrel",
					"origin": [8, 3.9, 3.275],
					"color": 0,
					"children": [99, 100, 101, 102, 103, 104, 105, 106, 107, 108, 109, 110, 111, 112, 113, 114, 115, 116, 117]
				},
				{
					"name": "Stock",
					"origin": [8, 8, 8],
					"color": 0,
					"children": [118, 119, 120, 121, 122, 123, 124, 125, 126, 127, 128, 129]
				}
			]
		}
	]
}