{
  "item.scar_l.fire": {
    "subtitle": "subtitle.cgm.fire",
    "sounds": [
      { "name": "moguns:item/scar_l_fire" }
    ]
  },
  "item.scar_l.suppressed_fire": {
    "subtitle": "subtitle.cgm.fire.silenced",
    "sounds": [
      { "name": "moguns:item/scar_l_suppressed_fire" }
    ]
  },
  "item.scar_l.cock": {
    "subtitle": "subtitle.scar_l.cock",
    "sounds": [
      { "name": "moguns:item/scar_l_cock" }
    ]
  },
  "item.g36c.fire": {
    "subtitle": "subtitle.cgm.fire",
    "sounds": [
      { "name": "moguns:item/g36c_fire" }
    ]
  },
  "item.g36c.suppressed_fire": {
    "subtitle": "subtitle.cgm.fire.silenced",
    "sounds": [
      { "name": "moguns:item/g36c_suppressed_fire" }
    ]
  },
  "item.g36c.cock": {
    "subtitle": "subtitle.g36c.cock",
    "sounds": [
      { "name": "moguns:item/g36c_cock" }
    ]
  },
  "item.trashcan.boom": {
    "subtitle": "subtitle.trashcan.boom",
    "sounds": [
      { "name": "moguns:item/boom" }
    ]
  },
  "item.trashcan.reload": {
    "subtitle": "subtitle.trashcan.reload",
    "sounds": [
      { "name": "moguns:item/trashcanreload" }
    ]
  },
  "item.big_iron.fire": {
    "subtitle": "subtitle.big_iron.pew",
    "sounds": [
      { "name": "moguns:item/big_iron" }
    ]
  },
  "item.akm.fire": {
    "subtitle": "subtitle.cgm.fire",
    "sounds": [
      { "name": "moguns:item/akm_fire" }
    ]
  },
  "item.akm.cock": {
    "subtitle": "subtitle.akm.cock",
    "sounds": [
      { "name": "moguns:item/akm_cock" }
    ]
  },
  "item.as_val.fire": {
    "subtitle": "subtitle.cgm.fire",
    "sounds": [
      { "name": "moguns:item/as_val_fire" }
    ]
  },
  "item.as_val.cock": {
    "subtitle": "subtitle.as_val.cock",
    "sounds": [
      { "name": "moguns:item/as_val_cock" }
    ]
  },
  "item.thompson.fire": {
    "subtitle": "subtitle.cgm.fire",
    "sounds": [
      { "name": "moguns:item/thompson_fire" }
    ]
  },
  "item.thompson.cock": {
    "subtitle": "subtitle.thompson.cock",
    "sounds": [
      { "name": "moguns:item/thompson_cock" }
    ]
  },
  "item.m16a1.fire": {
    "subtitle": "subtitle.cgm.fire",
    "sounds": [
      { "name": "moguns:item/m16a1_fire" }
    ]
  },
  "item.m16a1.cock": {
    "subtitle": "subtitle.m16a1.cock",
    "sounds": [
      { "name": "moguns:item/m16a1_cock" }
    ]
  },
  "item.famas.fire": {
    "subtitle": "subtitle.cgm.fire",
    "sounds": [
      { "name": "moguns:item/famas_fire" }
    ]
  },
  "item.famas.cock": {
    "subtitle": "subtitle.famas.cock",
    "sounds": [
      { "name": "moguns:item/famas_cock" }
    ]
  },
  "item.m1_garand.fire": {
    "subtitle": "subtitle.cgm.fire",
    "sounds": [
      { "name": "moguns:item/m1_garand_fire" }
    ]
  },
  "item.m1_garand.cock": {
    "subtitle": "subtitle.m1_garand.cock",
    "sounds": [
      { "name": "moguns:item/m1_garand_cock" }
    ]
  },
  "item.m1_garand.ping": {
    "subtitle": "subtitle.m1_garand.ping",
    "sounds": [
      { "name": "moguns:item/m1_garand_ping" }
    ]
  },
  "item.benelli.fire": {
    "subtitle": "subtitle.cgm.fire",
    "sounds": [
      { "name": "moguns:item/benelli_fire" }
    ]
  }
  ,
  "item.benelli.cock": {
    "subtitle": "subtitle.benelli.cock",
    "sounds": [
      { "name": "moguns:item/benelli_cock" }
    ]
  },
  "item.glock.fire": {
    "subtitle": "subtitle.cgm.fire",
    "sounds": [
      { "name": "moguns:item/m1911_fire" }
    ]
  },
  "item.glock.cock": {
    "subtitle": "subtitle.glock.cock",
    "sounds": [
      { "name": "moguns:item/m1911_cock" }
    ]
  },
  "item.glock.suppressed_fire": {
    "subtitle": "subtitle.cgm.fire.silenced",
    "sounds": [
      { "name": "moguns:item/glock_suppressed_fire" }
    ]
  },
  "item.m14_ebr.fire": {
    "subtitle": "subtitle.cgm.fire",
    "sounds": [
      { "name": "moguns:item/m14_ebr_fire" }
    ]
  },
  "item.m14_ebr.cock": {
    "subtitle": "subtitle.m14_ebr.cock",
    "sounds": [
      { "name": "moguns:item/m14_ebr_cock" }
    ]
  },
  "item.m1911.fire": {
    "subtitle": "subtitle.cgm.fire",
    "sounds": [
      { "name": "moguns:item/m1911_fire" }
    ]
  },
  "item.m1911.cock": {
    "subtitle": "subtitle.m1911.cock",
    "sounds": [
      { "name": "moguns:item/m1911_cock" }
    ]
  },
  "item.mossberg.fire": {
    "subtitle": "subtitle.cgm.fire",
    "sounds": [
      { "name": "moguns:item/mossberg_fire" }
    ]
  },
  "item.mossberg.cock": {
    "subtitle": "subtitle.mossberg.cock",
    "sounds": [
      { "name": "moguns:item/mossberg_cock" }
    ]
  },
  "item.remington_870.fire": {
    "subtitle": "subtitle.cgm.fire",
    "sounds": [
      { "name": "moguns:item/remington_870_fire" }
    ]
  },
  "item.remington_870.cock": {
    "subtitle": "subtitle.remington_870.cock",
    "sounds": [
      { "name": "moguns:item/remington_870_cock" }
    ]
  },
  "item.uzi.fire": {
    "subtitle": "subtitle.cgm.fire",
    "sounds": [
      { "name": "moguns:item/uzi_fire" }
    ]
  },
  "item.welrod.fire": {
    "subtitle": "subtitle.cgm.fire",
    "sounds": [
      { "name": "moguns:item/welrod_fire" }
    ]
  },
  "item.welrod.cock": {
    "subtitle": "subtitle.welrod.cock",
    "sounds": [
      { "name": "moguns:item/welrod_cock" }
    ]
  },
  "item.glockest_glock.fire": {
    "subtitle": "subtitle.cgm.fire",
    "sounds": [
      { "name": "moguns:item/glockest_glock_fire" }
    ]
  },
  "item.glockest_glock.cock": {
    "subtitle": "subtitle.glockest_glock.cock",
    "sounds": [
      { "name": "moguns:item/glockest_glock_cock" }
    ]
  },
  "item.glockest_glock.reload": {
    "subtitle": "subtitle.glockest_glock.reload",
    "sounds": [
      { "name": "moguns:item/glockest_glock_reload" }
    ]
  },
  "item.baker.fire": {
    "subtitle": "subtitle.cgm.fire",
    "sounds": [
      { "name": "moguns:item/baker_fire" }
    ]
  },
  "item.baker.cock": {
    "subtitle": "subtitle.baker.cock",
    "sounds": [
      { "name": "moguns:item/baker_cock" }
    ]
  },
  "item.lanchester.fire": {
    "subtitle": "subtitle.cgm.fire",
    "sounds": [
      { "name": "moguns:item/lanchester_fire" }
    ]
  },
  "item.lanchester.cock": {
    "subtitle": "subtitle.lanchester.cock",
    "sounds": [
      { "name": "moguns:item/lanchester_cock" }
    ]
  },
  "item.mp5.fire": {
    "subtitle": "subtitle.cgm.fire",
    "sounds": [
      { "name": "moguns:item/mp5_fire" }
    ]
  },
  "item.mp5.cock": {
    "subtitle": "subtitle.mp5.cock",
    "sounds": [
      { "name": "moguns:item/mp5_cock" }
    ]
  },
  "item.ppsh_41.fire": {
    "subtitle": "subtitle.cgm.fire",
    "sounds": [
      { "name": "moguns:item/ppsh_41_fire" }
    ]
  },
  "item.ppsh_41.cock": {
    "subtitle": "subtitle.ppsh_41.cock",
    "sounds": [
      { "name": "moguns:item/ppsh_41_cock" }
    ]
  },
  "item.wrapped_rifle.fire": {
    "subtitle": "subtitle.cgm.fire",
    "sounds": [
      { "name": "moguns:item/wrapped_rifle_fire" }
    ]
  },
  "item.wrapped_rifle.cock": {
    "subtitle": "subtitle.wrapped_rifle.cock",
    "sounds": [
      { "name": "moguns:item/wrapped_rifle_cock" }
    ]
  },
  "item.hellfire.fire": {
    "subtitle": "subtitle.cgm.fire",
    "sounds": [
      { "name": "moguns:item/hellfire_fire" }
    ]
  }
}